{"data": {"2010": {"ASM": 0.4313196296568101, "ATG": 0.475050405397549, "ABW": 0.3990704371554249, "BHS": 0.436143411306852, "BRB": 0.373609501639728, "BLZ": 0.464824109326525, "VGB": 0.3925319545642956, "CPV": 0.426110018775532, "COM": 0.52961830128444, "CUB": 0.421389347777565, "DMA": 0.415377486258332, "DOM": 0.421818441946186, "FJI": 0.431723623100551, "PYF": 0.4080729778738279, "GRD": 0.382255710920963, "GUM": 0.3513992947471446, "GNB": 0.661522867671654, "GUY": 0.49375316808245, "HTI": 0.537709177658745, "JAM": 0.430721219114068, "KIR": 0.5212114075724352, "MDV": 0.535078207988865, "MHL": 0.4994497413722755, "MUS": 0.429282787754904, "FSM": 0.586518504967882, "NRU": 0.3598953942793555, "NCL": 0.3569294689887759, "MNP": 0.3596993145475902, "PLW": 0.3834605714042942, "PNG": 0.552871095305386, "PRI": 0.3439284370422527, "KNA": 0.422161677258405, "LCA": 0.364165157037745, "VCT": 0.4093724541949035, "WSM": 0.484491087708238, "STP": 0.521849223511314, "SYC": 0.461905284427388, "SGP": 0.386789172164201, "SXM": 0.3990676120681377, "SLB": 0.594528903273214, "SUR": 0.390764528856373, "TLS": 0.527918384433483, "TON": 0.575788487234172, "TTO": 0.37943797561062, "TUV": 0.4649640652642685, "VIR": 0.3484993433606292, "VUT": 0.562532378794039, "AIA": 0.4188027524463406, "COK": 0.4188027524463406, "CUW": 0.3894360121247068, "MSR": 0.4188027524463406, "NIU": 0.4188027524463406}, "2011": {"ASM": 0.4638605673479204, "ATG": 0.474826851391279, "ABW": 0.3950003640529106, "BHS": 0.433300370374754, "BRB": 0.365784115985879, "BLZ": 0.460956593485487, "VGB": 0.3910451700904483, "CPV": 0.422834183343986, "COM": 0.529233783329438, "CUB": 0.431994812072262, "DMA": 0.417507135772514, "DOM": 0.417447006289357, "FJI": 0.434120004601702, "PYF": 0.3952277260861994, "GRD": 0.380833005534424, "GUM": 0.358189093492166, "GNB": 0.65420839583995, "GUY": 0.481686631149385, "HTI": 0.537719480064315, "JAM": 0.428552272491476, "KIR": 0.5224966035226415, "MDV": 0.533716875789119, "MHL": 0.5123037519554641, "MUS": 0.420757062299698, "FSM": 0.585994102868508, "NRU": 0.3719358204013298, "NCL": 0.3715218221375047, "MNP": 0.3648132787095461, "PLW": 0.4131338662402837, "PNG": 0.541205580257838, "PRI": 0.3424404693531016, "KNA": 0.426034875687737, "LCA": 0.363207659998337, "VCT": 0.4265293755178798, "WSM": 0.488493656298681, "STP": 0.521014751272387, "SYC": 0.477414848659684, "SGP": 0.388948032025285, "SXM": 0.4157880015777789, "SLB": 0.592074463757355, "SUR": 0.386181379197183, "TLS": 0.517984098717137, "TON": 0.54951432153581, "TTO": 0.376826749421661, "TUV": 0.4053624844713032, "VIR": 0.3533549847203199, "VUT": 0.548808746854941, "AIA": 0.4183207707904907, "COK": 0.4183207707904907, "CUW": 0.3669564666871587, "MSR": 0.4183207707904907, "NIU": 0.4183207707904907}, "2012": {"ASM": 0.441653776067595, "AIA": 0.4399376428372624, "ATG": 0.475940631773924, "ABW": 0.3974249136638513, "BHS": 0.431876752044974, "BRB": 0.355785779138877, "BLZ": 0.459014638956761, "VGB": 0.3877527812519836, "CPV": 0.436600282810079, "COM": 0.52802868019493, "COK": 0.4399376428372624, "CUB": 0.419399356060417, "DMA": 0.420666600769084, "DOM": 0.420286549612259, "FJI": 0.433855880281444, "PYF": 0.4114295559217056, "GRD": 0.380066783955556, "GUM": 0.3371973354840127, "GNB": 0.64207691619246, "GUY": 0.47257092775425, "HTI": 0.538639702671685, "JAM": 0.425753001005963, "KIR": 0.5459958280631335, "MDV": 0.522148757387733, "MHL": 0.4326243784152903, "MUS": 0.413454075375033, "FSM": 0.586200326078687, "MSR": 0.4399376428372624, "NRU": 0.364300352738515, "NCL": 0.3942991720683869, "NIU": 0.4399376428372624, "MNP": 0.3965877559115018, "PLW": 0.4339941116987089, "PNG": 0.53887136591676, "PRI": 0.3377524686681563, "KNA": 0.423748107355887, "LCA": 0.356942967681444, "VCT": 0.4090189868491227, "WSM": 0.47217303028887, "STP": 0.51819052051822, "SYC": 0.451195005648819, "SGP": 0.387974216558743, "SXM": 0.4162561806809765, "SLB": 0.592298474200583, "SUR": 0.387990654132501, "TLS": 0.512324764807754, "TON": 0.575603336626301, "TTO": 0.368039464097158, "TUV": 0.4325490424666138, "VIR": 0.3341411191817137, "VUT": 0.554211344743595, "CUW": 0.3519315052314835}, "2013": {"ASM": 0.408009549520763, "AIA": 0.4558127268429123, "ATG": 0.470953093007517, "ABW": 0.3883821109977419, "BHS": 0.431378872590969, "BRB": 0.355943862119264, "BLZ": 0.415409809128516, "VGB": 0.3432750388967909, "CPV": 0.441308618899479, "COM": 0.526198753142058, "COK": 0.4558127268429123, "CUB": 0.42033770307383, "DMA": 0.416857068003516, "DOM": 0.420800174414769, "FJI": 0.428593687560886, "PYF": 0.3955777942641612, "GRD": 0.37957052092241, "GUM": 0.347265977613145, "GNB": 0.638917223393175, "GUY": 0.471282190519166, "HTI": 0.537907176825724, "JAM": 0.421651832163668, "KIR": 0.5433372272177509, "MDV": 0.517673343350464, "MHL": 0.4273171343432712, "MUS": 0.41594601271229, "FSM": 0.583204747225015, "MSR": 0.4558127268429123, "NRU": 0.3530576873027484, "NCL": 0.4003310835915297, "NIU": 0.4558127268429123, "MNP": 0.3863056392436368, "PLW": 0.3540427440023576, "PNG": 0.544225616907172, "PRI": 0.331699511259106, "KNA": 0.422181245985234, "LCA": 0.35292785365019, "VCT": 0.4149915108629194, "WSM": 0.497952622865235, "STP": 0.515374171191586, "SYC": 0.454115220350298, "SGP": 0.385209955350161, "SXM": 0.4336442296181555, "SLB": 0.588097898061054, "SUR": 0.385236012971699, "TLS": 0.506951716498016, "TON": 0.554957346975081, "TTO": 0.3667640323588, "TUV": 0.3643303112313319, "VIR": 0.3258813967737516, "VUT": 0.560513664098234, "CUW": 0.3860398176035426}, "2014": {"ASM": 0.4384916254967031, "AIA": 0.425078061402127, "ATG": 0.462183661878832, "ABW": 0.3848758012191198, "BHS": 0.431714212920378, "BRB": 0.360095511833746, "BLZ": 0.430247652128717, "VGB": 0.3471381660344254, "CPV": 0.438264529708345, "COM": 0.523904163727188, "COK": 0.425078061402127, "CUB": 0.420364680902208, "DMA": 0.417112390804788, "DOM": 0.427302295670801, "FJI": 0.427455412623649, "PYF": 0.3930668690174935, "GRD": 0.378326085377741, "GUM": 0.3489278135179083, "GNB": 0.65066844344406, "GUY": 0.466303853007459, "HTI": 0.536693005169196, "JAM": 0.42048256704522, "KIR": 0.5175445860533578, "MDV": 0.515804458197246, "MHL": 0.488807324505522, "MUS": 0.410588295844664, "FSM": 0.582283308710708, "MSR": 0.425078061402127, "NRU": 0.3917271070602092, "NCL": 0.3425775190480777, "NIU": 0.425078061402127, "MNP": 0.3550701266843071, "PLW": 0.419620532612257, "PNG": 0.54178474676664, "PRI": 0.3405825818704981, "KNA": 0.420631945634276, "LCA": 0.345925086502865, "VCT": 0.4021856673631273, "WSM": 0.484768760963474, "STP": 0.511565416497275, "SYC": 0.440909821996042, "SGP": 0.382975475363623, "SXM": 0.4368196590355995, "SLB": 0.585089035382551, "SUR": 0.384215311835287, "TLS": 0.50502797401495, "TON": 0.574317861034357, "TTO": 0.365755523261358, "TUV": 0.3561119403856653, "VIR": 0.3365676468627929, "VUT": 0.551853429462893, "CUW": 0.3386091573775719}, "2015": {"ASM": 0.4166100845484309, "AIA": 0.429471022087243, "ATG": 0.466174580268783, "ABW": 0.3833374959445123, "BHS": 0.435141926303189, "BRB": 0.362666675976212, "BLZ": 0.416955497406236, "VGB": 0.3684376078336712, "CPV": 0.418693207573246, "COM": 0.523629837013713, "COK": 0.429471022087243, "CUB": 0.428284983963295, "DMA": 0.414518661908391, "DOM": 0.429568495141428, "FJI": 0.424144763572923, "PYF": 0.3854788312687615, "GRD": 0.37776175607823, "GUM": 0.3643714880739477, "GNB": 0.640699397966768, "GUY": 0.465564978427424, "HTI": 0.537073468881618, "JAM": 0.422786064965442, "KIR": 0.5103650863658781, "MDV": 0.506673571471675, "MHL": 0.446527324432928, "MUS": 0.417588025194112, "FSM": 0.581318948915088, "MSR": 0.429471022087243, "NRU": 0.3597899039680599, "NCL": 0.3626602103123031, "NIU": 0.429471022087243, "MNP": 0.3655246982676173, "PLW": 0.3998085135164644, "PNG": 0.516396506819517, "PRI": 0.3521613412245734, "KNA": 0.421093007976529, "LCA": 0.34714480252467, "VCT": 0.4076504071987474, "WSM": 0.476340274868151, "STP": 0.512498303715644, "SYC": 0.436159389890103,