{"data": {"2010": {"ASM": 46.60360298620899, "ATG": 50.4982155766367, "ABW": 56.14049396364268, "BHS": 50.6588518119545, "BRB": 63.9041941167313, "BLZ": 43.4945786044786, "VGB": 55.234958821309405, "CPV": 48.5650368520168, "COM": 36.7298912082773, "CUB": 47.2476789417507, "DMA": 56.2148542429411, "DOM": 46.1879435733217, "FJI": 47.588029311589, "PYF": 54.47157230475244, "GRD": 54.1349267666956, "GUM": 57.15533166583813, "GNB": 29.0212615873336, "GUY": 40.319997457011, "HTI": 34.1494757963114, "JAM": 45.4533393361329, "KIR": 45.09551196209208, "MDV": 44.1190740871829, "MHL": 39.68806629099602, "MUS": 53.929312635895, "FSM": 37.5244728335826, "NRU": 57.37799237940545, "NCL": 57.16113114441653, "MNP": 57.25074588030606, "PLW": 52.13925937522173, "PNG": 35.9457323078584, "PRI": 58.7774875389973, "KNA": 55.3914081950745, "LCA": 55.0570829732735, "VCT": 55.11781833997544, "WSM": 45.3912783881996, "STP": 39.433037031132, "SYC": 47.4834394231076, "SGP": 68.375062494824, "SXM": 53.234526334725935, "SLB": 38.0337943442828, "SUR": 45.9011834052733, "TLS": 41.6955308966008, "TON": 40.5604975262189, "TTO": 48.0429880440143, "TUV": 49.82923947834597, "VIR": 59.747079214890704, "VUT": 40.0159696898647, "AIA": 48.1649368150519, "COK": 48.1649368150519, "CUW": 54.16348785639139, "MSR": 48.1649368150519, "NIU": 48.1649368150519}, "2011": {"ASM": 44.19057088263019, "ATG": 50.1854039112731, "ABW": 56.297589290686105, "BHS": 50.8341997648137, "BRB": 64.7102316323292, "BLZ": 43.1743395822292, "VGB": 55.92078782101737, "CPV": 49.5183912812444, "COM": 36.950998677003, "CUB": 45.8969240579592, "DMA": 55.8888913055092, "DOM": 46.2083565011298, "FJI": 48.1315889626347, "PYF": 54.63028930918075, "GRD": 54.7418294219287, "GUM": 57.50276063021894, "GNB": 29.3438836359672, "GUY": 40.7690862693824, "HTI": 33.9713730100686, "JAM": 46.1588412896932, "KIR": 47.4338885405199, "MDV": 43.8684244910665, "MHL": 42.40058130585829, "MUS": 54.7313658953725, "FSM": 37.3412144131517, "NRU": 57.11901084897524, "NCL": 54.58558001181153, "MNP": 57.09805617826811, "PLW": 50.42150997814351, "PNG": 36.5504914049468, "PRI": 59.1367333349233, "KNA": 55.5140587517282, "LCA": 55.1101778195237, "VCT": 55.17431229266633, "WSM": 45.7866358789206, "STP": 39.5671255925214, "SYC": 46.9348020590036, "SGP": 68.956783754283, "SXM": 50.19694809096956, "SLB": 38.4608292320058, "SUR": 46.3272321121878, "TLS": 42.669610893667, "TON": 42.1215138895056, "TTO": 48.3970813987028, "TUV": 55.79896841265516, "VIR": 60.03910574296519, "VUT": 40.6138190579495, "AIA": 47.82331421917153, "COK": 47.82331421917153, "CUW": 57.1618750219025, "MSR": 47.82331421917153, "NIU": 47.82331421917153}, "2012": {"ASM": 46.38622658402738, "AIA": 47.6520699276201, "ATG": 50.5809887964654, "ABW": 54.154829214473, "BHS": 51.1644464158425, "BRB": 57.9045021799939, "BLZ": 43.5937324894293, "VGB": 56.04185975725586, "CPV": 49.1601664091341, "COM": 37.0501177462534, "COK": 47.6520699276201, "CUB": 45.6264423799688, "DMA": 55.3972244182565, "DOM": 46.5204280330558, "FJI": 48.0035430365177, "PYF": 52.3735531172869, "GRD": 55.1234913415776, "GUM": 60.27938937812115, "GNB": 30.1773098292728, "GUY": 40.9130203739505, "HTI": 34.3454759893031, "JAM": 46.2812558636718, "KIR": 46.61141487823506, "MDV": 44.2693282252285, "MHL": 47.00427606479331, "MUS": 55.2746850456158, "FSM": 37.5551874235899, "MSR": 47.6520699276201, "NRU": 59.15920690950797, "NCL": 52.77411030214287, "NIU": 47.6520699276201, "MNP": 55.84347233266515, "PLW": 50.88006770049802, "PNG": 36.7978491235299, "PRI": 60.43507879974569, "KNA": 55.8990686199438, "LCA": 54.8544399249413, "VCT": 55.28613911130643, "WSM": 46.769563763613, "STP": 41.1143788581598, "SYC": 48.2433100859078, "SGP": 69.4324581960171, "SXM": 49.33129716344487, "SLB": 38.3070479848879, "SUR": 46.2728696937446, "TLS": 43.0536932183093, "TON": 40.8342056460401, "TTO": 48.7716019396038, "TUV": 55.40628499956868, "VIR": 61.47134053878008, "VUT": 40.2209341850908, "CUW": 58.66332363860801}, "2013": {"ASM": 53.46204284854166, "AIA": 47.85528700098109, "ATG": 50.5306418829298, "ABW": 56.504905567908, "BHS": 50.7469102561585, "BRB": 58.0983450209111, "BLZ": 45.9059956971366, "VGB": 60.76746876931491, "CPV": 49.0545059085898, "COM": 37.9000066049283, "COK": 47.85528700098109, "CUB": 44.745427407572, "DMA": 55.9963305059853, "DOM": 46.5083352666744, "FJI": 48.1438899655286, "PYF": 54.14723406588885, "GRD": 55.7345640986909, "GUM": 57.90582353968265, "GNB": 30.2855798104197, "GUY": 41.2980053071858, "HTI": 34.739253859935, "JAM": 47.0746541068457, "KIR": 45.33926861223197, "MDV": 43.9705549304108, "MHL": 45.10421211308779, "MUS": 55.535498625163, "FSM": 37.856091059701, "MSR": 47.85528700098109, "NRU": 56.64132100761399, "NCL": 51.175468266794, "NIU": 47.85528700098109, "MNP": 55.45352506780177, "PLW": 52.29297294553385, "PNG": 36.5546668282875, "PRI": 60.59370719330492, "KNA": 56.5224397679783, "LCA": 55.3724505149519, "VCT": 55.29826486449737, "WSM": 45.8196835761466, "STP": 41.3484567201806, "SYC": 48.6365438962308, "SGP": 70.249286462499, "SXM": 49.73872865259748, "SLB": 39.3878749831288, "SUR": 46.6740914213665, "TLS": 43.4632223522824, "TON": 42.1330192838986, "TTO": 49.2549274691128, "TUV": 56.7079715267134, "VIR": 61.36752825612833, "VUT": 40.034403491555, "CUW": 54.99537688053718}, "2014": {"ASM": 49.5216050625065, "AIA": 48.647690935216914, "ATG": 49.7269379951765, "ABW": 55.78982658826753, "BHS": 51.0160735574879, "BRB": 57.7202463662013, "BLZ": 45.1813831382476, "VGB": 60.940113048194526, "CPV": 50.1695984617749, "COM": 38.7562862810874, "COK": 48.647690935216914, "CUB": 44.7975144434714, "DMA": 56.2518029445636, "DOM": 46.7569005130122, "FJI": 49.7035524132838, "PYF": 55.08919231641634, "GRD": 56.5972691882126, "GUM": 57.42534957975936, "GNB": 30.3980549409676, "GUY": 42.2055810848402, "HTI": 34.7803129923258, "JAM": 47.6301953595021, "KIR": 45.24843862737578, "MDV": 45.0993635998962, "MHL": 44.14539337321135, "MUS": 56.4048208945232, "FSM": 38.3434559294153, "MSR": 48.647690935216914, "NRU": 50.242813312654576, "NCL": 56.89971394647786, "NIU": 48.647690935216914, "MNP": 56.77777633322661, "PLW": 50.05980586017896, "PNG": 37.5157377282546, "PRI": 62.77082898519823, "KNA": 56.14052197193, "LCA": 55.5112137681356, "VCT": 55.26635545361371, "WSM": 47.2860507101544, "STP": 42.1482778396007, "SYC": 49.6986058747731, "SGP": 71.671610087257, "SXM": 49.44761099194928, "SLB": 40.1253737207872, "SUR": 46.8578406575101, "TLS": 44.3259250692511, "TON": 41.5753049363016, "TTO": 49.791076998721, "TUV": 60.04710280669632, "VIR": 63.10740969159418, "VUT": 40.957204418036, "CUW": 59.77380298140386}, "2015": {"ASM": 49.93990724482697, "AIA": 48.75685920808856, "ATG": 49.9570175021697, "ABW": 56.63443419515095, "BHS": 50.6326387361268, "BRB": 58.4940038150822, "BLZ": 45.8650653937889, "VGB": 57.42339341424186, "CPV": 51.25381458757, "COM": 38.6058505852893, "COK": 48.75685920808856, "CUB": 44.5549991386245, "DMA": 56.4411618762847, "DOM": 46.7955510504359, "FJI": 49.9428993900592, "PYF": 56.74078516146026, "GRD": 57.5605508284273, "GUM": 57.83143673636567, "GNB": 30.9590382120869, "GUY": 42.2614198320943, "HTI": 34.6809403957605, "JAM": 47.1687888015757, "KIR": 44.97766046722642, "MDV": 45.4252752018183, "MHL": 44.73712443673856, "MUS": 56.2176448727347, "FSM": 38.5465218677433, "MSR": 48.75685920808856, "NRU": 50.51797652250363, "NCL": 56.42592614306753, "NIU": 48.75685920808856, "MNP": 58.05289214516435, "PLW": 51.586506270278186, "PNG": 38.2743738279568, "PRI": 58.20115644208117, "KNA": 57.0854707778099, "LCA": 55.7642243347153, "VCT": 55.19279643424967, "WSM": 47.7601274136008, "STP": 42.3431086878147, "SYC": 51.0071038872702, "SGP": 71.4228036041995, "SXM": 52.99919206757746, "SLB": 41.3949099366001, "SUR": 47.4623762957222, "TLS": 45.170616464228, "TON": 41.3729574071343, "TTO": 50.1779698886922, "TUV": 57.59005456084905, "VIR": 66.41448257890573, "VUT": 40.1621131055924, "CUW": 61.67016465753375}},