{"data": {"2010": {"ATG": 0.455488600511623, "BHS": 0.434435104886842, "BRB": 0.559854583203947, "BLZ": 0.344378158463816, "CPV": 0.357814345194737, "COM": 0.224627641100748, "CUB": 0.243489163892156, "DMA": 0.446227148585526, "DOM": 0.359029614989035, "FJI": 0.331137250463377, "GRD": 0.409262256802632, "GNB": 0.238105757613208, "GUY": 0.357283500274342, "HTI": 0.248311756268515, "JAM": 0.348789813944079, "KIR": 0.228394469821435, "MDV": 0.344252676611184, "MHL": 0.233267463968337, "MUS": 0.3930610378125, "FSM": 0.275744168673055, "NRU": 0.399057131558333, "PLW": 0.374093980025877, "PNG": 0.215888971677296, "KNA": 0.58476041477193, "LCA": 0.408600422173246, "VCT": 0.408748402482456, "WSM": 0.259971307017048, "STP": 0.300339116942291, "SYC": 0.415296662012062, "SGP": 0.587368233515351, "SLB": 0.221767739652838, "SUR": 0.362025673586623, "TLS": 0.238354966638737, "TON": 0.324484930488692, "TTO": 0.45139793964693, "TUV": 0.284313743073108, "VUT": 0.274843090407237, "ABW": 0.4412786345162164, "AIA": 0.340582924574022, "ASM": 0.3387001098646844, "COK": 0.340582924574022, "CUW": 0.4658655291812006, "GUM": 0.4492368027704574, "MNP": 0.3363825728234127, "MSR": 0.340582924574022, "NCL": 0.3932205161464513, "NIU": 0.340582924574022, "PRI": 0.4392631672203213, "PYF": 0.3408996645032748, "SXM": 0.4965403205558108, "VGB": 0.4387007753588041, "VIR": 0.4122134887315902}, "2011": {"ATG": 0.460321640379386, "BHS": 0.479122565264912, "BRB": 0.573877196214912, "BLZ": 0.350478705416009, "CPV": 0.367468372000658, "COM": 0.233768476215166, "CUB": 0.247400114786401, "DMA": 0.448124197348684, "DOM": 0.377745869535526, "FJI": 0.351006311220395, "GRD": 0.416837249317982, "GNB": 0.241514213712921, "GUY": 0.363027407806579, "HTI": 0.251498276626379, "JAM": 0.373609323358333, "KIR": 0.233948712845787, "MDV": 0.362643238505263, "MHL": 0.243365076274572, "MUS": 0.416150183857018, "FSM": 0.283907918002916, "NRU": 0.424563551558333, "PLW": 0.380870851901316, "PNG": 0.224927736762278, "KNA": 0.566862279980263, "LCA": 0.412563899618421, "VCT": 0.420319048767544, "WSM": 0.273718762886373, "STP": 0.307743247091009, "SYC": 0.440561842757456, "SGP": 0.589420291149123, "SLB": 0.258044217153709, "SUR": 0.368679877008333, "TLS": 0.254890931526478, "TON": 0.347743750893395, "TTO": 0.470492718892544, "TUV": 0.31358645734624, "VUT": 0.272579100296835, "ABW": 0.347420055715067, "AIA": 0.3584179075047121, "ASM": 0.3808195819638373, "COK": 0.3584179075047121, "CUW": 0.4439470472118329, "GUM": 0.5262296758047728, "MNP": 0.477509526460417, "MSR": 0.3584179075047121, "NCL": 0.4637286277997216, "NIU": 0.3584179075047121, "PRI": 0.5041033032725136, "PYF": 0.3822710022599482, "SXM": 0.3691039326545464, "VGB": 0.4658533907390252, "VIR": 0.4479478146387189}, "2012": {"ATG": 0.503494283212719, "BHS": 0.567533878417544, "BRB": 0.592719997719298, "BLZ": 0.33912149945091, "CPV": 0.371510221511184, "COM": 0.245515858276246, "CUB": 0.264426045901344, "DMA": 0.454512880065789, "DOM": 0.391049122489035, "FJI": 0.354314395138158, "GRD": 0.426001304276316, "GNB": 0.257547285935833, "GUY": 0.369647566151754, "HTI": 0.274503975552896, "JAM": 0.364233454616228, "KIR": 0.239249855610818, "MDV": 0.373932338905921, "MHL": 0.252212688580806, "MUS": 0.421997848894737, "FSM": 0.296841795539889, "NRU": 0.424563551558333, "PLW": 0.393275095585965, "PNG": 0.23284429803833, "KNA": 0.571329517, "LCA": 0.422454603427632, "VCT": 0.425835309201754, "WSM": 0.282272443755699, "STP": 0.311263134713596, "SYC": 0.445046015710526, "SGP": 0.589890148622807, "SLB": 0.264340046531134, "SUR": 0.380250503299781, "TLS": 0.261967785872038, "TON": 0.363048746363891, "TTO": 0.489235398203948, "TUV": 0.332837959498264, "VUT": 0.277865739932708, "ABW": 0.437776185520745, "AIA": 0.3731933531958668, "ASM": 0.3863151877959964, "COK": 0.3731933531958668, "CUW": 0.4588668425094421, "GUM": 0.5327913496358104, "MNP": 0.5228136556968852, "MSR": 0.3731933531958668, "NCL": 0.3585119922419769, "NIU": 0.3731933531958668, "PRI": 0.4692181889742, "PYF": 0.3515332644919259, "SXM": 0.3703766432190254, "VGB": 0.4555356120403072, "VIR": 0.5478457084695557}, "2013": {"ATG": 0.527377448703947, "BHS": 0.560999358653509, "BRB": 0.597703426714912, "BLZ": 0.343926262910215, "CPV": 0.378027938876097, "COM": 0.255617969216181, "CUB": 0.284705853999687, "DMA": 0.471850185984649, "DOM": 0.401925277341009, "FJI": 0.353934520297149, "GRD": 0.441606353067983, "GNB": 0.254618742398656, "GUY": 0.374922557855263, "HTI": 0.277018691031579, "JAM": 0.374796882310307, "KIR": 0.240023118385179, "MDV": 0.387795241735965, "MHL": 0.258560300887041, "MUS": 0.442234904584649, "FSM": 0.304396955793763, "NRU": 0.424563551558333, "PLW": 0.414423434186403, "PNG": 0.240464391659125, "KNA": 0.571798473219298, "LCA": 0.42281775460307, "VCT": 0.437869137440789, "WSM": 0.28777186555223, "STP": 0.314399971038596, "SYC": 0.462014832287281, "SGP": 0.613807815013158, "SLB": 0.26907521314184, "SUR": 0.392162772399123, "TLS": 0.273815970935186, "TON": 0.374812313585046, "TTO": 0.503219668574561, "TUV": 0.343619321779967, "VUT": 0.269322857291336, "ABW": 0.4544905694276525, "AIA": 0.3837499721520343, "ASM": 0.3691294362499181, "COK": 0.3837499721520343, "CUW": 0.3637941120216347, "GUM": 0.5656724455913055, "MNP": 0.3932034967854615, "MSR": 0.3837499721520343, "NCL": 0.4099003121499843, "NIU": 0.3837499721520343, "PRI": 0.4803178144081182, "PYF": 0.3836612512325955, "SXM": 0.3537064468978748, "VGB": 0.464576233247723, "VIR": 0.5569781923149639}, "2014": {"ATG": 0.496168610991228, "BHS": 0.573662508754386, "BRB": 0.614332739890351, "BLZ": 0.353660688399601, "CPV": 0.381122864112719, "COM": 0.261145067726809, "CUB": 0.293454250254902, "DMA": 0.487413812405702, "DOM": 0.414414442681579, "FJI": 0.36097933463114, "GRD": 0.48393157858114, "GNB": 0.258643439666667, "GUY": 0.382216096424561, "HTI": 0.279011397501316, "JAM": 0.384617157844737, "KIR": 0.246636148527482, "MDV": 0.399025485752851, "MHL": 0.268759570897442, "MUS": 0.461269747442544, "FSM": 0.303747183879758, "NRU": 0.424563551558333, "PLW": 0.396853867558114, "PNG": 0.248496725754577, "KNA": 0.585310294868421, "LCA": 0.439378681131579, "VCT": 0.453716911894737, "WSM": 0.310055377141221, "STP": 0.317938048152632, "SYC": 0.460060471821491, "SGP": 0.606268294669737, "SLB": 0.275134026388158, "SUR": 0.405334420018421, "TLS": 0.294513293866009, "TON": 0.362938597676316, "TTO": 0.516537503125, "TUV": 0.35325402363422, "VUT": 0.306053200735395, "ABW": 0.4829186631851356, "AIA": 0.3960097098376825, "ASM": 0.3421068998564486, "COK": 0.3960097098376825, "CUW": 0.3992321139568462, "GUM": 0.4960839661134033, "MNP": 0.3794747308125072, "MSR": 0.3960097098376825, "NCL": 0.4237902987853372, "NIU": 0.3960097098376825, "PRI": 0.5185391461742995, "PYF": 0.4092051162490176, "SXM": 0.444742474810728, "VGB": 0.4829101426220668, "VIR": 0.6371992333470123}, "2015": {"ATG": 0.497657221796052, "BHS": 0.577730860054825, "BRB": 0.623531040491228, "BLZ": 0.381139217962691, "CPV": 0.385806826144737, "COM": 0.265674786091165, "CUB": 0.322703371933568, "DMA": 0.539283117186404, "DOM": 0.430044227560307, "FJI": 0.373350389062281, "GRD": 0.492091570826754, "GNB": 0.259103848896667, "GUY": 0.390562240335088, "HTI": 0.28061678834693, "JAM": 0.400049595404605, "KIR": 0.257597233710584, "MDV": 0.413718886240132, "MHL": 0.272077640550641, "MUS": 0.480353949430263, "FSM": 0.303273489093385, "NRU": 0.431551155316666, "PLW": 0.399955879451316, "PNG": 0.254036338388915, "KNA": 0.623257858655702, "LCA": 0.448066386275877, "VCT": 0.387549054332895, "WSM": 0.325792188232895, "STP": 0.321544865416667, "SYC": 0.474087345948246, "SGP": 0.605705188175439, "SLB": 0.277604883242763, "SUR": 0.417804177549342, "TLS": 0.308157215377851, "TON": 0.374050416924342, "TTO": 0.533693678114912, "TUV": 0.396724252378357, "VUT": 0.314810023557675, "ABW": 0.4921642773703572, "AIA": 0.4189651002737208, "ASM": 0.3614604996755006, "COK": 0.4189651002737208, "CUW": 0.4651974417197638, "GUM": 0.490944807932279,