{"data": {"2010": {"ATG": 0.205056633868239, "BHS": 0.810613327010745, "BRB": 0.265753483710354, "BLZ": 0.409714513573807, "CPV": 0.588539589822069, "COM": 0.223754970955609, "CUB": 0.747782603541368, "DMA": 0.656144586103956, "DOM": 0.717132418713425, "FJI": 0.484540193341883, "GRD": 0.308808156139198, "GNB": 0.354567890590479, "GUY": 0.209324381122762, "HTI": 0.434297168845445, "JAM": 0.501481856685599, "KIR": 0.433014689241182, "MDV": 0.314940348532692, "MHL": 0.715138647900074, "MUS": 0.370130080074147, "FSM": 0.162594704113634, "NRU": 1.0, "PLW": 0.728599295175075, "PNG": 0.062593626399681, "KNA": 0.259847611247023, "LCA": 0.121124271195939, "VCT": 0.449945575445365, "WSM": 0.138669454353426, "STP": 0.622282813695589, "SYC": 0.497095560896227, "SGP": 1.0, "SLB": 0.138346140167477, "SUR": 0.637284591923612, "TLS": 0.221157680328487, "TON": 0.174352563342638, "TTO": 0.504521010033517, "TUV": 0.5128301846124, "VUT": 0.185916434060072, "ABW": 0.4338622681567848, "AIA": 0.5359929733050225, "ASM": 0.5596756296543774, "COK": 0.5359929733050225, "CUW": 0.7999665693131719, "GUM": 0.8276530623241942, "MNP": 0.6280615805752848, "MSR": 0.5359929733050225, "NCL": 0.764970653849053, "NIU": 0.5359929733050225, "PRI": 0.7613414952203383, "PYF": 0.4349014861675401, "SXM": 0.901117869575055, "VGB": 0.3702207804804453, "VIR": 0.7045812757977782}, "2011": {"ATG": 0.199290864218819, "BHS": 0.811141406847794, "BRB": 0.263921369989977, "BLZ": 0.409714513573807, "CPV": 0.593938936727414, "COM": 0.224477039304228, "CUB": 0.748774100378278, "DMA": 0.659323842265786, "DOM": 0.728707066570391, "FJI": 0.490058088782075, "GRD": 0.308743493302008, "GNB": 0.358846414984535, "GUY": 0.206802530472362, "HTI": 0.444891097005033, "JAM": 0.503497181778013, "KIR": 0.442121372145405, "MDV": 0.319412861438317, "MHL": 0.720203903479938, "MUS": 0.368933817586136, "FSM": 0.162670144090356, "NRU": 1.0, "PLW": 0.736078630010023, "PNG": 0.0623888607485801, "KNA": 0.258338811712595, "LCA": 0.121124271195939, "VCT": 0.454202545560357, "WSM": 0.136287706516936, "STP": 0.634266992854756, "SYC": 0.501233982476371, "SGP": 1.0, "SLB": 0.143303624352024, "SUR": 0.636551746435461, "TLS": 0.224897347745961, "TON": 0.174934528877345, "TTO": 0.50248413066204, "TUV": 0.523725872678874, "VUT": 0.186983370873703, "ABW": 0.489660261453406, "AIA": 0.536487450021017, "ASM": 0.692953324208693, "COK": 0.536487450021017, "CUW": 0.6539936414876764, "GUM": 0.8780786300100185, "MNP": 0.8420703316125825, "MSR": 0.536487450021017, "NCL": 0.8021214152539654, "NIU": 0.536487450021017, "PRI": 0.7977706409164886, "PYF": 0.5055466272941843, "SXM": 0.7338062485854978, "VGB": 0.2714175602711526, "VIR": 0.7083005528672593}, "2012": {"ATG": 0.197383310521721, "BHS": 0.811744926661566, "BRB": 0.262337130478828, "BLZ": 0.409908502085377, "CPV": 0.599316729353695, "COM": 0.225371541885353, "CUB": 0.749765597215187, "DMA": 0.662513875567147, "DOM": 0.739214777613726, "FJI": 0.495586761361799, "GRD": 0.308851264697324, "GNB": 0.363157270797185, "GUY": 0.206802530472362, "HTI": 0.455506579443684, "JAM": 0.505674163963401, "KIR": 0.451249609328692, "MDV": 0.323917705762537, "MHL": 0.725161387664486, "MUS": 0.367726777958594, "FSM": 0.162874909741456, "NRU": 1.0, "PLW": 0.743439416310123, "PNG": 0.0621948722370108, "KNA": 0.2570455549688, "LCA": 0.121124271195939, "VCT": 0.458491847093944, "WSM": 0.133776633006068, "STP": 0.646078737781418, "SYC": 0.505544838289021, "SGP": 1.0, "SLB": 0.148282662815635, "SUR": 0.635818900947311, "TLS": 0.228658569442499, "TON": 0.174848311761092, "TTO": 0.500705902639321, "TUV": 0.534589229326752, "VUT": 0.188061084826865, "ABW": 0.4648986841112613, "AIA": 0.5395629007748756, "ASM": 0.6986192544374891, "COK": 0.5395629007748756, "CUW": 0.675204963303848, "GUM": 0.8063854767267683, "MNP": 0.8460506310015223, "MSR": 0.5395629007748756, "NCL": 0.6993650540473563, "NIU": 0.5395629007748756, "PRI": 0.6617791764109962, "PYF": 0.5726422959618076, "SXM": 0.5378068161815139, "VGB": 0.3434463567879807, "VIR": 0.8385598723986692}, "2013": {"ATG": 0.195486533964155, "BHS": 0.81243466359159, "BRB": 0.261000765176907, "BLZ": 0.410296479108515, "CPV": 0.604662190561381, "COM": 0.226449255838515, "CUB": 0.750261345633642, "DMA": 0.66571468600804, "DOM": 0.749420728750175, "FJI": 0.501083102522928, "GRD": 0.309142247464678, "GNB": 0.367489680888898, "GUY": 0.206802530472362, "HTI": 0.466100507603272, "JAM": 0.508023580381295, "KIR": 0.460356292232916, "MDV": 0.328422550086756, "MHL": 0.729989546174654, "MUS": 0.366541292610115, "FSM": 0.163209001066937, "NRU": 1.0, "PLW": 0.750638545517249, "PNG": 0.0621517636788843, "KNA": 0.255989395294701, "LCA": 0.121242819730787, "VCT": 0.462802702906595, "WSM": 0.131200896658009, "STP": 0.657373180010562, "SYC": 0.510038905473709, "SGP": 1.0, "SLB": 0.153272478418778, "SUR": 0.63508605545916, "TLS": 0.232441345418099, "TON": 0.174277123365916, "TTO": 0.499186325965362, "TUV": 0.545355591718846, "VUT": 0.189138798780028, "ABW": 0.4634844647533666, "AIA": 0.5436016984771898, "ASM": 0.5983856922695608, "COK": 0.5436016984771898, "CUW": 0.4931405015680733, "GUM": 0.8104862214271141, "MNP": 0.7506665876343095, "MSR": 0.5436016984771898, "NCL": 0.6521118451540594, "NIU": 0.5436016984771898, "PRI": 0.7078937805127778, "PYF": 0.6657196434922226, "SXM": 0.6209091163823317, "VGB": 0.3425887335783331, "VIR": 0.7826899740270936}, "2014": {"ATG": 0.193600534546121, "BHS": 0.813210617637867, "BRB": 0.259912274084213, "BLZ": 0.410867667503691, "CPV": 0.609975320350473, "COM": 0.227688626884652, "CUB": 0.750627768377717, "DMA": 0.668926273588464, "DOM": 0.759346474258802, "FJI": 0.506579443684057, "GRD": 0.309594887325006, "GNB": 0.371854422399207, "GUY": 0.206953410425805, "HTI": 0.476705212902391, "JAM": 0.510545431031696, "KIR": 0.469473752276671, "MDV": 0.33295972582957, "MHL": 0.734709933289506, "MUS": 0.365345030122105, "FSM": 0.163683195206328, "NRU": 1.0, "PLW": 0.757697571910463, "PNG": 0.0622595350742006, "KNA": 0.255138001271702, "LCA": 0.121469139660951, "VCT": 0.467156667277371, "WSM": 0.128657491728545, "STP": 0.668204205239845, "SYC": 0.514694629751371, "SGP": 1.0, "SLB": 0.158262294021921, "SUR": 0.634536421343047, "TLS": 0.236256452812295, "TON": 0.173695157831208, "TTO": 0.497925400640162, "TUV": 0.555830971343586, "VUT": 0.19021651273319, "ABW": 0.4237061505135288, "AIA": 0.5439654484906614, "ASM": 0.6371738244835073, "COK": 0.5439654484906614, "CUW": 0.5516466175947579, "GUM": 0.764311136018278, "MNP": 0.674313054349116, "MSR": 0.5439654484906614, "NCL": 0.747692873077631, "NIU": 0.5439654484906614, "PRI": 0.5917288687236648, "PYF": 0.544793865652177, "SXM": 0.6591398980482607, "VGB": 0.4227751996465084, "VIR": 0.8451381305973783}, "2015": {"ATG": 0.191714535128086, "BHS": 0.814051234521333, "BRB": 0.259060880061214, "BLZ": 0.411632844410437, "CPV": 0.615256118720969, "COM": 0.229111209302827, "CUB": 0.751004968261324, "DMA": 0.67214863830842, "DOM": 0.769002791279139, "FJI": 0.512075784845186, "GRD": 0.310230738557372, "GNB": 0.37625149532811, "GUY": 0.207244393193159, "HTI": 0.487299141061979, "JAM": 0.51322893877507, "KIR": 0.478591212320426, "MDV": 0.337518455851448, "MHL": 0.73931177186951, "MUS": 0.364148767634095, "FSM": 0.164297492159631, "NRU": 1.0, "PLW": 0.764616495489767, "PNG": 0.0625181864229596, "KNA": 0.254512927178868, "LCA": 0.121824785265495, "VCT": 0.471532185927211, "WSM": 0.126124863938613, "STP": 0.678561036329737, "SYC": 0.519339576889502, "SGP": 1.0, "SLB": 0.163262886764595, "SUR": 0.634180775738504, "TLS": 0.240103891625085, "TON": 0.173123969436032, "TTO": 0.496912349524189, "TUV": 0.56600459106144, "VUT": 0.191294226686353, "ABW": 0.3079607065492672, "AIA": 0.5445272392201655, "ASM": 0.7200417937471044, "COK": 0.5445272392201655, "CUW": 0.6008790481630353, "GUM": 0.7762321826940684, "MNP": 0.8051286682688715, "MSR": 0.5445272392201655, "NCL": 0.6068135878175217, "NIU": 0.5445272392201655, "PRI": 0.6791307374796575, "PYF": 0.5120772289818825,