{"data": {"2010": {"ATG": 0.485014716930283, "BHS": 0.449320447545943, "BRB": 0.651693383974354, "BLZ": 0.334715681416096, "CPV": 0.397410755815868, "COM": 0.264216125449987, "CUB": 0.366342926612578, "DMA": 0.539674571117153, "DOM": 0.345577313412619, "FJI": 0.38348420933233, "GRD": 0.464954246254875, "GNB": 0.241948099418326, "GUY": 0.300153117222669, "HTI": 0.220698693584973, "JAM": 0.339788005836726, "KIR": 0.435866276554098, "MDV": 0.417459689732522, "MHL": 0.357668090781552, "MUS": 0.507869040472804, "FSM": 0.337007961639533, "NRU": 0.540795096674906, "PLW": 0.427219043322208, "PNG": 0.271785741462555, "KNA": 0.529989841159896, "LCA": 0.465306816503215, "VCT": 0.4957692109399, "WSM": 0.39231665547223, "STP": 0.310509964133954, "SYC": 0.41157407288954, "SGP": 0.754290422060681, "SLB": 0.35520479015887, "SUR": 0.308788196961839, "TLS": 0.361829002365499, "TON": 0.38699843775855, "TTO": 0.340297736490906, "TUV": 0.545016259266347, "VUT": 0.362851772591334, "ABW": 0.4627669184177667, "AIA": 0.3647105561506475, "ASM": 0.3669856356470001, "COK": 0.3647105561506475, "CUW": 0.4572093312871524, "GUM": 0.4686516658093103, "MNP": 0.3852650776609373, "MSR": 0.3647105561506475, "NCL": 0.4214328223613662, "NIU": 0.3647105561506475, "PRI": 0.4575092027396005, "PYF": 0.3426589318357027, "SXM": 0.5014040726678015, "VGB": 0.4589356684602854, "VIR": 0.4179813638812705}, "2011": {"ATG": 0.478534929616741, "BHS": 0.449984365671028, "BRB": 0.659988748632463, "BLZ": 0.32444338513007, "CPV": 0.413202008968874, "COM": 0.268253756869498, "CUB": 0.349933293231446, "DMA": 0.535284961882699, "DOM": 0.341614136311953, "FJI": 0.396751783854396, "GRD": 0.475669593972997, "GNB": 0.241086068559295, "GUY": 0.297068356537032, "HTI": 0.217146940265687, "JAM": 0.351729098285341, "KIR": 0.432989600163326, "MDV": 0.411085365610449, "MHL": 0.365724588391706, "MUS": 0.515384380207148, "FSM": 0.332818391131542, "NRU": 0.523978492036803, "PLW": 0.422586311348738, "PNG": 0.272215408356774, "KNA": 0.536316050722302, "LCA": 0.465411216388811, "VCT": 0.498911017229164, "WSM": 0.404226373877093, "STP": 0.312357263122815, "SYC": 0.416110889839756, "SGP": 0.768083707110944, "SLB": 0.361291048397471, "SUR": 0.31272602144094, "TLS": 0.371376316590478, "TON": 0.391944599325922, "TTO": 0.344768377395718, "TUV": 0.493903581409805, "VUT": 0.361085128013931, "ABW": 0.3966840936231231, "AIA": 0.3665244550907801, "ASM": 0.3990618226626655, "COK": 0.3665244550907801, "CUW": 0.4599842458379155, "GUM": 0.4876278088081132, "MNP": 0.4864847593851525, "MSR": 0.3665244550907801, "NCL": 0.4647503444610539, "NIU": 0.3665244550907801, "PRI": 0.4872354140825805, "PYF": 0.3837396281381966, "SXM": 0.3913103897390544, "VGB": 0.4789827340220717, "VIR": 0.4422679207285317}, "2012": {"ATG": 0.487560407703233, "BHS": 0.455165680361824, "BRB": 0.513875822738754, "BLZ": 0.330889288745347, "CPV": 0.419803610992761, "COM": 0.269031035119997, "CUB": 0.331928203659792, "DMA": 0.528611089134214, "DOM": 0.350695110273375, "FJI": 0.393926741011799, "GRD": 0.482536610787107, "GNB": 0.245623112777916, "GUY": 0.29083133523326, "HTI": 0.225549222457748, "JAM": 0.3513781182794, "KIR": 0.431661551697125, "MDV": 0.407535321892302, "MHL": 0.363662823365705, "MUS": 0.518947776287349, "FSM": 0.337304074550485, "NRU": 0.52691763211842, "PLW": 0.425666673680875, "PNG": 0.274828348387359, "KNA": 0.541729479754763, "LCA": 0.454031766180271, "VCT": 0.498498795609944, "WSM": 0.40756430556113, "STP": 0.340478097681416, "SYC": 0.416061207366975, "SGP": 0.776623380479085, "SLB": 0.358439433898341, "SUR": 0.313448048007394, "TLS": 0.37339862917394, "TON": 0.392287449547103, "TTO": 0.343471502889234, "TUV": 0.503628543353302, "VUT": 0.358630028445411, "ABW": 0.4867629737836013, "AIA": 0.3701634670698328, "ASM": 0.4038851018441194, "COK": 0.3701634670698328, "CUW": 0.4448607498281955, "GUM": 0.4693989990664895, "MNP": 0.4700352116138817, "MSR": 0.3701634670698328, "NCL": 0.3446542673911812, "NIU": 0.3701634670698328, "PRI": 0.4311060155962418, "PYF": 0.3900062544236999, "SXM": 0.4046072602978793, "VGB": 0.4908482272529116, "VIR": 0.4800276944271959}, "2013": {"ATG": 0.481565930666113, "BHS": 0.44631707771414, "BRB": 0.517910762537485, "BLZ": 0.333529723071248, "CPV": 0.422398737071276, "COM": 0.284198885240625, "CUB": 0.315246251225271, "DMA": 0.536783678123223, "DOM": 0.350966879748256, "FJI": 0.391471486871458, "GRD": 0.494261802896227, "GNB": 0.244628819601568, "GUY": 0.297242296662881, "HTI": 0.232692254024425, "JAM": 0.363144914300582, "KIR": 0.434299644761678, "MDV": 0.397084441958681, "MHL": 0.370233729647363, "MUS": 0.526655985215549, "FSM": 0.340326568419035, "NRU": 0.477629128710722, "PLW": 0.427515810065716, "PNG": 0.275318953472922, "KNA": 0.552630041344799, "LCA": 0.460376863949228, "VCT": 0.485265642615262, "WSM": 0.414346294388167, "STP": 0.342343305595198, "SYC": 0.426846098274915, "SGP": 0.790195684600142, "SLB": 0.37585539772363, "SUR": 0.318717841399029, "TLS": 0.376216163543665, "TON": 0.397617732653053, "TTO": 0.351862581741057, "TUV": 0.498588930265113, "VUT": 0.361201733929335, "ABW": 0.4836337335929976, "AIA": 0.3830889448976478, "ASM": 0.4091462732002828, "COK": 0.3830889448976478, "CUW": 0.4060726597168188, "GUM": 0.4640387470620372, "MNP": 0.4134397722816776, "MSR": 0.3830889448976478, "NCL": 0.3653924762649731, "NIU": 0.3830889448976478, "PRI": 0.4106939188376466, "PYF": 0.4150511652586481, "SXM": 0.4069608639989447, "VGB": 0.4869433225242551, "VIR": 0.4714848578380579}, "2014": {"ATG": 0.456722421782363, "BHS": 0.452035684070136, "BRB": 0.514500439157772, "BLZ": 0.333875314893668, "CPV": 0.441656498943842, "COM": 0.299029889348935, "CUB": 0.316314969771636, "DMA": 0.542148449696059, "DOM": 0.362440305931044, "FJI": 0.421526460889324, "GRD": 0.510271469141993, "GNB": 0.258629542263413, "GUY": 0.310415474704263, "HTI": 0.232299265015713, "JAM": 0.373086474235262, "KIR": 0.442920992702608, "MDV": 0.41779173019517, "MHL": 0.374294299119367, "MUS": 0.538684713735127, "FSM": 0.349152427299013, "NRU": 0.394791996842784, "PLW": 0.429479970921824, "PNG": 0.292099501331732, "KNA": 0.543442385072877, "LCA": 0.456149361865576, "VCT": 0.490103116522151, "WSM": 0.430489775166561, "STP": 0.354530973289289, "SYC": 0.434881939491504, "SGP": 0.816407677108763, "SLB": 0.387596509798294, "SUR": 0.32137212498549, "TLS": 0.391546475399973, "TON": 0.405823959760389, "TTO": 0.361577063235777, "TUV": 0.536199121488016, "VUT": 0.370997517823613, "ABW": 0.4693437092660092, "AIA": 0.3635111784468111, "ASM": 0.4144023849644773, "COK": 0.3635111784468111, "CUW": 0.4324212043493232, "GUM": 0.4578569693510065, "MNP": 0.412984845250323, "MSR": 0.3635111784468111, "NCL": 0.3672577992858576, "NIU": 0.3635111784468111, "PRI": 0.4649067220747987, "PYF": 0.4194188830874133, "SXM": 0.4709883803700371, "VGB": 0.4735684334289448, "VIR": 0.512994291290224}, "2015": {"ATG": 0.465314930312177, "BHS": 0.447794701025726, "BRB": 0.532546752277855, "BLZ": 0.334256805282014, "CPV": 0.443769499324647, "COM": 0.295746848719499, "CUB": 0.319384966735785, "DMA": 0.543341899434084, "DOM": 0.365479516150146, "FJI": 0.423002751374108, "GRD": 0.528972772646776, "GNB": 0.259880162208507, "GUY": 0.31079337506931, "HTI": 0.230692276796828, "JAM": 0.366161840996956, "KIR": 0.439153317228111, "MDV": 0.415179075508042, "MHL": 0.367099051636497, "MUS": 0.541940922648806, "FSM": 0.352249386269954, "NRU": 0.386325816478901, "PLW": 0.424814015807616, "PNG": 0.281883983378653, "KNA": 0.562802423532727, "LCA": 0.462429289218976, "VCT": 0.479679428927784, "WSM": 0.431542823140166, "STP": 0.359360477471938, "SYC": 0.456301467635507, "SGP": 0.814774437330853, "SLB": 0.412434419521959, "SUR": 0.329021493780726, "TLS": 0.407873146105674, "TON": 0.400743588223885, "TTO": 0.367023342331, "TUV": 0.547648763654111, "VUT": 0.354267362394332, "ABW": 0.4841515842120071, "AIA": 0.3589263053862327, "ASM": 0.4178958491662249, "COK": 0.3589263053862327, "CUW": 0.4808962922651761,