{"data": {"2010": {"ATG": 0.303030303030303, "BHS": 0.303030303030303, "BRB": 0.303030303030303, "BLZ": 0.303030303030303, "CPV": 0.333333333333334, "COM": 0.333333333333334, "CUB": 0.030303030303031, "DMA": 0.303030303030303, "DOM": 0.303030303030303, "FJI": 0.0909090909090916, "GRD": 0.303030303030303, "GNB": 0.333333333333334, "GUY": 0.303030303030303, "HTI": 0.363636363636364, "JAM": 0.303030303030303, "KIR": 0.0909090909090916, "MDV": 1.0, "MHL": 0.0909090909090916, "MUS": 0.333333333333334, "FSM": 0.0909090909090916, "NRU": 0.0909090909090916, "PLW": 0.0909090909090916, "PNG": 0.0909090909090916, "KNA": 0.303030303030303, "LCA": 0.303030303030303, "VCT": 0.303030303030303, "WSM": 0.0909090909090916, "STP": 0.333333333333334, "SYC": 0.333333333333334, "SGP": 0.0, "SLB": 0.0909090909090916, "SUR": 0.303030303030303, "TLS": 1.0, "TON": 0.0909090909090916, "TTO": 0.303030303030303, "TUV": 0.0909090909090916, "VUT": 0.0909090909090916, "ABW": 0.3096363636363634, "AIA": 0.2401818181818183, "ASM": 0.207454545454546, "COK": 0.2401818181818183, "CUW": 0.2098787878787881, "GUM": 0.1929696969696975, "MNP": 0.330424242424243, "MSR": 0.2401818181818183, "NCL": 0.2575151515151515, "NIU": 0.2401818181818183, "PRI": 0.1038787878787888, "PYF": 0.3128484848484851, "SXM": 0.1158181818181826, "VGB": 0.3056969696969693, "VIR": 0.2445454545454541}, "2011": {"ATG": 0.303030303030303, "BHS": 0.303030303030303, "BRB": 0.303030303030303, "BLZ": 0.303030303030303, "CPV": 0.333333333333334, "COM": 0.333333333333334, "CUB": 0.030303030303031, "DMA": 0.303030303030303, "DOM": 0.303030303030303, "FJI": 0.0909090909090916, "GRD": 0.303030303030303, "GNB": 0.333333333333334, "GUY": 0.303030303030303, "HTI": 0.363636363636364, "JAM": 0.303030303030303, "KIR": 0.0909090909090916, "MDV": 1.0, "MHL": 0.0909090909090916, "MUS": 0.333333333333334, "FSM": 0.0909090909090916, "NRU": 0.0909090909090916, "PLW": 0.0909090909090916, "PNG": 0.0909090909090916, "KNA": 0.303030303030303, "LCA": 0.303030303030303, "VCT": 0.303030303030303, "WSM": 0.0909090909090916, "STP": 0.333333333333334, "SYC": 0.333333333333334, "SGP": 0.0, "SLB": 0.0909090909090916, "SUR": 0.303030303030303, "TLS": 1.0, "TON": 0.0909090909090916, "TTO": 0.303030303030303, "TUV": 0.0909090909090916, "VUT": 0.0909090909090916, "ABW": 0.2934545454545456, "AIA": 0.2360606060606061, "ASM": 0.1381212121212132, "COK": 0.2360606060606061, "CUW": 0.2616969696969691, "GUM": 0.1280000000000007, "MNP": 0.1067272727272736, "MSR": 0.2360606060606061, "NCL": 0.2116969696969704, "NIU": 0.2360606060606061, "PRI": 0.1087272727272737, "PYF": 0.3036363636363636, "SXM": 0.2410909090909088, "VGB": 0.3079393939393934, "VIR": 0.206}, "2012": {"ATG": 0.303030303030303, "BHS": 0.303030303030303, "BRB": 0.303030303030303, "BLZ": 0.303030303030303, "CPV": 0.333333333333334, "COM": 0.333333333333334, "CUB": 0.030303030303031, "DMA": 0.303030303030303, "DOM": 0.303030303030303, "FJI": 0.0909090909090916, "GRD": 0.303030303030303, "GNB": 0.333333333333334, "GUY": 0.303030303030303, "HTI": 0.363636363636364, "JAM": 0.303030303030303, "KIR": 0.0909090909090916, "MDV": 1.0, "MHL": 0.0909090909090916, "MUS": 0.333333333333334, "FSM": 0.0909090909090916, "NRU": 0.0909090909090916, "PLW": 0.0909090909090916, "PNG": 0.0909090909090916, "KNA": 0.303030303030303, "LCA": 0.303030303030303, "VCT": 0.303030303030303, "WSM": 0.0909090909090916, "STP": 0.333333333333334, "SYC": 0.333333333333334, "SGP": 0.0, "SLB": 0.0909090909090916, "SUR": 0.303030303030303, "TLS": 1.0, "TON": 0.0909090909090916, "TTO": 0.303030303030303, "TUV": 0.0909090909090916, "VUT": 0.0909090909090916, "ABW": 0.3040606060606057, "AIA": 0.2464848484848482, "ASM": 0.1393939393939405, "COK": 0.2464848484848482, "CUW": 0.2471515151515145, "GUM": 0.111272727272728, "MNP": 0.1040000000000009, "MSR": 0.2464848484848482, "NCL": 0.2398787878787874, "NIU": 0.2464848484848482, "PRI": 0.1058181818181829, "PYF": 0.3056363636363637, "SXM": 0.2992727272727269, "VGB": 0.3118181818181817, "VIR": 0.0977575757575766}, "2013": {"ATG": 0.303030303030303, "BHS": 0.303030303030303, "BRB": 0.303030303030303, "BLZ": 0.303030303030303, "CPV": 0.333333333333334, "COM": 0.333333333333334, "CUB": 0.030303030303031, "DMA": 0.303030303030303, "DOM": 0.303030303030303, "FJI": 0.0909090909090916, "GRD": 0.303030303030303, "GNB": 0.333333333333334, "GUY": 0.303030303030303, "HTI": 0.363636363636364, "JAM": 0.303030303030303, "KIR": 0.0909090909090916, "MDV": 1.0, "MHL": 0.0909090909090916, "MUS": 0.333333333333334, "FSM": 0.0909090909090916, "NRU": 0.0909090909090916, "PLW": 0.0909090909090916, "PNG": 0.0909090909090916, "KNA": 0.303030303030303, "LCA": 0.303030303030303, "VCT": 0.303030303030303, "WSM": 0.0909090909090916, "STP": 0.333333333333334, "SYC": 0.333333333333334, "SGP": 0.0, "SLB": 0.0909090909090916, "SUR": 0.303030303030303, "TLS": 1.0, "TON": 0.0909090909090916, "TTO": 0.303030303030303, "TUV": 0.0909090909090916, "VUT": 0.0909090909090916, "ABW": 0.3071995227238187, "AIA": 0.256926508555161, "ASM": 0.1843340588704772, "COK": 0.256926508555161, "CUW": 0.3037420360890362, "GUM": 0.1884086946737376, "MNP": 0.217364501134896, "MSR": 0.256926508555161, "NCL": 0.2794380873348652, "NIU": 0.256926508555161, "PRI": 0.1169517000642455, "PYF": 0.2763762349012728, "SXM": 0.1937292764994066, "VGB": 0.3116750981072129, "VIR": 0.1232168562227821}, "2014": {"ATG": 0.303030303030303, "BHS": 0.303030303030303, "BRB": 0.303030303030303, "BLZ": 0.303030303030303, "CPV": 0.333333333333334, "COM": 0.333333333333334, "CUB": 0.030303030303031, "DMA": 0.303030303030303, "DOM": 0.303030303030303, "FJI": 0.0909090909090916, "GRD": 0.303030303030303, "GNB": 0.333333333333334, "GUY": 0.303030303030303, "HTI": 0.363636363636364, "JAM": 0.303030303030303, "KIR": 0.0909090909090916, "MDV": 1.0, "MHL": 0.0909090909090916, "MUS": 0.333333333333334, "FSM": 0.0909090909090916, "NRU": 0.0909090909090916, "PLW": 0.0909090909090916, "PNG": 0.0909090909090916, "KNA": 0.303030303030303, "LCA": 0.303030303030303, "VCT": 0.303030303030303, "WSM": 0.0909090909090916, "STP": 0.333333333333334, "SYC": 0.333333333333334, "SGP": 0.0, "SLB": 0.0909090909090916, "SUR": 0.303030303030303, "TLS": 1.0, "TON": 0.0909090909090916, "TTO": 0.303030303030303, "TUV": 0.0909090909090916, "VUT": 0.0909090909090916, "ABW": 0.3038181818181815, "AIA": 0.2609696969696966, "ASM": 0.1335757575757587, "COK": 0.2609696969696966, "CUW": 0.2759545454545453, "GUM": 0.250181818181817, "MNP": 0.2576363636363638, "MSR": 0.2609696969696966, "NCL": 0.2816969696969697, "NIU": 0.2609696969696966, "PRI": 0.0800000000000009, "PYF": 0.2997575757575753, "SXM": 0.2764242424242422, "VGB": 0.3076363636363637, "VIR": 0.0769090909090918}, "2015": {"ATG": 0.303030303030303, "BHS": 0.303030303030303, "BRB": 0.303030303030303, "BLZ": 0.303030303030303, "CPV": 0.333333333333334, "COM": 0.333333333333334, "CUB": 0.030303030303031, "DMA": 0.303030303030303, "DOM": 0.303030303030303, "FJI": 0.0909090909090916, "GRD": 0.303030303030303, "GNB": 0.333333333333334, "GUY": 0.303030303030303, "HTI": 0.363636363636364, "JAM": 0.303030303030303, "KIR": 0.0909090909090916, "MDV": 1.0, "MHL": 0.0909090909090916, "MUS": 0.333333333333334, "FSM": 0.0909090909090916, "NRU": 0.0909090909090916, "PLW": 0.0909090909090916, "PNG": 0.0909090909090916, "KNA": 0.303030303030303, "LCA": 0.303030303030303, "VCT": 0.303030303030303, "WSM": 0.0909090909090916, "STP": 0.333333333333334, "SYC": 0.333333333333334, "SGP": 0.0, "SLB": 0.0909090909090916, "SUR": 0.303030303030303, "TLS": 1.0, "TON": 0.0909090909090916, "TTO": 0.303030303030303, "TUV": 0.0909090909090916, "VUT": 0.0909090909090916, "ABW": 0.3119999999999997, "AIA": 0.2681818181818178, "ASM": 0.1066060606060615, "COK": 0.2681818181818178, "CUW": 0.286121212121212, "GUM": 0.2334545454545449, "MNP": 0.1316969696969709, "MSR": 0.2681818181818178, "NCL": 0.3070909090909092, "NIU": 0.2681818181818178, "PRI": 0.0549696969696977, "PYF": 0.3069696969696974,