{"data": {"2010": {"ATG": 0.640218257682611, "BHS": 0.491460512270825, "BRB": 0.507145114856448, "BLZ": 0.536861176327755, "CPV": 0.571447254645764, "COM": 0.701073540510602, "CUB": 0.407670817375119, "DMA": 0.540854211265614, "DOM": 0.427354515709273, "FJI": 0.509103025427964, "GRD": 0.553901769562131, "GNB": 0.686567845261422, "GUY": 0.53208491626479, "HTI": 0.608631040379155, "JAM": 0.468014802893919, "KIR": 0.582128140772876, "MDV": 0.526193175934549, "MHL": 0.372200173334113, "MUS": 0.538956017682512, "FSM": 0.593230125542998, "NRU": 0.411605203854086, "PLW": 0.447286248239792, "PNG": 0.669723557031457, "KNA": 0.627079476573076, "LCA": 0.56117115461557, "VCT": 0.537046742409351, "WSM": 0.573569327721737, "STP": 0.420395806865247, "SYC": 0.451082953110099, "SGP": 0.26627663298349, "SLB": 0.570422401080923, "SUR": 0.396162012188663, "TLS": 0.726988525837803, "TON": 0.595004378876445, "TTO": 0.446085820457344, "TUV": 0.402159754477768, "VUT": 0.601867533358844, "ABW": 0.5644976426025855, "AIA": 0.4774279142465777, "ASM": 0.4892069091532443, "COK": 0.4774279142465777, "CUW": 0.4114440139203667, "GUM": 0.412423132288548, "MNP": 0.4293121642816482, "MSR": 0.4774279142465777, "NCL": 0.3863952395568451, "NIU": 0.4774279142465777, "PRI": 0.3741380584334746, "PYF": 0.5643963577039766, "SXM": 0.3667171131902222, "VGB": 0.5644777089699226, "VIR": 0.420747973479493}, "2011": {"ATG": 0.649277182185433, "BHS": 0.485459670215034, "BRB": 0.465758031509567, "BLZ": 0.506991546729196, "CPV": 0.562778735737487, "COM": 0.707255753286656, "CUB": 0.402164378007971, "DMA": 0.54170991589257, "DOM": 0.432340305279162, "FJI": 0.511894507337593, "GRD": 0.553914702129569, "GNB": 0.686025522889735, "GUY": 0.538128891839691, "HTI": 0.599545041632483, "JAM": 0.459290775943689, "KIR": 0.597617436647581, "MDV": 0.527148045378931, "MHL": 0.370933859439147, "MUS": 0.517804735145936, "FSM": 0.596735580488423, "NRU": 0.411605203854086, "PLW": 0.440308963862849, "PNG": 0.667792548100003, "KNA": 0.64022677954618, "LCA": 0.565350453470315, "VCT": 0.546028858694616, "WSM": 0.579355694413386, "STP": 0.416707108186775, "SYC": 0.391797912327413, "SGP": 0.266853516734685, "SLB": 0.557530059106279, "SUR": 0.391316763741223, "TLS": 0.706476000527805, "TON": 0.596769916635279, "TTO": 0.431475908870618, "TUV": 0.399980616864473, "VUT": 0.605150697845575, "ABW": 0.5047379293000651, "AIA": 0.4567692173273996, "ASM": 0.5186793956919142, "COK": 0.4567692173273996, "CUW": 0.3745867351342133, "GUM": 0.3789726843172146, "MNP": 0.4075341173013283, "MSR": 0.4567692173273996, "NCL": 0.4169892109972771, "NIU": 0.4567692173273996, "PRI": 0.3946196956530091, "PYF": 0.5245233188413602, "SXM": 0.4473915214603919, "VGB": 0.57276955529898, "VIR": 0.4336631248791833}, "2012": {"ATG": 0.689017987637066, "BHS": 0.485388194565953, "BRB": 0.436974401477632, "BLZ": 0.507018755383596, "CPV": 0.570036699383328, "COM": 0.708912478232189, "CUB": 0.402413329718585, "DMA": 0.547328751087676, "DOM": 0.435242696077519, "FJI": 0.51028724734129, "GRD": 0.553893147850506, "GNB": 0.685477811948283, "GUY": 0.53116925719601, "HTI": 0.590454732029999, "JAM": 0.447429394495123, "KIR": 0.549324034163329, "MDV": 0.486610112449741, "MHL": 0.36969448839301, "MUS": 0.497483307090109, "FSM": 0.602311432022896, "NRU": 0.411605203854086, "PLW": 0.435738623954528, "PNG": 0.666404341116723, "KNA": 0.646452691974075, "LCA": 0.557529839887428, "VCT": 0.546703464464355, "WSM": 0.580115034210991, "STP": 0.400555253453875, "SYC": 0.403145985710931, "SGP": 0.266682119921996, "SLB": 0.561938765900894, "SUR": 0.406711080680992, "TLS": 0.685959164361993, "TON": 0.593709763092235, "TTO": 0.384090777214044, "TUV": 0.397807945534898, "VUT": 0.603604958634802, "ABW": 0.5203361104808725, "AIA": 0.4531799504904303, "ASM": 0.4549925792390671, "COK": 0.4531799504904303, "CUW": 0.3748713841387549, "GUM": 0.4160587955946694, "MNP": 0.412879250923103, "MSR": 0.4531799504904303, "NCL": 0.4331846066083752, "NIU": 0.4531799504904303, "PRI": 0.3630130862215168, "PYF": 0.4493092665388754, "SXM": 0.4514993263160824, "VGB": 0.5833902923314854, "VIR": 0.359986139522515}, "2013": {"ATG": 0.682632901612416, "BHS": 0.486012284177184, "BRB": 0.429303175439177, "BLZ": 0.458234494141837, "CPV": 0.582570558518118, "COM": 0.693052253396632, "CUB": 0.400338594528527, "DMA": 0.540731981504428, "DOM": 0.431040967101562, "FJI": 0.496197797389572, "GRD": 0.553834951297035, "GNB": 0.684926508626986, "GUY": 0.528571716762724, "HTI": 0.586040864430868, "JAM": 0.456038920552729, "KIR": 0.557128819823234, "MDV": 0.493841305834241, "MHL": 0.368487448765468, "MUS": 0.519245411667677, "FSM": 0.594309467086309, "NRU": 0.411605203854086, "PLW": 0.424152057518291, "PNG": 0.666411525876411, "KNA": 0.636952980246115, "LCA": 0.547841542357652, "VCT": 0.54757831144945, "WSM": 0.58577931588991, "STP": 0.390740913795082, "SYC": 0.426836618350118, "SGP": 0.26693764989298, "SLB": 0.561277784774749, "SUR": 0.401788715461652, "TLS": 0.66543801734037, "TON": 0.595359656859579, "TTO": 0.383017550975835, "TUV": 0.395654673056479, "VUT": 0.602059219424029, "ABW": 0.5272100649589176, "AIA": 0.4602924717916093, "ASM": 0.4422351750251686, "COK": 0.4602924717916093, "CUW": 0.5235442954468068, "GUM": 0.4221348014064567, "MNP": 0.4595031750561451, "MSR": 0.4602924717916093, "NCL": 0.4565839510616377, "NIU": 0.4602924717916093, "PRI": 0.3428103915716937, "PYF": 0.4898465368985952, "SXM": 0.4351722741905929, "VGB": 0.4025437665213576, "VIR": 0.3585997495177719}, "2014": {"ATG": 0.642643954058955, "BHS": 0.48566111859917, "BRB": 0.456802720202282, "BLZ": 0.480083924781148, "CPV": 0.569408008116207, "COM": 0.707366381429276, "CUB": 0.3991212124341, "DMA": 0.54820800718361, "DOM": 0.427351414240821, "FJI": 0.5024739833072, "GRD": 0.553744423324969, "GNB": 0.684369816735924, "GUY": 0.533540942720747, "HTI": 0.581624841403832, "JAM": 0.458055315135618, "KIR": 0.5619331839381, "MDV": 0.494194282770962, "MHL": 0.367307351986755, "MUS": 0.497030819158227, "FSM": 0.594190918551461, "NRU": 0.411605203854086, "PLW": 0.424138475403226, "PNG": 0.666393563977191, "KNA": 0.632056344896421, "LCA": 0.553269373908682, "VCT": 0.549713488559483, "WSM": 0.579299107552964, "STP": 0.384933673197778, "SYC": 0.411121618010903, "SGP": 0.267576352907991, "SLB": 0.575757755028904, "SUR": 0.395808364715508, "TLS": 0.677482680816183, "TON": 0.587952388091725, "TTO": 0.386972410806687, "TUV": 0.393559597131531, "VUT": 0.601879600431835, "ABW": 0.5370203598118968, "AIA": 0.4541331643982454, "ASM": 0.4039344760296015, "COK": 0.4541331643982454, "CUW": 0.4234196429361131, "GUM": 0.410387781484029, "MNP": 0.4111868069821354, "MSR": 0.4541331643982454, "NCL": 0.408847978178848, "NIU": 0.4541331643982454, "PRI": 0.4029066839295065, "PYF": 0.4599473184867689, "SXM": 0.4706453245793607, "VGB": 0.4498287453709554, "VIR": 0.3637953940441394}, "2015": {"ATG": 0.659503957772107, "BHS": 0.496083424922193, "BRB": 0.470555985913521, "BLZ": 0.470843864783952, "CPV": 0.581341023619433, "COM": 0.716198071972569, "CUB": 0.398725012453499, "DMA": 0.538664125955595, "DOM": 0.420987788450994, "FJI": 0.494739166959391, "GRD": 0.553617253078496, "GNB": 0.683636971247773, "GUY": 0.536791003527868, "HTI": 0.577210973804701, "JAM": 0.465348500826474, "KIR": 0.539530555987848, "MDV": 0.493007114716198, "MHL": 0.366156892341754, "MUS": 0.527942913267383, "FSM": 0.594037344313135, "NRU": 0.411605203854086, "PLW": 0.440047078453597, "PNG": 0.666350455419064, "KNA": 0.632852568480898, "LCA": 0.556149860608074, "VCT": 0.554840723760272, "WSM": 0.586728167133627, "STP": 0.379669839771876, "SYC": 0.403270574592482, "SGP": 0.268941030494015, "SLB": 0.580641549743867, "SUR": 0.395115839733581, "TLS": 0.689520878008278, "TON": 0.58900001199972, "TTO": 0.392238400919727, "TUV": 0.39152487318796, "VUT": 0.601699981439641, "ABW": 0.5511075564068044, "AIA": 0.4432813567308912, "ASM": 0.4014870058892701, "COK": 0.4432813567308912, "CUW": 0.3985717024277331, "GUM": 0.4311394492088404,