{"data": {"2010": {"ATG": 0.475050405397549, "BHS": 0.436143411306852, "BRB": 0.373609501639728, "BLZ": 0.464824109326525, "CPV": 0.426110018775532, "COM": 0.52961830128444, "CUB": 0.421389347777565, "DMA": 0.415377486258332, "DOM": 0.421818441946186, "FJI": 0.431723623100551, "GRD": 0.382255710920963, "GNB": 0.661522867671654, "GUY": 0.49375316808245, "HTI": 0.537709177658745, "JAM": 0.430721219114068, "KIR": 0.5228488566015314, "MDV": 0.535078207988865, "MHL": 0.430826024632348, "MUS": 0.429282787754904, "FSM": 0.586518504967882, "NRU": 0.4040263230037987, "PLW": 0.4392697683311682, "PNG": 0.552871095305386, "KNA": 0.422161677258405, "LCA": 0.364165157037745, "VCT": 0.4416174689259062, "WSM": 0.484491087708238, "STP": 0.521849223511314, "SYC": 0.461905284427388, "SGP": 0.386789172164201, "SLB": 0.594528903273214, "SUR": 0.390764528856373, "TLS": 0.527918384433483, "TON": 0.575788487234172, "TTO": 0.37943797561062, "TUV": 0.4767151319250966, "VUT": 0.562532378794039, "ABW": 0.4478010806424934, "AIA": 0.4334469033951726, "ASM": 0.4569565028682973, "COK": 0.4334469033951726, "CUW": 0.3984188385562336, "GUM": 0.4155868717386082, "MNP": 0.4331363464193222, "MSR": 0.4334469033951726, "NCL": 0.380995739500398, "NIU": 0.4334469033951726, "PRI": 0.3668321645519347, "PYF": 0.4475468126870799, "SXM": 0.4100415297930774, "VGB": 0.445938896331385, "VIR": 0.4202543771832794}, "2011": {"ATG": 0.474826851391279, "BHS": 0.433300370374754, "BRB": 0.365784115985879, "BLZ": 0.460956593485487, "CPV": 0.422834183343986, "COM": 0.529233783329438, "CUB": 0.431994812072262, "DMA": 0.417507135772514, "DOM": 0.417447006289357, "FJI": 0.434120004601702, "GRD": 0.380833005534424, "GNB": 0.65420839583995, "GUY": 0.481686631149385, "HTI": 0.537719480064315, "JAM": 0.428552272491476, "KIR": 0.5159392786234333, "MDV": 0.533716875789119, "MHL": 0.434538504787506, "MUS": 0.420757062299698, "FSM": 0.585994102868508, "NRU": 0.4028147257774057, "PLW": 0.43614988741165, "PNG": 0.541205580257838, "KNA": 0.426034875687737, "LCA": 0.363207659998337, "VCT": 0.4322746568585353, "WSM": 0.488493656298681, "STP": 0.521014751272387, "SYC": 0.477414848659684, "SGP": 0.388948032025285, "SLB": 0.592074463757355, "SUR": 0.386181379197183, "TLS": 0.517984098717137, "TON": 0.54951432153581, "TTO": 0.376826749421661, "TUV": 0.4758913149979206, "VUT": 0.548808746854941, "ABW": 0.4601059673489716, "AIA": 0.4299490013082644, "ASM": 0.4652419680228655, "COK": 0.4299490013082644, "CUW": 0.3970615075247189, "GUM": 0.3892955939714351, "MNP": 0.3711308710366651, "MSR": 0.4299490013082644, "NCL": 0.3928510647756056, "NIU": 0.4299490013082644, "PRI": 0.3506766770922606, "PYF": 0.4564062295125523, "SXM": 0.4504773318491337, "VGB": 0.4325692966287949, "VIR": 0.4165570492332718}, "2012": {"ATG": 0.475940631773924, "BHS": 0.431876752044974, "BRB": 0.355785779138877, "BLZ": 0.459014638956761, "CPV": 0.436600282810079, "COM": 0.52802868019493, "CUB": 0.419399356060417, "DMA": 0.420666600769084, "DOM": 0.420286549612259, "FJI": 0.433855880281444, "GRD": 0.380066783955556, "GNB": 0.64207691619246, "GUY": 0.47257092775425, "HTI": 0.538639702671685, "JAM": 0.425753001005963, "KIR": 0.5094879419958434, "MDV": 0.522148757387733, "MHL": 0.4321108052935116, "MUS": 0.413454075375033, "FSM": 0.586200326078687, "NRU": 0.4044514875753365, "PLW": 0.4365693504838163, "PNG": 0.53887136591676, "KNA": 0.423748107355887, "LCA": 0.356942967681444, "VCT": 0.4185243924506863, "WSM": 0.47217303028887, "STP": 0.51819052051822, "SYC": 0.451195005648819, "SGP": 0.387974216558743, "SLB": 0.592298474200583, "SUR": 0.387990654132501, "TLS": 0.512324764807754, "TON": 0.575603336626301, "TTO": 0.368039464097158, "TUV": 0.4710143209599352, "VUT": 0.554211344743595, "ABW": 0.4395481736797366, "AIA": 0.4288442276973856, "ASM": 0.442247830053956, "COK": 0.4288442276973856, "CUW": 0.3754225312451566, "GUM": 0.3836037850673652, "MNP": 0.4161617863575734, "MSR": 0.4288442276973856, "NCL": 0.4115938201378936, "NIU": 0.4288442276973856, "PRI": 0.3309032659077159, "PYF": 0.4967052609807558, "SXM": 0.4896874392811985, "VGB": 0.4310109046652909, "VIR": 0.3195625830273205}, "2013": {"ATG": 0.470953093007517, "BHS": 0.431378872590969, "BRB": 0.355943862119264, "BLZ": 0.415409809128516, "CPV": 0.441308618899479, "COM": 0.526198753142058, "CUB": 0.42033770307383, "DMA": 0.416857068003516, "DOM": 0.420800174414769, "FJI": 0.428593687560886, "GRD": 0.37957052092241, "GNB": 0.638917223393175, "GUY": 0.471282190519166, "HTI": 0.537907176825724, "JAM": 0.421651832163668, "KIR": 0.4918404083287907, "MDV": 0.517673343350464, "MHL": 0.4353714975574149, "MUS": 0.41594601271229, "FSM": 0.583204747225015, "NRU": 0.4010783680206862, "PLW": 0.4346965036239167, "PNG": 0.544225616907172, "KNA": 0.422181245985234, "LCA": 0.35292785365019, "VCT": 0.4335393545022136, "WSM": 0.497952622865235, "STP": 0.515374171191586, "SYC": 0.454115220350298, "SGP": 0.385209955350161, "SLB": 0.588097898061054, "SUR": 0.385236012971699, "TLS": 0.506951716498016, "TON": 0.554957346975081, "TTO": 0.3667640323588, "TUV": 0.4728239455191498, "VUT": 0.560513664098234, "ABW": 0.4216593206876052, "AIA": 0.4290856126151992, "ASM": 0.4241513004450529, "COK": 0.4290856126151992, "CUW": 0.490512466529153, "GUM": 0.3894125429686914, "MNP": 0.3877715860556308, "MSR": 0.4290856126151992, "NCL": 0.4295129601909215, "NIU": 0.4290856126151992, "PRI": 0.3779444183140268, "PYF": 0.4679133816237459, "SXM": 0.4686062770281218, "VGB": 0.3738801742468651, "VIR": 0.3180149186995724}, "2014": {"ATG": 0.462183661878832, "BHS": 0.431714212920378, "BRB": 0.360095511833746, "BLZ": 0.430247652128717, "CPV": 0.438264529708345, "COM": 0.523904163727188, "CUB": 0.420364680902208, "DMA": 0.417112390804788, "DOM": 0.427302295670801, "FJI": 0.427455412623649, "GRD": 0.378326085377741, "GNB": 0.65066844344406, "GUY": 0.466303853007459, "HTI": 0.536693005169196, "JAM": 0.42048256704522, "KIR": 0.4951464525078289, "MDV": 0.515804458197246, "MHL": 0.4322118726538256, "MUS": 0.410588295844664, "FSM": 0.582283308710708, "NRU": 0.4014132384435117, "PLW": 0.4334424160065964, "PNG": 0.54178474676664, "KNA": 0.420631945634276, "LCA": 0.345925086502865, "VCT": 0.4262023134902999, "WSM": 0.484768760963474, "STP": 0.511565416497275, "SYC": 0.440909821996042, "SGP": 0.382975475363623, "SLB": 0.585089035382551, "SUR": 0.384215311835287, "TLS": 0.50502797401495, "TON": 0.574317861034357, "TTO": 0.365755523261358, "TUV": 0.4615295996185252, "VUT": 0.551853429462893, "ABW": 0.3951193057080575, "AIA": 0.4187973755472487, "ASM": 0.4395818774173119, "COK": 0.4187973755472487, "CUW": 0.4569112376728944, "GUM": 0.4079643086615271, "MNP": 0.438307705575751, "MSR": 0.4187973755472487, "NCL": 0.3828310420403458, "NIU": 0.4187973755472487, "PRI": 0.3324186123192736, "PYF": 0.4335664534790108, "SXM": 0.4433334286907655, "VGB": 0.3854136230062664, "VIR": 0.3485068890609222}, "2015": {"ATG": 0.466174580268783, "BHS": 0.435141926303189, "BRB": 0.362666675976212, "BLZ": 0.416955497406236, "CPV": 0.418693207573246, "COM": 0.523629837013713, "CUB": 0.428284983963295, "DMA": 0.414518661908391, "DOM": 0.429568495141428, "FJI": 0.424144763572923, "GRD": 0.37776175607823, "GNB": 0.640699397966768, "GUY": 0.465564978427424, "HTI": 0.537073468881618, "JAM": 0.422786064965442, "KIR": 0.5025579479330261, "MDV": 0.506673571471675, "MHL": 0.4397980731329159, "MUS": 0.417588025194112, "FSM": 0.581318948915088, "NRU": 0.4094891183491881, "PLW": 0.4405282272390165, "PNG": 0.516396506819517, "KNA": 0.421093007976529, "LCA": 0.34714480252467, "VCT": 0.4257395238479939, "WSM": 0.476340274868151, "STP": 0.512498303715644, "SYC": 0.436159389890103, "SGP": 0.386318365246863, "SLB": 0.584536220789956, "SUR": 0.379773967866282, "TLS": 0.504460816821115, "TON": 0.573284440081199, "TTO": 0.363463944557155, "TUV": 0.4540865429846635, "VUT": 0.551025100282484, "ABW": 0.4034421018755659, "AIA": 0.4191653928640804, "ASM": 0.4322981074263948, "COK": 0.4191653928640804,