{"data": {"2010": {"ATG": 0.269731577029078, "BHS": 0.192121825088406, "BRB": 0.358975565145254, "BLZ": 0.187693964476069, "CPV": 0.233180478464013, "COM": 0.152606553499521, "CUB": 0.31054790498934, "DMA": 0.298742264809344, "DOM": 0.258421978933839, "FJI": 0.301854799020646, "GRD": 0.448273830927369, "GNB": 0.266678351439138, "GUY": 0.194923282608377, "HTI": 0.142609947842188, "JAM": 0.240286153407086, "KIR": 0.3225646587497545, "MDV": 0.303594675736428, "MHL": 0.156480325146993, "MUS": 0.29747941573098, "FSM": 0.164245583213004, "NRU": 0.4814800540471224, "PLW": 0.362600581112528, "PNG": 0.140845432024374, "KNA": 0.437834066408324, "LCA": 0.252336911572568, "VCT": 0.289036138079229, "WSM": 0.120213358526137, "STP": 0.29634467909959, "SYC": 0.235901758160372, "SGP": 0.660650684389817, "SLB": 0.1758491818552371, "SUR": 0.229170094714416, "TLS": 0.34684509506366, "TON": 0.18382725403574, "TTO": 0.179631935873325, "TUV": 0.2409695888018709, "VUT": 0.153357562030267, "ABW": 0.286501509504606, "AIA": 0.2537331134095389, "ASM": 0.3051466353889336, "COK": 0.2537331134095389, "CUW": 0.316042414522739, "GUM": 0.2871133216082337, "MNP": 0.2711767646446348, "MSR": 0.2537331134095389, "NCL": 0.26311316708784, "NIU": 0.2537331134095389, "PRI": 0.336317952493127, "PYF": 0.1998444843737674, "SXM": 0.3374929761633056, "VGB": 0.2786068416276664, "VIR": 0.2940607175793498}, "2011": {"ATG": 0.267447409338271, "BHS": 0.20701764521443, "BRB": 0.355542166402997, "BLZ": 0.189284398347716, "CPV": 0.240331578833602, "COM": 0.160852609961679, "CUB": 0.279492961996052, "DMA": 0.3174880249215193, "DOM": 0.267774792731515, "FJI": 0.308477819272985, "GRD": 0.470224156365865, "GNB": 0.267814503472376, "GUY": 0.196256371799125, "HTI": 0.143669423746998, "JAM": 0.24777283609804, "KIR": 0.3325808032300157, "MDV": 0.310465063601022, "MHL": 0.161580033640083, "MUS": 0.305303073103711, "FSM": 0.166966832989624, "NRU": 0.4786150599580831, "PLW": 0.371136324288777, "PNG": 0.143101850212051, "KNA": 0.466865599047124, "LCA": 0.259978441899704, "VCT": 0.294821461221773, "WSM": 0.125637157322271, "STP": 0.303388806997007, "SYC": 0.244323485075503, "SGP": 0.703206539893413, "SLB": 0.1864279927006034, "SUR": 0.231388162521653, "TLS": 0.352357083359573, "TON": 0.195456664238092, "TTO": 0.186274165567558, "TUV": 0.2467112013826515, "VUT": 0.152225566975066, "ABW": 0.2310861157652498, "AIA": 0.2576274519687325, "ASM": 0.362633850941919, "COK": 0.2576274519687325, "CUW": 0.275383850684049, "GUM": 0.3354227918377553, "MNP": 0.3023676483944367, "MSR": 0.2576274519687325, "NCL": 0.2447970817983765, "NIU": 0.2576274519687325, "PRI": 0.3511596775335477, "PYF": 0.2596612806284089, "SXM": 0.2865853035924725, "VGB": 0.3013561420086483, "VIR": 0.3203736589515313}, "2012": {"ATG": 0.304669562013144, "BHS": 0.236488082931974, "BRB": 0.363954836442875, "BLZ": 0.190678380054535, "CPV": 0.241139070244071, "COM": 0.166360510882412, "CUB": 0.241967685589262, "DMA": 0.3346174812182007, "DOM": 0.278101881485683, "FJI": 0.309580513912239, "GRD": 0.492969013025852, "GNB": 0.273158860880013, "GUY": 0.197879919348346, "HTI": 0.151484728396874, "JAM": 0.251921559965697, "KIR": 0.3210494879316518, "MDV": 0.314968297634476, "MHL": 0.166263075466507, "MUS": 0.315028449584652, "FSM": 0.171278125501948, "NRU": 0.4681024641871132, "PLW": 0.382485753369631, "PNG": 0.145077717447496, "KNA": 0.507079817591625, "LCA": 0.251638445668166, "VCT": 0.297579591438878, "WSM": 0.129329697785073, "STP": 0.309138187385715, "SYC": 0.24304998418241, "SGP": 0.703010125221344, "SLB": 0.187616856902877, "SUR": 0.235245037952136, "TLS": 0.354716034808093, "TON": 0.20310916197334, "TTO": 0.192799028617054, "TUV": 0.2557800871707383, "VUT": 0.154868886793002, "ABW": 0.2937439180692766, "AIA": 0.2675835213699026, "ASM": 0.3742914262533354, "COK": 0.2675835213699026, "CUW": 0.297954927659644, "GUM": 0.3695577000752283, "MNP": 0.3075669751850596, "MSR": 0.2675835213699026, "NCL": 0.2510088639796337, "NIU": 0.2675835213699026, "PRI": 0.3882280691784378, "PYF": 0.2545023027334028, "SXM": 0.2946822308925392, "VGB": 0.2686306265192407, "VIR": 0.3999470654674344}, "2013": {"ATG": 0.312630617176887, "BHS": 0.225869349364577, "BRB": 0.367747715646494, "BLZ": 0.191612302247468, "CPV": 0.246885260742069, "COM": 0.169886889548769, "CUB": 0.213202743535169, "DMA": 0.3231436305864568, "DOM": 0.280602363837933, "FJI": 0.309453888965236, "GRD": 0.518934366602506, "GNB": 0.272182679700954, "GUY": 0.199198667274224, "HTI": 0.152318757815224, "JAM": 0.250583247615449, "KIR": 0.3390596168850363, "MDV": 0.320329465811059, "MHL": 0.169100466708537, "MUS": 0.320257619682939, "FSM": 0.17379651225324, "NRU": 0.4931698308775472, "PLW": 0.398207229908379, "PNG": 0.146979467769127, "KNA": 0.545294895735907, "LCA": 0.257927562615444, "VCT": 0.303596505558395, "WSM": 0.132004151890275, "STP": 0.311907424325535, "SYC": 0.253055863845268, "SGP": 0.723526393633126, "SLB": 0.1955529550798622, "SUR": 0.239215794318583, "TLS": 0.358665429829143, "TON": 0.208990945583917, "TTO": 0.198566690459059, "TUV": 0.2659012320613615, "VUT": 0.150597445472316, "ABW": 0.2377380304339603, "AIA": 0.2801182712814238, "ASM": 0.2827350757170126, "COK": 0.2801182712814238, "CUW": 0.2753083888698358, "GUM": 0.3224678301709672, "MNP": 0.2913718305984153, "MSR": 0.2801182712814238, "NCL": 0.2902951122884955, "NIU": 0.2801182712814238, "PRI": 0.3490669752624463, "PYF": 0.2579728578561516, "SXM": 0.2814564623883107, "VGB": 0.3140315477162553, "VIR": 0.436312241599456}, "2014": {"ATG": 0.302227671272647, "BHS": 0.230051519428886, "BRB": 0.362538703918447, "BLZ": 0.193758277002546, "CPV": 0.249454785229054, "COM": 0.172283852948326, "CUB": 0.19629516751878, "DMA": 0.3402660076887474, "DOM": 0.284764406240448, "FJI": 0.3118021604099, "GRD": 0.558259808539905, "GNB": 0.273524245456958, "GUY": 0.201022051916548, "HTI": 0.152978784230591, "JAM": 0.257302173698324, "KIR": 0.3277800330765695, "MDV": 0.324813081049922, "MHL": 0.173221743851956, "MUS": 0.324313614966869, "FSM": 0.173579921615238, "NRU": 0.4840467220140434, "PLW": 0.389422446594235, "PNG": 0.148984278209422, "KNA": 0.590031406595101, "LCA": 0.267117152898936, "VCT": 0.311520392785369, "WSM": 0.140273302592965, "STP": 0.314810408195033, "SYC": 0.260139018781828, "SGP": 0.731102944034635, "SLB": 0.2030326343770217, "SUR": 0.243606343525016, "TLS": 0.36556453747275, "TON": 0.203054087629552, "TTO": 0.204112207027673, "TUV": 0.2720503979599465, "VUT": 0.168962617194346, "ABW": 0.3154162902468244, "AIA": 0.2823940227765754, "ASM": 0.2817224698818526, "COK": 0.2823940227765754, "CUW": 0.2983053611199325, "GUM": 0.3206082282566312, "MNP": 0.2955605031758053, "MSR": 0.2823940227765754, "NCL": 0.2792790224324472, "NIU": 0.2823940227765754, "PRI": 0.498230072427943, "PYF": 0.2069150325888862, "SXM": 0.3041150584635298, "VGB": 0.2654214756896685, "VIR": 0.4120873218022977}, "2015": {"ATG": 0.302723874874255, "BHS": 0.235448868796941, "BRB": 0.397516602304668, "BLZ": 0.199312784677521, "CPV": 0.249034357406407, "COM": 0.173793759069778, "CUB": 0.195254593873563, "DMA": 0.3268510085371824, "DOM": 0.293908609387594, "FJI": 0.31592584522028, "GRD": 0.580502633843532, "GNB": 0.273677715200291, "GUY": 0.203100822010395, "HTI": 0.153513914512463, "JAM": 0.250721255835174, "KIR": 0.3459984554000495, "MDV": 0.34383963888353, "MHL": 0.175049287542975, "MUS": 0.324268456737191, "FSM": 0.173422023353114, "NRU": 0.4883776797388743, "PLW": 0.390973452540836, "PNG": 0.150365908284439, "KNA": 0.614754518373487, "LCA": 0.269094220638797, "VCT": 0.276048337079603, "WSM": 0.146307182287489, "STP": 0.324564850267824, "SYC": 0.283213360168342, "SGP": 0.730915241869869, "SLB": 0.2062742519742474, "SUR": 0.247762929368656, "TLS": 0.370112511310031, "TON": 0.208609997253565, "TTO": 0.208690491155156, "TUV": 0.2682481709278502, "VUT": 0.173341028605486, "ABW": 0.3385727279123378, "AIA": 0.2911408241465599, "ASM": 0.3049444283430923, "COK": 0.2911408241465599,