{"data": {"2010": {"ATG": 0.675403225806452, "BHS": 0.433467741935484, "BRB": 0.0, "BLZ": 0.836693548387097, "CPV": 0.3125, "COM": 0.231854838709677, "CUB": 0.514112903225806, "DMA": 0.182459677419355, "DOM": 0.514112903225806, "FJI": 0.514112903225806, "GRD": 0.393145161290323, "GNB": 0.726814516129032, "GUY": 0.9375, "HTI": 0.766129032258065, "JAM": 0.269153225806452, "KIR": 0.5119959677419337, "MDV": 0.0, "MHL": 0.4496471774193547, "MUS": 0.0191532258064517, "FSM": 0.826612903225806, "NRU": 0.3596532258064517, "PLW": 0.3840342741935483, "PNG": 0.967741935483871, "KNA": 0.579637096774194, "LCA": 0.7142782258064545, "VCT": 0.30241935483871, "WSM": 0.866935483870968, "STP": 0.32258064516129, "SYC": 0.0352822580645161, "SGP": 0.0, "SLB": 0.987903225806452, "SUR": 0.743951612903226, "TLS": 0.6253850806451594, "TON": 0.735887096774194, "TTO": 0.493951612903226, "TUV": 0.4759455645161278, "VUT": 0.766129032258065, "ABW": 0.5463245967741968, "AIA": 0.6471270161290336, "ASM": 0.5563770161290332, "COK": 0.6471270161290336, "CUW": 0.2337822580645162, "GUM": 0.2361915322580645, "MNP": 0.5236350806451633, "MSR": 0.6471270161290336, "NCL": 0.5661310483870974, "NIU": 0.6471270161290336, "PRI": 0.2553891129032256, "PYF": 0.649242647058826, "SXM": 0.2738165322580648, "VGB": 0.5500987903225828, "VIR": 0.2978548387096775}, "2011": {"ATG": 0.675403225806452, "BHS": 0.433467741935484, "BRB": 0.0, "BLZ": 0.836693548387097, "CPV": 0.3125, "COM": 0.231854838709677, "CUB": 0.514112903225806, "DMA": 0.182459677419355, "DOM": 0.514112903225806, "FJI": 0.514112903225806, "GRD": 0.393145161290323, "GNB": 0.726814516129032, "GUY": 0.9375, "HTI": 0.766129032258065, "JAM": 0.269153225806452, "KIR": 0.5125806451612889, "MDV": 0.0, "MHL": 0.4446290322580639, "MUS": 0.0191532258064517, "FSM": 0.826612903225806, "NRU": 0.3414596774193541, "PLW": 0.4051391129032264, "PNG": 0.967741935483871, "KNA": 0.579637096774194, "LCA": 0.7317197580645183, "VCT": 0.30241935483871, "WSM": 0.866935483870968, "STP": 0.32258064516129, "SYC": 0.0352822580645161, "SGP": 0.0, "SLB": 0.987903225806452, "SUR": 0.743951612903226, "TLS": 0.6134798387096765, "TON": 0.735887096774194, "TTO": 0.493951612903226, "TUV": 0.4331552419354832, "VUT": 0.766129032258065, "ABW": 0.5248024193548405, "AIA": 0.6230181451612915, "ASM": 0.6120221774193573, "COK": 0.6230181451612915, "CUW": 0.3377641129032263, "GUM": 0.247193548387097, "MNP": 0.3753266129032267, "MSR": 0.6230181451612915, "NCL": 0.6258286290322593, "NIU": 0.6230181451612915, "PRI": 0.1347096774193548, "PYF": 0.6072681451612917, "SXM": 0.45048185483871, "VGB": 0.4537298387096802, "VIR": 0.3047338709677423}, "2012": {"ATG": 0.675403225806452, "BHS": 0.433467741935484, "BRB": 0.0, "BLZ": 0.836693548387097, "CPV": 0.3125, "COM": 0.231854838709677, "CUB": 0.514112903225806, "DMA": 0.182459677419355, "DOM": 0.514112903225806, "FJI": 0.514112903225806, "GRD": 0.393145161290323, "GNB": 0.726814516129032, "GUY": 0.9375, "HTI": 0.766129032258065, "JAM": 0.269153225806452, "KIR": 0.5237701612903212, "MDV": 0.0, "MHL": 0.4527883064516122, "MUS": 0.0191532258064517, "FSM": 0.826612903225806, "NRU": 0.3444092741935475, "PLW": 0.3846189516129033, "PNG": 0.967741935483871, "KNA": 0.579637096774194, "LCA": 0.7318205645161316, "VCT": 0.30241935483871, "WSM": 0.866935483870968, "STP": 0.32258064516129, "SYC": 0.0352822580645161, "SGP": 0.0, "SLB": 0.987903225806452, "SUR": 0.743951612903226, "TLS": 0.5801310483870961, "TON": 0.735887096774194, "TTO": 0.493951612903226, "TUV": 0.4262560483870963, "VUT": 0.766129032258065, "ABW": 0.4283407258064529, "AIA": 0.6256794354838714, "ASM": 0.4392116935483869, "COK": 0.6256794354838714, "CUW": 0.3108064516129034, "GUM": 0.3151270161290324, "MNP": 0.578933467741936, "MSR": 0.6256794354838714, "NCL": 0.4731854838709678, "NIU": 0.6256794354838714, "PRI": 0.1246169354838707, "PYF": 0.6497741935483885, "SXM": 0.6508125000000003, "VGB": 0.5526975806451631, "VIR": 0.1365947580645159}, "2013": {"ATG": 0.675403225806452, "BHS": 0.433467741935484, "BRB": 0.0, "BLZ": 0.836693548387097, "CPV": 0.3125, "COM": 0.231854838709677, "CUB": 0.514112903225806, "DMA": 0.182459677419355, "DOM": 0.514112903225806, "FJI": 0.514112903225806, "GRD": 0.393145161290323, "GNB": 0.726814516129032, "GUY": 0.9375, "HTI": 0.766129032258065, "JAM": 0.269153225806452, "KIR": 0.5295786290322564, "MDV": 0.0, "MHL": 0.4443387096774187, "MUS": 0.0191532258064517, "FSM": 0.826612903225806, "NRU": 0.352201612903225, "PLW": 0.3919153225806452, "PNG": 0.967741935483871, "KNA": 0.579637096774194, "LCA": 0.7335665322580663, "VCT": 0.30241935483871, "WSM": 0.866935483870968, "STP": 0.32258064516129, "SYC": 0.0352822580645161, "SGP": 0.0, "SLB": 0.987903225806452, "SUR": 0.743951612903226, "TLS": 0.5653104838709668, "TON": 0.735887096774194, "TTO": 0.493951612903226, "TUV": 0.4217358870967739, "VUT": 0.766129032258065, "ABW": 0.4876451612903241, "AIA": 0.6033608870967747, "ASM": 0.3501955645161295, "COK": 0.6033608870967747, "CUW": 0.5616572580645178, "GUM": 0.2623467741935488, "MNP": 0.5249939516129046, "MSR": 0.6033608870967747, "NCL": 0.6093830645161301, "NIU": 0.6033608870967747, "PRI": 0.2820826612903225, "PYF": 0.3243931451612912, "SXM": 0.5796612903225823, "VGB": 0.2300887096774194, "VIR": 0.1834395161290322}, "2014": {"ATG": 0.675403225806452, "BHS": 0.433467741935484, "BRB": 0.0, "BLZ": 0.836693548387097, "CPV": 0.3125, "COM": 0.231854838709677, "CUB": 0.514112903225806, "DMA": 0.182459677419355, "DOM": 0.514112903225806, "FJI": 0.514112903225806, "GRD": 0.393145161290323, "GNB": 0.726814516129032, "GUY": 0.9375, "HTI": 0.766129032258065, "JAM": 0.269153225806452, "KIR": 0.5148371011949218, "MDV": 0.0, "MHL": 0.4257684741333469, "MUS": 0.0191532258064517, "FSM": 0.826612903225806, "NRU": 0.3463771188260117, "PLW": 0.3837003247060868, "PNG": 0.967741935483871, "KNA": 0.579637096774194, "LCA": 0.7211781139875327, "VCT": 0.30241935483871, "WSM": 0.866935483870968, "STP": 0.32258064516129, "SYC": 0.0352822580645161, "SGP": 0.0, "SLB": 0.987903225806452, "SUR": 0.743951612903226, "TLS": 0.5636471435812668, "TON": 0.735887096774194, "TTO": 0.493951612903226, "TUV": 0.4156445444691625, "VUT": 0.766129032258065, "ABW": 0.5441392909512723, "AIA": 0.5978509487089676, "ASM": 0.4667180088694376, "COK": 0.5978509487089676, "CUW": 0.2701168818667426, "GUM": 0.2611014294246896, "MNP": 0.5851320618405083, "MSR": 0.5978509487089676, "NCL": 0.6415394876973679, "NIU": 0.5978509487089676, "PRI": 0.184881950603129, "PYF": 0.6404476926565378, "SXM": 0.6011182045097992, "VGB": 0.2710460783012576, "VIR": 0.21512065324249}, "2015": {"ATG": 0.675403225806452, "BHS": 0.433467741935484, "BRB": 0.0, "BLZ": 0.836693548387097, "CPV": 0.3125, "COM": 0.231854838709677, "CUB": 0.514112903225806, "DMA": 0.182459677419355, "DOM": 0.514112903225806, "FJI": 0.514112903225806, "GRD": 0.393145161290323, "GNB": 0.726814516129032, "GUY": 0.9375, "HTI": 0.766129032258065, "JAM": 0.269153225806452, "KIR": 0.5220463709677403, "MDV": 0.0, "MHL": 0.4446350806451604, "MUS": 0.0191532258064517, "FSM": 0.826612903225806, "NRU": 0.375427419354838, "PLW": 0.3871209677419358, "PNG": 0.967741935483871, "KNA": 0.579637096774194, "LCA": 0.7122842741935511, "VCT": 0.30241935483871, "WSM": 0.866935483870968, "STP": 0.32258064516129, "SYC": 0.0352822580645161, "SGP": 0.0, "SLB": 0.987903225806452, "SUR": 0.743951612903226, "TLS": 0.571588709677418, "TON": 0.735887096774194, "TTO": 0.493951612903226, "TUV": 0.4436895161290317, "VUT": 0.766129032258065, "ABW": 0.6000241935483893, "AIA": 0.6030967741935496, "ASM": 0.4567076612903238, "COK": 0.6030967741935496, "CUW": 0.395090725806453, "GUM": 0.3487983870967749, "MNP": 0.3624858870967752, "MSR": 0.6030967741935496, "NCL": 0.6404616935483901, "NIU": 0.6030967741935496, "PRI": 0.1596048387096774, "PYF": 0.2913588709677426, "SXM": 0.6684012096774199, "VGB": 0.089516129032258, "VIR": 0.2096149193548389}}, "upperIntervals": {"2010": {"KIR": 0.979838709677419, "MHL": 0.907258064516129,