{"data": {"2010": {"ATG": 0.959227502346039, "BHS": 0.72248649597168, "BRB": 1.08103048801422, "BLZ": -0.339511960744858, "CPV": 0.474659562110901, "COM": -1.04638624191284, "CUB": -0.718004047870636, "DMA": 0.705635607242584, "DOM": -0.808333456516266, "FJI": -0.848421394824982, "GRD": 0.108442597091198, "GNB": -1.33144378662109, "GUY": -0.474380105733871, "HTI": -1.37032675743103, "JAM": -0.453684866428375, "KIR": 0.0550852306187153, "MDV": -0.337033957242966, "MHL": -0.260284900665283, "MUS": 0.858103692531586, "FSM": -0.101545855402946, "NRU": 0.46453732252121, "PLW": 0.754106283187866, "PNG": -0.909173190593719, "KNA": 0.699666321277618, "LCA": 0.845626354217529, "VCT": 0.877322494983673, "WSM": 0.666588068008423, "STP": -0.663464367389679, "SYC": 0.0312936939299107, "SGP": 1.62594163417816, "SLB": -0.651803076267242, "SUR": -0.0525209940969944, "TLS": -0.953125132203102, "TON": 0.0694312080740929, "TTO": -0.169362649321556, "TUV": 0.999276459217072, "VUT": 0.263579219579697, "ABW": 0.7106449985504151, "AIA": -0.0714895985778421, "ASM": 0.4612939692735672, "COK": -0.0714895985778421, "CUW": 0.6831131765842438, "GUM": 1.0086349849700929, "MNP": 0.4506327263712884, "MSR": -0.0714895985778421, "NCL": 0.9628568177223206, "NIU": -0.0714895985778421, "PRI": 1.0968962811231615, "PYF": 0.6728570969700813, "SXM": 0.7075519013404846, "VGB": 0.7767326045036316, "VIR": 0.9390367960929872}, "2011": {"ATG": 0.94947212934494, "BHS": 0.617183029651642, "BRB": 1.08179557323456, "BLZ": -0.485015630722046, "CPV": 0.510734975337982, "COM": -1.00294435024261, "CUB": -0.690741539001465, "DMA": 0.648809731006622, "DOM": -0.773406386375427, "FJI": -0.824531316757202, "GRD": 0.137342363595963, "GNB": -1.30637729167938, "GUY": -0.510898888111115, "HTI": -1.40770125389099, "JAM": -0.398841857910156, "KIR": 0.100228667259216, "MDV": -0.554024219512939, "MHL": 0.12300767749548, "MUS": 0.901600897312164, "FSM": -0.0612993724644184, "NRU": 0.562195599079132, "PLW": 0.894978165626526, "PNG": -0.805611968040466, "KNA": 0.720971167087555, "LCA": 0.787003755569458, "VCT": 0.924631595611572, "WSM": 0.688720285892487, "STP": -0.661357581615448, "SYC": -0.0115596372634172, "SGP": 1.66999232769012, "SLB": -0.523234486579895, "SUR": -0.0429522395133972, "TLS": -0.4509481735825538, "TON": -0.0166459009051323, "TTO": -0.153959646821022, "TUV": 0.473808228969574, "VUT": 0.274797648191452, "ABW": 0.5699120102524757, "AIA": -0.0662204644288867, "ASM": 0.8268217550516128, "COK": -0.0662204644288867, "CUW": 0.3203083457425236, "GUM": 0.7757521770000457, "MNP": 0.6288087620139122, "MSR": -0.0662204644288867, "NCL": 0.6777541188001632, "NIU": -0.0662204644288867, "PRI": 1.0549247466325764, "PYF": 0.4941196469068527, "SXM": 0.6219326629638672, "VGB": 0.6954271131157875, "VIR": 1.0406661409139637}, "2012": {"ATG": 0.951546370983124, "BHS": 0.619721949100494, "BRB": 1.03167641162872, "BLZ": -0.457807391881943, "CPV": 0.524149298667908, "COM": -1.01576924324036, "CUB": -0.705526888370514, "DMA": 0.637001752853394, "DOM": -0.68777072429657, "FJI": -0.791216909885406, "GRD": 0.125437870621681, "GNB": -1.52277839183807, "GUY": -0.523705303668976, "HTI": -1.32745087146759, "JAM": -0.375789105892181, "KIR": 0.141667157411575, "MDV": -0.541809141635895, "MHL": 0.0284797567874193, "MUS": 0.974966704845428, "FSM": -0.0155285876244307, "NRU": 0.732393383979797, "PLW": 0.903807640075684, "PNG": -0.836267173290253, "KNA": 0.707597315311432, "LCA": 0.661241233348846, "VCT": 0.90910804271698, "WSM": 0.676024377346039, "STP": -0.747815072536469, "SYC": -0.0142718395218253, "SGP": 1.73118603229523, "SLB": -0.540003180503845, "SUR": -0.0574045069515705, "TLS": -0.84410664331913, "TON": -0.0375958532094955, "TTO": -0.141139626502991, "TUV": 0.461471766233444, "VUT": 0.284567147493362, "ABW": 0.5535043333470822, "AIA": -0.0708809840232134, "ASM": 0.79786255466938, "COK": -0.0708809840232134, "CUW": 0.827052268743515, "GUM": 0.7268690774440766, "MNP": 0.6421536593437195, "MSR": -0.0708809840232134, "NCL": 0.4735774299800396, "NIU": -0.0708809840232134, "PRI": 1.0385850163698196, "PYF": 0.63757162129879, "SXM": 0.0176781235244125, "VGB": 0.7712014665603638, "VIR": 1.0087599174976347}, "2013": {"ATG": 0.837808132171631, "BHS": 0.637909829616547, "BRB": 1.046182513237, "BLZ": -0.467051774263382, "CPV": 0.535970628261566, "COM": -0.936803698539734, "CUB": -0.697264194488525, "DMA": 0.648914933204651, "DOM": -0.532390594482422, "FJI": -0.822952628135681, "GRD": 0.133370637893677, "GNB": -1.5855541229248, "GUY": -0.530195772647858, "HTI": -1.29426336288452, "JAM": -0.350025057792664, "KIR": 0.181601002812386, "MDV": -0.746615350246429, "MHL": 0.133154690265656, "MUS": 0.950068414211273, "FSM": 0.0653603225946426, "NRU": 0.623327970504761, "PLW": 0.903464019298553, "PNG": -0.947535812854767, "KNA": 0.724071860313416, "LCA": 0.700886607170105, "VCT": 0.877453088760376, "WSM": 0.683294892311096, "STP": -0.768153011798859, "SYC": 0.0717096105217934, "SGP": 1.70552384853363, "SLB": -0.525551378726959, "SUR": -0.0451611429452896, "TLS": -0.9427737963199616, "TON": -0.0054401247762143, "TTO": -0.168493673205376, "TUV": 0.4851975440979, "VUT": 0.309302449226379, "ABW": 0.861456714630127, "AIA": -0.0729121056264266, "ASM": 0.3150797674804926, "COK": -0.0729121056264266, "CUW": 0.6759249308109283, "GUM": 0.8939454423189164, "MNP": 0.4720653985738754, "MSR": -0.0729121056264266, "NCL": 0.3227756592482328, "NIU": -0.0729121056264266, "PRI": 0.8432780566215515, "PYF": 0.7479911377429962, "SXM": 0.4313158648014069, "VGB": 0.7549438338279724, "VIR": 0.8731786553859711}, "2014": {"ATG": -0.177203804254532, "BHS": 0.665428876876831, "BRB": 1.08249258995056, "BLZ": -0.745151877403259, "CPV": 0.634805202484131, "COM": -0.891699731349945, "CUB": -0.657768964767456, "DMA": 0.492903143167496, "DOM": -0.405669420957565, "FJI": -0.511486351490021, "GRD": -0.16748471558094, "GNB": -1.32520592212677, "GUY": -0.616555035114288, "HTI": -1.18546009063721, "JAM": -0.282042771577835, "KIR": -0.124372519552708, "MDV": -0.530172228813171, "MHL": -0.222078680992126, "MUS": 0.912838041782379, "FSM": -0.280935525894165, "NRU": -1.00908720493317, "PLW": 0.275592654943466, "PNG": -0.801755964756012, "KNA": 0.0712336003780365, "LCA": 0.56762307882309, "VCT": 0.552873969078064, "WSM": 0.717397809028625, "STP": -0.792880535125732, "SYC": 0.126385927200317, "SGP": 1.82477498054504, "SLB": -0.502281188964844, "SUR": -0.137176558375359, "TLS": -0.6652381486296655, "TON": -0.145887270569801, "TTO": -0.0908052697777748, "TUV": 0.373632431030273, "VUT": 0.178619623184204, "ABW": 0.4584753044024109, "AIA": -0.0212289430387317, "ASM": -0.2657804322130979, "COK": -0.0212289430387317, "CUW": 0.8087857106029985, "GUM": 0.8964280565977095, "MNP": 0.4919566275775432, "MSR": -0.0212289430387317, "NCL": 0.6304156941100953, "NIU": -0.0212289430387317, "PRI": 0.8573410183191297, "PYF": 0.3616444560810923, "SXM": 0.0388285767026245, "VGB": 0.4711648904308674, "VIR": 0.8816259965002534}, "2015": {"ATG": 0.589885592460632, "BHS": 0.597119152545929, "BRB": 1.09521520137787, "BLZ": -0.720960676670074, "CPV": 0.59074455499649, "COM": -0.815206408500671, "CUB": -0.701459407806396, "DMA": 0.673465549945831, "DOM": -0.512687921524048, "FJI": -0.404102802276611, "GRD": 0.144667223095894, "GNB": -1.28354132175446, "GUY": -0.527467489242554, "HTI": -1.18063676357269, "JAM": -0.227322101593018, "KIR": -0.155258491635323, "MDV": -0.576265394687653, "MHL": -0.212631493806839, "MUS": 0.855314135551453, "FSM": -0.295544415712357, "NRU": -1.08618581295013, "PLW": 0.244668811559677, "PNG": -0.869289100170135, "KNA": 0.479523688554764, "LCA": 0.672844886779785, "VCT": 0.592869758605957, "WSM": 0.69847697019577, "STP": -0.756078660488129, "SYC": 0.2010458111763, "SGP": 1.81347525119781, "SLB": -0.48620331287384, "SUR": -0.195380493998528, "TLS": -0.8134237440628176, "TON": -0.200855284929276, "TTO": -0.116000026464462, "TUV": 0.357033252716064, "VUT": 0.104121528565884, "ABW": 0.5611133509558582,