{"data": {"2010": {"ATG": 0.725706276098201, "BHS": 0.740958866012301, "BRB": 0.752471359527982, "BLZ": 0.582184215353652, "CPV": 0.714695563832668, "COM": 0.473263514811142, "CUB": 0.630140841313917, "DMA": 0.725382695714881, "DOM": 0.5623419146387, "FJI": 0.537255917601313, "GRD": 0.659218994545711, "GNB": 0.451248650450036, "GUY": 0.491143939682189, "HTI": 0.40836579319097, "JAM": 0.496204060154791, "KIR": 0.814741169314214, "MDV": 0.541483593506941, "MHL": 0.768366446337892, "MUS": 0.680178594067015, "FSM": 0.77804005246168, "NRU": 0.820115752558917, "PLW": 0.820115752558917, "PNG": 0.431043880484856, "KNA": 0.748253867261193, "LCA": 0.70597710820492, "VCT": 0.70597710820492, "WSM": 0.701749437424425, "STP": 0.589925515727762, "SYC": 0.717411576699129, "SGP": 0.771178053181002, "SLB": 0.629109259712701, "SUR": 0.584256082312831, "TLS": 0.4484939108707405, "TON": 0.688681578862345, "TTO": 0.561332592129797, "TUV": 0.814741169314214, "VUT": 0.789375103630185, "ABW": 0.7381545576042815, "AIA": 0.56112944503855, "ASM": 0.7073899698363441, "COK": 0.56112944503855, "CUW": 0.7046484953307186, "GUM": 0.6917920908499906, "MNP": 0.7213927469407876, "MSR": 0.56112944503855, "NCL": 0.6592391518569414, "NIU": 0.56112944503855, "PRI": 0.6585930457606252, "PYF": 0.7172014692156673, "SXM": 0.6139068253909696, "VGB": 0.7305495573689349, "VIR": 0.7473221961054578}, "2011": {"ATG": 0.734750034153885, "BHS": 0.759863502543624, "BRB": 0.784370841979774, "BLZ": 0.596196607699212, "CPV": 0.6943397869552, "COM": 0.475018165520633, "CUB": 0.618290273539407, "DMA": 0.765974854376528, "DOM": 0.569989837220653, "FJI": 0.557813204449501, "GRD": 0.632002079409874, "GNB": 0.440470947221301, "GUY": 0.495388738656441, "HTI": 0.399792676078652, "JAM": 0.55924139957618, "KIR": 0.794062816579453, "MDV": 0.52834736567355, "MHL": 0.752672080228254, "MUS": 0.732843074748381, "FSM": 0.759479650598787, "NRU": 0.752672080228254, "PLW": 0.752672080228254, "PNG": 0.440290132536754, "KNA": 0.734750034153885, "LCA": 0.716089487196434, "VCT": 0.716089487196434, "WSM": 0.740081597034016, "STP": 0.5714186146455, "SYC": 0.731339135284317, "SGP": 0.774962594730904, "SLB": 0.622963800121134, "SUR": 0.590704961296637, "TLS": 0.5238410538418972, "TON": 0.731346710230569, "TTO": 0.59433442914139, "TUV": 0.794062816579453, "VUT": 0.760863600454161, "ABW": 0.7262496141228393, "AIA": 0.5589931005518061, "ASM": 0.752995024152083, "COK": 0.5589931005518061, "CUW": 0.6752970999866654, "GUM": 0.6756909914505802, "MNP": 0.7534666650703569, "MSR": 0.5589931005518061, "NCL": 0.7075071530658206, "NIU": 0.5589931005518061, "PRI": 0.6708224909133451, "PYF": 0.7150977060233631, "SXM": 0.7529206314147157, "VGB": 0.7125314867247545, "VIR": 0.7648892611739774}, "2012": {"ATG": 0.737879870741691, "BHS": 0.773690741779738, "BRB": 0.774024305921718, "BLZ": 0.601071769817413, "CPV": 0.709212030515287, "COM": 0.492288873845144, "CUB": 0.622910473114538, "DMA": 0.738704883866131, "DOM": 0.613472453969338, "FJI": 0.558417401228031, "GRD": 0.654794006153111, "GNB": 0.404069886392617, "GUY": 0.484153612201785, "HTI": 0.434543679907659, "JAM": 0.590796592264363, "KIR": 0.79197557550321, "MDV": 0.50727382932537, "MHL": 0.746583688990215, "MUS": 0.737110188550765, "FSM": 0.767988847055049, "NRU": 0.746583688990215, "PLW": 0.746583688990215, "PNG": 0.468533786023328, "KNA": 0.737879870741691, "LCA": 0.723764086529954, "VCT": 0.729813711263631, "WSM": 0.741912950480721, "STP": 0.572366005530346, "SYC": 0.698064866714567, "SGP": 0.805358937239346, "SLB": 0.602285665204514, "SUR": 0.583714372434461, "TLS": 0.448326307220467, "TON": 0.72390317238339, "TTO": 0.588005416763088, "TUV": 0.79197557550321, "VUT": 0.776730294028458, "ABW": 0.7222000167735371, "AIA": 0.5597889856542114, "ASM": 0.7483770304546047, "COK": 0.5597889856542114, "CUW": 0.6898038811154539, "GUM": 0.6871148830903935, "MNP": 0.7492266855044669, "MSR": 0.5597889856542114, "NCL": 0.6664137732695394, "NIU": 0.5597889856542114, "PRI": 0.7321015894389795, "PYF": 0.7312841067765875, "SXM": 0.58191836221229, "VGB": 0.7305424742438764, "VIR": 0.7388188916734902}, "2013": {"ATG": 0.734969318085093, "BHS": 0.765229537066847, "BRB": 0.787947672148291, "BLZ": 0.600372130253651, "CPV": 0.703866055761773, "COM": 0.525888352590439, "CUB": 0.633799043215612, "DMA": 0.76265540837632, "DOM": 0.605744404626035, "FJI": 0.561297422828006, "GRD": 0.643362294980339, "GNB": 0.415311321885728, "GUY": 0.491549619567544, "HTI": 0.461556409753464, "JAM": 0.601435790060949, "KIR": 0.790870637876487, "MDV": 0.59157549328788, "MHL": 0.751349795970514, "MUS": 0.73255112668459, "FSM": 0.759732299144407, "NRU": 0.751349795970514, "PLW": 0.751349795970514, "PNG": 0.480605370023927, "KNA": 0.734969318085093, "LCA": 0.716825415262859, "VCT": 0.716825415262859, "WSM": 0.740153297641635, "STP": 0.58930605374124, "SYC": 0.712049990791162, "SGP": 0.807079300810525, "SLB": 0.621729791150429, "SUR": 0.59290686696861, "TLS": 0.486009826888595, "TON": 0.73094227575248, "TTO": 0.586183985573448, "TUV": 0.790870637876487, "VUT": 0.769625465956572, "ABW": 0.7516614512768772, "AIA": 0.5608944641512424, "ASM": 0.7289450817216787, "COK": 0.5608944641512424, "CUW": 0.74594130308428, "GUM": 0.6644858713824573, "MNP": 0.7229073085910538, "MSR": 0.5608944641512424, "NCL": 0.6675811967713977, "NIU": 0.5608944641512424, "PRI": 0.7231864206367864, "PYF": 0.7200119634949518, "SXM": 0.7152736361283668, "VGB": 0.7329740133821696, "VIR": 0.7397232037557636}, "2014": {"ATG": 0.739386793033034, "BHS": 0.734557749422172, "BRB": 0.789837759616676, "BLZ": 0.57842757758918, "CPV": 0.630396513687877, "COM": 0.537929588117269, "CUB": 0.663766248105956, "DMA": 0.751876598118903, "DOM": 0.595169190268382, "FJI": 0.665200926525605, "GRD": 0.703276019725119, "GNB": 0.448583560902896, "GUY": 0.546667872883751, "HTI": 0.459387525312006, "JAM": 0.574284704693129, "KIR": 0.707970303094613, "MDV": 0.686857492853925, "MHL": 0.740252673966277, "MUS": 0.684943419764119, "FSM": 0.739386793033034, "NRU": 0.673484729892382, "PLW": 0.740252673966277, "PNG": 0.511711430669746, "KNA": 0.668524021620352, "LCA": 0.710478430325173, "VCT": 0.710478430325173, "WSM": 0.76300771000375, "STP": 0.601746821556653, "SYC": 0.632262964043873, "SGP": 0.774076889784061, "SLB": 0.650937697368864, "SUR": 0.612940037237985, "TLS": 0.5658583151058849, "TON": 0.715765855561786, "TTO": 0.612698159158908, "TUV": 0.793519203995537, "VUT": 0.679453992544039, "ABW": 0.7455359297228661, "AIA": 0.5625616604841921, "ASM": 0.6818073995396071, "COK": 0.5625616604841921, "CUW": 0.7259388308432287, "GUM": 0.6398664483213177, "MNP": 0.711998290214703, "MSR": 0.5625616604841921, "NCL": 0.6849366453226088, "NIU": 0.5625616604841921, "PRI": 0.7039690084040662, "PYF": 0.7086589977938127, "SXM": 0.6286621867231829, "VGB": 0.7358513049531082, "VIR": 0.7350655333303354}, "2015": {"ATG": 0.742856097915785, "BHS": 0.726132266884771, "BRB": 0.765321830457984, "BLZ": 0.577484232195863, "CPV": 0.719310858655726, "COM": 0.530039338571684, "CUB": 0.680839459438715, "DMA": 0.75544725762755, "DOM": 0.610779322258181, "FJI": 0.669868917963927, "GRD": 0.706051566133975, "GNB": 0.480954555570626, "GUY": 0.546056823802691, "HTI": 0.454708043325987, "JAM": 0.58666522657269, "KIR": 0.715140589362389, "MDV": 0.64241596996295, "MHL": 0.728195450587734, "MUS": 0.741805507197081, "FSM": 0.74808910449252, "NRU": 0.663583649875201, "PLW": 0.728195450587734, "PNG": 0.497475467219405, "KNA": 0.67021589970353, "LCA": 0.71688269374683, "VCT": 0.742856097915785, "WSM": 0.773681783047636, "STP": 0.594843834026552, "SYC": 0.688522791998495, "SGP": 0.795656035856578, "SLB": 0.68374285740995, "SUR": 0.614215623848383, "TLS": 0.5772418724923649, "TON": 0.722496436187669, "TTO": 0.619276041578685, "TUV": 0.80933382622077, "VUT": 0.65234512545751, "ABW": 0.7249655025877402, "AIA": 0.5557791811764092, "ASM": 0.6755333384249809, "COK": 0.5557791811764092, "CUW": 0.7252098763809768, "GUM": 0.6209478153034977,