{"data": {"2010": {"ATG": 0.794943366131761, "BHS": 0.189386672989255, "BRB": 0.734246516289646, "BLZ": 0.590285486426193, "CPV": 0.411460410177931, "COM": 0.776245029044391, "CUB": 0.252217396458632, "DMA": 0.343855413896044, "DOM": 0.282867581286575, "FJI": 0.515459806658117, "GRD": 0.691191843860802, "GNB": 0.645432109409521, "GUY": 0.790675618877238, "HTI": 0.565702831154555, "JAM": 0.498518143314401, "KIR": 0.566985310758818, "MDV": 0.685059651467308, "MHL": 0.284861352099926, "MUS": 0.629869919925853, "FSM": 0.837405295886366, "NRU": 0.0, "PLW": 0.271400704824925, "PNG": 0.937406373600319, "KNA": 0.740152388752977, "LCA": 0.878875728804061, "VCT": 0.550054424554635, "WSM": 0.861330545646574, "STP": 0.377717186304411, "SYC": 0.502904439103773, "SGP": 0.0, "SLB": 0.861653859832523, "SUR": 0.362715408076388, "TLS": 0.778842319671513, "TON": 0.825647436657362, "TTO": 0.495478989966483, "TUV": 0.4871698153876, "VUT": 0.814083565939928, "ABW": 0.5664964597096646, "AIA": 0.4639561585963875, "ASM": 0.4398661048184595, "COK": 0.4639561585963875, "CUW": 0.1984700988263696, "GUM": 0.1728365862332819, "MNP": 0.3719695653579608, "MSR": 0.4639561585963875, "NCL": 0.2353752492213518, "NIU": 0.4639561585963875, "PRI": 0.2389034691612148, "PYF": 0.5657987692506673, "SXM": 0.0992237226395374, "VGB": 0.6295624481350143, "VIR": 0.2947753936350218}, "2011": {"ATG": 0.800709135781181, "BHS": 0.188858593152206, "BRB": 0.736078630010023, "BLZ": 0.590285486426193, "CPV": 0.406061063272586, "COM": 0.775522960695772, "CUB": 0.251225899621722, "DMA": 0.340676157734214, "DOM": 0.271292933429609, "FJI": 0.509941911217925, "GRD": 0.691256506697992, "GNB": 0.641153585015465, "GUY": 0.793197469527638, "HTI": 0.555108902994967, "JAM": 0.496502818221987, "KIR": 0.557878627854595, "MDV": 0.680587138561683, "MHL": 0.279796096520062, "MUS": 0.631066182413864, "FSM": 0.837329855909644, "NRU": 0.0, "PLW": 0.263921369989977, "PNG": 0.93761113925142, "KNA": 0.741661188287405, "LCA": 0.878875728804061, "VCT": 0.545797454439643, "WSM": 0.863712293483064, "STP": 0.365733007145243, "SYC": 0.498766017523629, "SGP": 0.0, "SLB": 0.856696375647976, "SUR": 0.363448253564539, "TLS": 0.775102652254039, "TON": 0.825065471122655, "TTO": 0.49751586933796, "TUV": 0.476274127321126, "VUT": 0.813016629126297, "ABW": 0.5098422226772558, "AIA": 0.4630091497914617, "ASM": 0.3068861805297515, "COK": 0.4630091497914617, "CUW": 0.3461595261388034, "GUM": 0.1212484669519009, "MNP": 0.1569599198180824, "MSR": 0.4630091497914617, "NCL": 0.1969593378525462, "NIU": 0.4630091497914617, "PRI": 0.2023080753106503, "PYF": 0.4950900645550654, "SXM": 0.2659283104678356, "VGB": 0.7283050146030222, "VIR": 0.2916523079244306}, "2012": {"ATG": 0.802616689478279, "BHS": 0.188255073338434, "BRB": 0.737662869521172, "BLZ": 0.590091497914623, "CPV": 0.400683270646305, "COM": 0.774628458114647, "CUB": 0.250234402784813, "DMA": 0.337486124432853, "DOM": 0.260785222386274, "FJI": 0.504413238638201, "GRD": 0.691148735302676, "GNB": 0.636842729202815, "GUY": 0.793197469527638, "HTI": 0.544493420556316, "JAM": 0.494325836036599, "KIR": 0.548750390671308, "MDV": 0.676082294237463, "MHL": 0.274838612335514, "MUS": 0.632273222041406, "FSM": 0.837125090258544, "NRU": 0.0, "PLW": 0.256560583689877, "PNG": 0.937805127762989, "KNA": 0.7429544450312, "LCA": 0.878875728804061, "VCT": 0.541508152906056, "WSM": 0.866223366993933, "STP": 0.353921262218582, "SYC": 0.494455161710979, "SGP": 0.0, "SLB": 0.851717337184364, "SUR": 0.364181099052689, "TLS": 0.771341430557501, "TON": 0.825151688238908, "TTO": 0.499294097360679, "TUV": 0.465410770673248, "VUT": 0.811938915173135, "ABW": 0.5341133970621532, "AIA": 0.460976272331134, "ASM": 0.3012894847449595, "COK": 0.460976272331134, "CUW": 0.3249574972599828, "GUM": 0.1933080429792333, "MNP": 0.153609414909095, "MSR": 0.460976272331134, "NCL": 0.3009646402051972, "NIU": 0.460976272331134, "PRI": 0.3382444686331362, "PYF": 0.4276602183448464, "SXM": 0.4624108892217858, "VGB": 0.6562247464677938, "VIR": 0.1614535559171886}, "2013": {"ATG": 0.804513466035845, "BHS": 0.18756533640841, "BRB": 0.738999234823093, "BLZ": 0.589703520891485, "CPV": 0.395337809438619, "COM": 0.773550744161485, "CUB": 0.249738654366358, "DMA": 0.33428531399196, "DOM": 0.250579271249825, "FJI": 0.498916897477072, "GRD": 0.690857752535322, "GNB": 0.632510319111101, "GUY": 0.793197469527638, "HTI": 0.533899492396728, "JAM": 0.491976419618705, "KIR": 0.539643707767084, "MDV": 0.671577449913244, "MHL": 0.270010453825346, "MUS": 0.633458707389885, "FSM": 0.836790998933063, "NRU": 0.0, "PLW": 0.249361454482751, "PNG": 0.937848236321116, "KNA": 0.744010604705299, "LCA": 0.878757180269213, "VCT": 0.537197297093405, "WSM": 0.868799103341991, "STP": 0.342626819989438, "SYC": 0.489961094526291, "SGP": 0.0, "SLB": 0.846727521581222, "SUR": 0.36491394454084, "TLS": 0.767558654581901, "TON": 0.825722876634084, "TTO": 0.500813674034638, "TUV": 0.454644408281154, "VUT": 0.810861201219972, "ABW": 0.5370598670100969, "AIA": 0.4562580909375024, "ASM": 0.402100572266107, "COK": 0.4562580909375024, "CUW": 0.5064485876558644, "GUM": 0.1897998685188982, "MNP": 0.249022556553039, "MSR": 0.4562580909375024, "NCL": 0.3477270150556648, "NIU": 0.4562580909375024, "PRI": 0.2927143303624349, "PYF": 0.334052075138215, "SXM": 0.379668753839355, "VGB": 0.6563511623144966, "VIR": 0.2180737802972342}, "2014": {"ATG": 0.806399465453879, "BHS": 0.186789382362133, "BRB": 0.740087725915787, "BLZ": 0.589132332496309, "CPV": 0.390024679649527, "COM": 0.772311373115348, "CUB": 0.249372231622283, "DMA": 0.331073726411536, "DOM": 0.240653525741198, "FJI": 0.493420556315943, "GRD": 0.690405112674994, "GNB": 0.628145577600793, "GUY": 0.793046589574195, "HTI": 0.523294787097609, "JAM": 0.489454568968304, "KIR": 0.530526247723329, "MDV": 0.66704027417043, "MHL": 0.265290066710494, "MUS": 0.634654969877895, "FSM": 0.836316804793672, "NRU": 0.0, "PLW": 0.242302428089536, "PNG": 0.937740464925799, "KNA": 0.744861998728298, "LCA": 0.878530860339049, "VCT": 0.532843332722629, "WSM": 0.871342508271455, "STP": 0.331795794760155, "SYC": 0.485305370248629, "SGP": 0.0, "SLB": 0.841737705978079, "SUR": 0.365463578656953, "TLS": 0.763743547187705, "TON": 0.826304842168792, "TTO": 0.502074599359838, "TUV": 0.444169028656414, "VUT": 0.80978348726681, "ABW": 0.5774742480250898, "AIA": 0.4565252777807711, "ASM": 0.3625301706021174, "COK": 0.4565252777807711, "CUW": 0.447151774456023, "GUM": 0.2357921089784352, "MNP": 0.3251335395359357, "MSR": 0.4565252777807711, "NCL": 0.2524444492342849, "NIU": 0.4565252777807711, "PRI": 0.4087325437282419, "PYF": 0.4555846705967309, "SXM": 0.3409135350095365, "VGB": 0.5779125327355624, "VIR": 0.1553863927836275}, "2015": {"ATG": 0.808285464871914, "BHS": 0.185948765478667, "BRB": 0.740939119938786, "BLZ": 0.588367155589563, "CPV": 0.384743881279031, "COM": 0.770888790697173, "CUB": 0.248995031738676, "DMA": 0.32785136169158, "DOM": 0.230997208720861, "FJI": 0.487924215154814, "GRD": 0.689769261442628, "GNB": 0.62374850467189, "GUY": 0.792755606806841, "HTI": 0.512700858938021, "JAM": 0.48677106122493, "KIR": 0.521408787679574, "MDV": 0.662481544148552, "MHL": 0.26068822813049, "MUS": 0.635851232365905, "FSM": 0.835702507840369, "NRU": 0.0, "PLW": 0.235383504510233, "PNG": 0.93748181357704, "KNA": 0.745487072821132, "LCA": 0.878175214734505, "VCT": 0.528467814072789, "WSM": 0.873875136061387, "STP": 0.321438963670263, "SYC": 0.480660423110498, "SGP": 0.0, "SLB": 0.836737113235405, "SUR": 0.365819224261497, "TLS": 0.759896108374915, "TON": 0.826876030563968, "TTO": 0.503087650475811, "TUV": 0.43399540893856, "VUT": 0.808705773313647, "ABW": 0.6919235038636039, "AIA": 0.454951125672225, "ASM": 0.2801413745163748, "COK": 0.454951125672225, "CUW": 0.3984110185474562, "GUM": 0.2233015120326776, "MNP": 0.1957827113127637, "MSR": 0.454951125672225, "NCL": 0.3933435213225701, "NIU": 0.454951125672225, "PRI": 0.3215810063692885, "PYF": 0.4878084902305251,