{"data": {"2010": {"ATG": 0.526590873830252, "BHS": 0.334306004934351, "BRB": 0.53075386656712, "BLZ": 0.53865576004008, "CPV": 0.460246695827702, "COM": 0.487187192462885, "CUB": 0.548844779408124, "DMA": 0.436892564710547, "DOM": 0.434251669451299, "FJI": 0.582758929040871, "GRD": 0.374666542983277, "GNB": 0.616998333185168, "GUY": 0.513137329080124, "HTI": 0.494972614401069, "JAM": 0.395047667377214, "KIR": 0.6184431691621796, "MDV": 0.54524540937263, "MHL": 0.539872277423398, "MUS": 0.510743123662261, "FSM": 0.6227768013630279, "NRU": 0.5721439019992252, "PLW": 0.4589925317809688, "PNG": 0.635615801744168, "KNA": 0.4478038879991491, "LCA": 0.364735523811632, "VCT": 0.4105354051151503, "WSM": 0.572812132555052, "STP": 0.545019010170321, "SYC": 0.470350742260766, "SGP": 0.350259927908295, "SLB": 0.543161513500692, "SUR": 0.424623505324722, "TLS": 0.559893476912575, "TON": 0.671269812906876, "TTO": 0.387873644000487, "TUV": 0.5499354145715005, "VUT": 0.563253194148135, "ABW": 0.5198931846790074, "AIA": 0.450811529051473, "ASM": 0.4550386769532383, "COK": 0.450811529051473, "CUW": 0.3938892423407812, "GUM": 0.3913067019258854, "MNP": 0.4141174553671974, "MSR": 0.450811529051473, "NCL": 0.4403493332952657, "NIU": 0.450811529051473, "PRI": 0.3746025588189768, "PYF": 0.5124051050718083, "SXM": 0.4023122404060062, "VGB": 0.425997444347723, "VIR": 0.3605065141045713}, "2011": {"ATG": 0.52672537282151, "BHS": 0.335247497873154, "BRB": 0.529711499384874, "BLZ": 0.538005681582335, "CPV": 0.460461894213714, "COM": 0.488101785603437, "CUB": 0.552718350356342, "DMA": 0.437511260070331, "DOM": 0.43510349639593, "FJI": 0.583135526216392, "GRD": 0.375715635115086, "GNB": 0.616034423747822, "GUY": 0.513563242552439, "HTI": 0.49528644538067, "JAM": 0.395675329336416, "KIR": 0.615750690374607, "MDV": 0.543127050260323, "MHL": 0.5366381399274984, "MUS": 0.511998447580665, "FSM": 0.6206765242906066, "NRU": 0.5696335775185369, "PLW": 0.4608860036407962, "PNG": 0.6366245441786, "KNA": 0.4474530114757293, "LCA": 0.364735523811632, "VCT": 0.4114602238241912, "WSM": 0.571904264364064, "STP": 0.542631653075499, "SYC": 0.470855113477982, "SGP": 0.350475126294307, "SLB": 0.543349812088453, "SUR": 0.426156793825059, "TLS": 0.559355480947545, "TON": 0.665351857291543, "TTO": 0.388097808985916, "TUV": 0.5532942318865683, "VUT": 0.563118695156878, "ABW": 0.5269327593661076, "AIA": 0.4513474921977919, "ASM": 0.5074336674951317, "COK": 0.4513474921977919, "CUW": 0.4428287283607776, "GUM": 0.3936784890975459, "MNP": 0.4153904181834231, "MSR": 0.4513474921977919, "NCL": 0.4122669650909673, "NIU": 0.4513474921977919, "PRI": 0.3645203852669069, "PYF": 0.51012602988608, "SXM": 0.5075620168833577, "VGB": 0.4409773023149584, "VIR": 0.3559777866602195}, "2012": {"ATG": 0.52696074605621, "BHS": 0.335489596057418, "BRB": 0.530182245854276, "BLZ": 0.537041772144989, "CPV": 0.462613878073835, "COM": 0.48815558519994, "CUB": 0.552287953584318, "DMA": 0.437780258052847, "DOM": 0.434879331410501, "FJI": 0.58114494114578, "GRD": 0.376791627045146, "GNB": 0.615384345290077, "GUY": 0.511590590680662, "HTI": 0.494658783421468, "JAM": 0.394106174438411, "KIR": 0.6176631736488635, "MDV": 0.542858052277808, "MHL": 0.53569199424833, "MUS": 0.512917524020925, "FSM": 0.6167062305083095, "NRU": 0.5679751631773936, "PLW": 0.457111655455738, "PNG": 0.636377962694627, "KNA": 0.4474036222911951, "LCA": 0.364735523811632, "VCT": 0.414635329839821, "WSM": 0.568709913321697, "STP": 0.542598028327684, "SYC": 0.470417991756395, "SGP": 0.349937130329277, "SLB": 0.543403611684956, "SUR": 0.424973202701992, "TLS": 0.559140282561533, "TON": 0.66387236838771, "TTO": 0.388052975988831, "TUV": 0.551845502062288, "VUT": 0.562822797376111, "ABW": 0.5037742156626821, "AIA": 0.4501394253584012, "ASM": 0.4422313023503939, "COK": 0.4501394253584012, "CUW": 0.4268849415860875, "GUM": 0.4358589842689924, "MNP": 0.4150476415826297, "MSR": 0.4501394253584012, "NCL": 0.402305788430425, "NIU": 0.4501394253584012, "PRI": 0.3600582520362086, "PYF": 0.5180552593394997, "SXM": 0.5106140160861509, "VGB": 0.4138575282692282, "VIR": 0.3414964412484398}, "2013": {"ATG": 0.519992995194612, "BHS": 0.330744465597554, "BRB": 0.522012122019187, "BLZ": 0.535069120273211, "CPV": 0.459491641625516, "COM": 0.487919051448367, "CUB": 0.553449838883669, "DMA": 0.436963617072539, "DOM": 0.435333690776836, "FJI": 0.587756545634069, "GRD": 0.376092602748762, "GNB": 0.615272571512492, "GUY": 0.510537015249144, "HTI": 0.494874909212929, "JAM": 0.393533703183884, "KIR": 0.6313407312617528, "MDV": 0.541143190139274, "MHL": 0.5422393178716058, "MUS": 0.514362228920133, "FSM": 0.6196168252948949, "NRU": 0.5757863279404434, "PLW": 0.4587115089406584, "PNG": 0.636223057003319, "KNA": 0.4441067705555681, "LCA": 0.36192495607695, "VCT": 0.4115692285259986, "WSM": 0.566755037771066, "STP": 0.543529551027885, "SYC": 0.471594857929898, "SGP": 0.33885421688002, "SLB": 0.543726409263974, "SUR": 0.42707138696561, "TLS": 0.560560407436173, "TON": 0.667081609579784, "TTO": 0.383383691165859, "TUV": 0.5583784025984392, "VUT": 0.563226294349884, "ABW": 0.4726666043036405, "AIA": 0.4527228193823876, "ASM": 0.4045146262635605, "COK": 0.4527228193823876, "CUW": 0.4790617437640023, "GUM": 0.3908423262932923, "MNP": 0.411687281079126, "MSR": 0.4527228193823876, "NCL": 0.423455461016443, "NIU": 0.4527228193823876, "PRI": 0.3805023290455425, "PYF": 0.495035096539601, "SXM": 0.516987235756494, "VGB": 0.3661375057841514, "VIR": 0.3338140683285306}, "2014": {"ATG": 0.512688996854869, "BHS": 0.329856772255254, "BRB": 0.507621419838436, "BLZ": 0.536503776179958, "CPV": 0.453114529588763, "COM": 0.479639478019591, "CUB": 0.549904259489005, "DMA": 0.433672194653092, "DOM": 0.433142903315105, "FJI": 0.591086374735674, "GRD": 0.371116510530387, "GNB": 0.611349992982608, "GUY": 0.509685188304513, "HTI": 0.4895093268672, "JAM": 0.393073314422073, "KIR": 0.6450318004309065, "MDV": 0.541714810852119, "MHL": 0.5449972043587288, "MUS": 0.514461943906765, "FSM": 0.6196313313388514, "NRU": 0.5930743651995621, "PLW": 0.4581345910352309, "PNG": 0.631965932078655, "KNA": 0.4379173800680179, "LCA": 0.359114388342268, "VCT": 0.4069656145043156, "WSM": 0.559420202570131, "STP": 0.535819513539789, "SYC": 0.473074346833732, "SGP": 0.332371168931773, "SLB": 0.537243557885359, "SUR": 0.426291292816316, "TLS": 0.555228682949682, "TON": 0.667789169534467, "TTO": 0.376315840998793, "TUV": 0.5654859689768386, "VUT": 0.559836919770193, "ABW": 0.4427323166646055, "AIA": 0.4546318227136118, "ASM": 0.4748919012994298, "COK": 0.4546318227136118, "CUW": 0.3805047228016953, "GUM": 0.3839932043605668, "MNP": 0.4516343603615146, "MSR": 0.4546318227136118, "NCL": 0.4168675568070207, "NIU": 0.4546318227136118, "PRI": 0.3566985113856353, "PYF": 0.4636790304310711, "SXM": 0.4675006542622597, "VGB": 0.337760179711067, "VIR": 0.3797483401293111}, "2015": {"ATG": 0.516955862056866, "BHS": 0.330125770237769, "BRB": 0.508155938033034, "BLZ": 0.53629739066583, "CPV": 0.450911528348485, "COM": 0.48087130430647, "CUB": 0.549273505338267, "DMA": 0.433056281509652, "DOM": 0.433130535809023, "FJI": 0.588607881154618, "GRD": 0.370943052949924, "GNB": 0.611840837436932, "GUY": 0.509864520292856, "HTI": 0.490774699778065, "JAM": 0.392560053469207, "KIR": 0.6375122664170039, "MDV": 0.542589054295293, "MHL": 0.5469759897011391, "MUS": 0.51235479304373, "FSM": 0.6189851274566179, "NRU": 0.5916314780569704, "PLW": 0.4583544862245598, "PNG": 0.632905106503837, "KNA": 0.4385610181519608, "LCA": 0.360168351242774, "VCT": 0.4085707330530612, "WSM": 0.561629002614586, "STP": 0.534306399888141, "SYC": 0.481278785300443, "SGP": 0.332451868326527, "SLB": 0.536947660104593, "SUR": 0.426452691605825, "TLS": 0.555778737705666, "TON": 0.667977468122228, "TTO": 0.380207812628755, "TUV": 0.5687383216505081, "VUT": 0.559702420778936, "ABW": 0.5095087848961944, "AIA": 0.4576671559657748, "ASM": 0.5077271867234968, "COK": 0.4576671559657748,