{"data": {"2010": {"ATG": 0.487678373454529, "BHS": 0.467871707263309, "BRB": 0.882450191583301, "BLZ": 0.350522883020728, "CPV": 0.34666528354977, "COM": 0.325237777244702, "CUB": 0.4640736518717677, "DMA": 0.436297741845554, "DOM": 0.369908130782348, "FJI": 0.45146880531117, "GRD": 0.371366886884811, "GNB": 0.169896460733528, "GUY": 0.302967434080433, "HTI": 0.239342513154276, "JAM": 0.31385947964549, "KIR": 0.371603066444256, "MDV": 0.515853205604958, "MHL": 0.440998178175712, "MUS": 0.575787242043296, "FSM": 0.345303777854138, "NRU": 0.6392407839893537, "PLW": 0.385046777445686, "PNG": 0.335092485136896, "KNA": 0.486641035781666, "LCA": 0.470335384236358, "VCT": 0.536109076056301, "WSM": 0.490984887286778, "STP": 0.212654222936833, "SYC": 0.453251729436402, "SGP": 0.755246659448525, "SLB": 0.299660920248183, "SUR": 0.241894178590648, "TLS": 0.376812909667339, "TON": 0.485895449329297, "TTO": 0.330845884038616, "TUV": 0.400682540254327, "VUT": 0.381610596404329, "ABW": 0.4066567517396099, "AIA": 0.4989722401686998, "ASM": 0.3417588008979066, "COK": 0.4989722401686998, "CUW": 0.5170873442596988, "GUM": 0.6137482879283546, "MNP": 0.3787781289516031, "MSR": 0.4989722401686998, "NCL": 0.4502370222007794, "NIU": 0.4989722401686998, "PRI": 0.483070276750801, "PYF": 0.3508135154266515, "SXM": 0.5974039726392196, "VGB": 0.404239373560988, "VIR": 0.4589433579623234}, "2011": {"ATG": 0.470821636270512, "BHS": 0.456558243268651, "BRB": 0.882158440362808, "BLZ": 0.339566003851117, "CPV": 0.382323766054422, "COM": 0.322579599457991, "CUB": 0.444305235741981, "DMA": 0.429036378135516, "DOM": 0.345336194656415, "FJI": 0.450885302870184, "GRD": 0.390979052262369, "GNB": 0.166978948528602, "GUY": 0.299790587457291, "HTI": 0.234822684722517, "JAM": 0.319143418416634, "KIR": 0.362304075162524, "MDV": 0.504405443429439, "MHL": 0.446152449737748, "MUS": 0.578996505468714, "FSM": 0.344558191401768, "NRU": 0.6509826349402292, "PLW": 0.375354153564876, "PNG": 0.32345485311947, "KNA": 0.480157675326275, "LCA": 0.461615264423857, "VCT": 0.535946992044917, "WSM": 0.514454652135294, "STP": 0.205781860854118, "SYC": 0.452797894204525, "SGP": 0.754792824216648, "SLB": 0.299790587457291, "SUR": 0.242218346613417, "TLS": 0.390395549821383, "TON": 0.482783436310708, "TTO": 0.329614045552091, "TUV": 0.3972601888063462, "VUT": 0.379600754663157, "ABW": 0.4017244695341103, "AIA": 0.5342580558206718, "ASM": 0.3706087403214476, "COK": 0.5342580558206718, "CUW": 0.5320545628725333, "GUM": 0.6042352546201681, "MNP": 0.3914802708744009, "MSR": 0.5342580558206718, "NCL": 0.4472152304399747, "NIU": 0.5342580558206718, "PRI": 0.4015429458877564, "PYF": 0.3565720827314634, "SXM": 0.399769651853885, "VGB": 0.4332763061446468, "VIR": 0.4832827284415672}, "2012": {"ATG": 0.461939432446625, "BHS": 0.447222204212888, "BRB": 0.453770398272833, "BLZ": 0.34186759681278, "CPV": 0.399828839283978, "COM": 0.316744575048139, "CUB": 0.4312181338468185, "DMA": 0.424400775409911, "DOM": 0.3454982786678, "FJI": 0.442683851894114, "GRD": 0.383814938959161, "GNB": 0.206948865736088, "GUY": 0.289417210728665, "HTI": 0.234859732496548, "JAM": 0.313178726797674, "KIR": 0.359451396562152, "MDV": 0.502946687326976, "MHL": 0.439604255677804, "MUS": 0.581233264825824, "FSM": 0.340927509546748, "NRU": 0.6430317974029873, "PLW": 0.373247061416873, "PNG": 0.318721999987033, "KNA": 0.461485597214749, "LCA": 0.459605422682685, "VCT": 0.535525573615317, "WSM": 0.521813266252164, "STP": 0.29107046764479, "SYC": 0.458146666580222, "SGP": 0.7606278486265, "SLB": 0.3007630915256, "SUR": 0.241018924929169, "TLS": 0.392081223539786, "TON": 0.480417009744491, "TTO": 0.331688720897816, "TUV": 0.4019013390908017, "VUT": 0.366082948113667, "ABW": 0.4211727476038546, "AIA": 0.4813680406160456, "ASM": 0.3743416737984875, "COK": 0.4813680406160456, "CUW": 0.4480681557792088, "GUM": 0.5472439852679508, "MNP": 0.3824795875652645, "MSR": 0.4813680406160456, "NCL": 0.354760737819343, "NIU": 0.4813680406160456, "PRI": 0.4051210774745859, "PYF": 0.3728735722553724, "SXM": 0.3887903021483596, "VGB": 0.42141393059172, "VIR": 0.4598247550431111}, "2013": {"ATG": 0.44261901828956, "BHS": 0.44145201340759, "BRB": 0.459832340298623, "BLZ": 0.347767454827186, "CPV": 0.41204997374239, "COM": 0.334768317114127, "CUB": 0.4314337268227243, "DMA": 0.434806568940814, "DOM": 0.337361661296283, "FJI": 0.435390071381799, "GRD": 0.395582238185696, "GNB": 0.209574626720522, "GUY": 0.299012584202645, "HTI": 0.240713280793416, "JAM": 0.346989451572539, "KIR": 0.366823903594283, "MDV": 0.460253758728224, "MHL": 0.439215254050479, "MUS": 0.604573362465234, "FSM": 0.348286123663618, "NRU": 0.5758236859699529, "PLW": 0.37425198228746, "PNG": 0.321931263412452, "KNA": 0.455520905595789, "LCA": 0.471405138711498, "VCT": 0.495912241232876, "WSM": 0.53325639745593, "STP": 0.290908383633405, "SYC": 0.471405138711498, "SGP": 0.78406519667274, "SLB": 0.335449069961943, "SUR": 0.245233109225173, "TLS": 0.393766897258187, "TON": 0.485311946888311, "TTO": 0.354769484119008, "TUV": 0.4182777408183601, "VUT": 0.371237219675703, "ABW": 0.4175515497558668, "AIA": 0.5043672751890839, "ASM": 0.412341530790366, "COK": 0.5043672751890839, "CUW": 0.3861689336977168, "GUM": 0.4517607492675314, "MNP": 0.4248941570060174, "MSR": 0.5043672751890839, "NCL": 0.3697768862179845, "NIU": 0.5043672751890839, "PRI": 0.4190028604729186, "PYF": 0.3929068699580691, "SXM": 0.3960965307235373, "VGB": 0.4217090864074182, "VIR": 0.4632096934985259}, "2014": {"ATG": 0.466186033544907, "BHS": 0.463268521339981, "BRB": 0.48586303252702, "BLZ": 0.372144890139458, "CPV": 0.479023087246582, "COM": 0.359599587658276, "CUB": 0.4929968129652399, "DMA": 0.460124091519116, "DOM": 0.359048502019567, "FJI": 0.456785160884589, "GRD": 0.418403666988674, "GNB": 0.237939328712859, "GUY": 0.328673958286059, "HTI": 0.246418637994159, "JAM": 0.379017252222172, "KIR": 0.382124634269006, "MDV": 0.458016999371114, "MHL": 0.464727277442444, "MUS": 0.637865418403667, "FSM": 0.345952113899677, "NRU": 0.6149177215248499, "PLW": 0.404269941195921, "PNG": 0.34442852419266, "KNA": 0.483366938751694, "LCA": 0.495750157221491, "VCT": 0.537989250588365, "WSM": 0.554392152540505, "STP": 0.313049059588566, "SYC": 0.508295459702673, "SGP": 0.845138452162525, "SLB": 0.342386265649211, "SUR": 0.267049617157565, "TLS": 0.417528413327196, "TON": 0.517307330735667, "TTO": 0.381286428381558, "TUV": 0.4147178117361798, "VUT": 0.391594971505631, "ABW": 0.4452225652541148, "AIA": 0.4005247446713728, "ASM": 0.4566333946782744, "COK": 0.4005247446713728, "CUW": 0.5029544738089383, "GUM": 0.5239876834675236, "MNP": 0.4210535738598323, "MSR": 0.4005247446713728, "NCL": 0.4371097734806491, "NIU": 0.4005247446713728, "PRI": 0.4901366746209958, "PYF": 0.4124227075175672, "SXM": 0.4533620372439043, "VGB": 0.4290036427417794, "VIR": 0.5226752012388775}, "2015": {"ATG": 0.457919748964284, "BHS": 0.461031761982871, "BRB": 0.479314838467075, "BLZ": 0.366569200147821, "CPV": 0.468941461738448, "COM": 0.348934459709157, "CUB": 0.4871678486926071, "DMA": 0.454807735945695, "DOM": 0.360539674924307, "FJI": 0.450204550022367, "GRD": 0.42355793855071, "GNB": 0.228797790470757, "GUY": 0.316906659059524, "HTI": 0.2473077845709, "JAM": 0.357265577894334, "KIR": 0.374048219530291, "MDV": 0.453835231877387, "MHL": 0.45263581019314, "MUS": 0.641301599445024, "FSM": 0.356519991441964, "NRU": 0.5973336398573573, "PLW": 0.395582238185696, "PNG": 0.331040384852277, "KNA": 0.472312809175252, "LCA": 0.492735394609734, "VCT": 0.533645399083253, "WSM": 0.544894029473357, "STP": 0.318819250393865, "SYC": 0.494550735537243, "SGP": 0.833046984913221, "SLB": 0.380151840301866, "SUR": 0.275445568947297, "TLS": 0.445633780901317, "TON": 0.506771869995657, "TTO": 0.389876880984952, "TUV": 0.4125902811389212, "VUT": 0.381869930822544, "ABW": 0.4314640243662678, "AIA": 0.3993315851654178, "ASM": 0.4522221531744403, "COK": 0.3993315851654178, "CUW": 0.4618788450606416,