{"data": {"2010": {"ATG": 0.47158984760727, "BHS": 0.427355856801259, "BRB": 0.396215852502981, "BLZ": 0.472251738101211, "CPV": 0.385477524857862, "COM": 0.470871413538449, "CUB": 0.497414273672557, "DMA": 0.368598260211752, "DOM": 0.447163347975723, "FJI": 0.460279589760889, "GRD": 0.381918384296782, "GNB": 0.504926610720525, "GUY": 0.40391894070208, "HTI": 0.441219532119359, "JAM": 0.447556690928628, "KIR": 0.618499883404277, "MDV": 0.722357733729787, "MHL": 0.586987166809118, "MUS": 0.484726712434878, "FSM": 0.597655873445851, "NRU": 0.586392245804017, "PLW": 0.531686307688199, "PNG": 0.490933421720232, "KNA": 0.434583075941399, "LCA": 0.386044850541362, "VCT": 0.409896225986472, "WSM": 0.477800614860236, "STP": 0.476742984465288, "SYC": 0.594331149128666, "SGP": 0.538326678694068, "SLB": 0.557079259809077, "SUR": 0.418220178645075, "TLS": 0.523842724284904, "TON": 0.544697845512927, "TTO": 0.404252710062379, "TUV": 0.6313611189043, "VUT": 0.486688943340768, "ABW": 0.4092994491629112, "AIA": 0.4696351704598652, "ASM": 0.4355053116876638, "COK": 0.4696351704598652, "CUW": 0.4101620250729967, "GUM": 0.4064605871407534, "MNP": 0.4776098465193946, "MSR": 0.4696351704598652, "NCL": 0.4276544421205772, "NIU": 0.4696351704598652, "PRI": 0.4250787668180315, "PYF": 0.4208835152480324, "SXM": 0.4090902263169682, "VGB": 0.4216017716223049, "VIR": 0.4243833787014728}, "2011": {"ATG": 0.47158984760727, "BHS": 0.427355856801259, "BRB": 0.396215852502981, "BLZ": 0.472251738101211, "CPV": 0.385477524857862, "COM": 0.470871413538449, "CUB": 0.497414273672557, "DMA": 0.368598260211752, "DOM": 0.447163347975723, "FJI": 0.460279589760889, "GRD": 0.381918384296782, "GNB": 0.504926610720525, "GUY": 0.40391894070208, "HTI": 0.441219532119359, "JAM": 0.447556690928628, "KIR": 0.618499883404277, "MDV": 0.722357733729787, "MHL": 0.586987166809118, "MUS": 0.484726712434878, "FSM": 0.597655873445851, "NRU": 0.586392245804017, "PLW": 0.531686307688199, "PNG": 0.490933421720232, "KNA": 0.434583075941399, "LCA": 0.386044850541362, "VCT": 0.409896225986472, "WSM": 0.477800614860236, "STP": 0.476742984465288, "SYC": 0.594331149128666, "SGP": 0.538326678694068, "SLB": 0.557079259809077, "SUR": 0.418220178645075, "TLS": 0.523842724284904, "TON": 0.544697845512927, "TTO": 0.404252710062379, "TUV": 0.6313611189043, "VUT": 0.486688943340768, "ABW": 0.456531735630027, "AIA": 0.4709911765813689, "ASM": 0.4927560471718709, "COK": 0.4709911765813689, "CUW": 0.4584402874034358, "GUM": 0.391742856858267, "MNP": 0.4929355906784307, "MSR": 0.4709911765813689, "NCL": 0.403229094186662, "NIU": 0.4709911765813689, "PRI": 0.3854866228386349, "PYF": 0.4112898601100122, "SXM": 0.4193224974229114, "VGB": 0.4089982653650583, "VIR": 0.4123364140643888}, "2012": {"ATG": 0.47158984760727, "BHS": 0.427355856801259, "BRB": 0.396215852502981, "BLZ": 0.472251738101211, "CPV": 0.385477524857862, "COM": 0.470871413538449, "CUB": 0.497414273672557, "DMA": 0.368598260211752, "DOM": 0.447163347975723, "FJI": 0.460279589760889, "GRD": 0.381918384296782, "GNB": 0.504926610720525, "GUY": 0.40391894070208, "HTI": 0.441219532119359, "JAM": 0.447556690928628, "KIR": 0.618499883404277, "MDV": 0.722357733729787, "MHL": 0.586987166809118, "MUS": 0.484726712434878, "FSM": 0.597655873445851, "NRU": 0.586392245804017, "PLW": 0.531686307688199, "PNG": 0.490933421720232, "KNA": 0.434583075941399, "LCA": 0.386044850541362, "VCT": 0.409896225986472, "WSM": 0.477800614860236, "STP": 0.476742984465288, "SYC": 0.594331149128666, "SGP": 0.538326678694068, "SLB": 0.557079259809077, "SUR": 0.418220178645075, "TLS": 0.523842724284904, "TON": 0.544697845512927, "TTO": 0.404252710062379, "TUV": 0.6313611189043, "VUT": 0.486688943340768, "ABW": 0.4201691366659845, "AIA": 0.4705212509093275, "ASM": 0.4917015920177904, "COK": 0.4705212509093275, "CUW": 0.4497170049621717, "GUM": 0.4571253025645376, "MNP": 0.492071120764336, "MSR": 0.4705212509093275, "NCL": 0.43414974119033, "NIU": 0.4705212509093275, "PRI": 0.4038919821793341, "PYF": 0.4382855481057769, "SXM": 0.4439990918640211, "VGB": 0.4116586467541649, "VIR": 0.4070871059759839}, "2013": {"ATG": 0.47158984760727, "BHS": 0.427355856801259, "BRB": 0.396215852502981, "BLZ": 0.472251738101211, "CPV": 0.385477524857862, "COM": 0.470871413538449, "CUB": 0.497414273672557, "DMA": 0.368598260211752, "DOM": 0.447163347975723, "FJI": 0.460279589760889, "GRD": 0.381918384296782, "GNB": 0.504926610720525, "GUY": 0.40391894070208, "HTI": 0.441219532119359, "JAM": 0.447556690928628, "KIR": 0.618499883404277, "MDV": 0.722357733729787, "MHL": 0.586987166809118, "MUS": 0.484726712434878, "FSM": 0.597655873445851, "NRU": 0.586392245804017, "PLW": 0.531686307688199, "PNG": 0.490933421720232, "KNA": 0.434583075941399, "LCA": 0.386044850541362, "VCT": 0.409896225986472, "WSM": 0.477800614860236, "STP": 0.476742984465288, "SYC": 0.594331149128666, "SGP": 0.538326678694068, "SLB": 0.557079259809077, "SUR": 0.418220178645075, "TLS": 0.523842724284904, "TON": 0.544697845512927, "TTO": 0.404252710062379, "TUV": 0.6313611189043, "VUT": 0.486688943340768, "ABW": 0.4088981510978984, "AIA": 0.4685246952677054, "ASM": 0.5043752576258974, "COK": 0.4685246952677054, "CUW": 0.446156921389467, "GUM": 0.4072894991608281, "MNP": 0.48984874077091, "MSR": 0.4685246952677054, "NCL": 0.4235666439636522, "NIU": 0.4685246952677054, "PRI": 0.3970215213144473, "PYF": 0.4167821229407756, "SXM": 0.4816135747410478, "VGB": 0.4114928897066068, "VIR": 0.4181448249762026}, "2014": {"ATG": 0.47158984760727, "BHS": 0.427355856801259, "BRB": 0.396215852502981, "BLZ": 0.472251738101211, "CPV": 0.385477524857862, "COM": 0.470871413538449, "CUB": 0.497414273672557, "DMA": 0.368598260211752, "DOM": 0.447163347975723, "FJI": 0.460279589760889, "GRD": 0.381918384296782, "GNB": 0.504926610720525, "GUY": 0.40391894070208, "HTI": 0.441219532119359, "JAM": 0.447556690928628, "KIR": 0.618499883404277, "MDV": 0.722357733729787, "MHL": 0.586987166809118, "MUS": 0.484726712434878, "FSM": 0.597655873445851, "NRU": 0.586392245804017, "PLW": 0.531686307688199, "PNG": 0.490933421720232, "KNA": 0.434583075941399, "LCA": 0.386044850541362, "VCT": 0.409896225986472, "WSM": 0.477800614860236, "STP": 0.476742984465288, "SYC": 0.594331149128666, "SGP": 0.538326678694068, "SLB": 0.557079259809077, "SUR": 0.418220178645075, "TLS": 0.523842724284904, "TON": 0.544697845512927, "TTO": 0.404252710062379, "TUV": 0.6313611189043, "VUT": 0.486688943340768, "ABW": 0.4108123200295965, "AIA": 0.4716107816089036, "ASM": 0.5497707568779969, "COK": 0.4716107816089036, "CUW": 0.4393493008829701, "GUM": 0.4198252648996621, "MNP": 0.4801223859978213, "MSR": 0.4716107816089036, "NCL": 0.4418806058493649, "NIU": 0.4716107816089036, "PRI": 0.416806765379867, "PYF": 0.418519948067214, "SXM": 0.4011757342505114, "VGB": 0.4161638003957958, "VIR": 0.3990033966283023}, "2015": {"ATG": 0.47158984760727, "BHS": 0.427355856801259, "BRB": 0.396215852502981, "BLZ": 0.472251738101211, "CPV": 0.385477524857862, "COM": 0.470871413538449, "CUB": 0.497414273672557, "DMA": 0.368598260211752, "DOM": 0.447163347975723, "FJI": 0.460279589760889, "GRD": 0.381918384296782, "GNB": 0.504926610720525, "GUY": 0.40391894070208, "HTI": 0.441219532119359, "JAM": 0.447556690928628, "KIR": 0.618499883404277, "MDV": 0.722357733729787, "MHL": 0.586987166809118, "MUS": 0.484726712434878, "FSM": 0.597655873445851, "NRU": 0.586392245804017, "PLW": 0.531686307688199, "PNG": 0.490933421720232, "KNA": 0.434583075941399, "LCA": 0.386044850541362, "VCT": 0.409896225986472, "WSM": 0.477800614860236, "STP": 0.476742984465288, "SYC": 0.594331149128666, "SGP": 0.538326678694068, "SLB": 0.557079259809077, "SUR": 0.418220178645075, "TLS": 0.523842724284904, "TON": 0.544697845512927, "TTO": 0.404252710062379, "TUV": 0.6313611189043, "VUT": 0.486688943340768, "ABW": 0.4113268527567456, "AIA": 0.4693631661441622, "ASM": 0.5605593664879618, "COK": 0.4693631661441622, "CUW": 0.4747189368405575, "GUM": 0.4227496112332828,