{"data": {"2010": {"ATG": 0.658003890048325, "BHS": 0.658003890048325, "BRB": 0.658003890048325, "BLZ": 0.656704905377728, "CPV": 0.65701385818134, "COM": 0.658003890048325, "CUB": 0.658003890048325, "DMA": 0.658003890048325, "DOM": 0.65896681611327, "FJI": 0.658003890048325, "GRD": 0.658003890048325, "GNB": 1.0, "GUY": 0.592162390171143, "HTI": 0.6310168168819, "JAM": 0.658003890048325, "KIR": 0.658003890048325, "MDV": 0.658003890048325, "MHL": 0.658003890048325, "MUS": 0.658003890048325, "FSM": 0.658003890048325, "NRU": 0.658003890048325, "PLW": 0.658003890048325, "PNG": 0.778053905000755, "KNA": 0.658003890048325, "LCA": 0.658003890048325, "VCT": 0.658003890048325, "WSM": 0.658003890048325, "STP": 0.658003890048325, "SYC": 0.658003890048325, "SGP": 0.658003890048325, "SLB": 0.746512302562009, "SUR": 0.656661132667972, "TLS": 0.327919080869955, "TON": 0.658003890048325, "TTO": 0.658003890048325, "TUV": 0.658003890048325, "VUT": 0.674523275154162, "ABW": 0.6758350556215171, "AIA": 0.6636471121771793, "ASM": 0.661781299261832, "COK": 0.6636471121771793, "CUW": 0.660322991017805, "GUM": 0.6392350747266664, "MNP": 0.6583575599032832, "MSR": 0.6636471121771793, "NCL": 0.6678822604101575, "NIU": 0.6636471121771793, "PRI": 0.6598212301485153, "PYF": 0.6691628922015606, "SXM": 0.6626816334438616, "VGB": 0.6718714835989871, "VIR": 0.6698791032704573}, "2011": {"ATG": 0.658003890048325, "BHS": 0.658003890048325, "BRB": 0.658003890048325, "BLZ": 0.656704905377728, "CPV": 0.65701385818134, "COM": 0.658003890048325, "CUB": 0.658003890048325, "DMA": 0.658003890048325, "DOM": 0.65896681611327, "FJI": 0.658003890048325, "GRD": 0.658003890048325, "GNB": 1.0, "GUY": 0.592162390171143, "HTI": 0.6310168168819, "JAM": 0.658003890048325, "KIR": 0.658003890048325, "MDV": 0.658003890048325, "MHL": 0.658003890048325, "MUS": 0.658003890048325, "FSM": 0.658003890048325, "NRU": 0.658003890048325, "PLW": 0.658003890048325, "PNG": 0.778053905000755, "KNA": 0.658003890048325, "LCA": 0.658003890048325, "VCT": 0.658003890048325, "WSM": 0.658003890048325, "STP": 0.658003890048325, "SYC": 0.658003890048325, "SGP": 0.658003890048325, "SLB": 0.746512302562009, "SUR": 0.656661132667972, "TLS": 0.327919080869955, "TON": 0.658003890048325, "TTO": 0.658003890048325, "TUV": 0.658003890048325, "VUT": 0.674523275154162, "ABW": 0.6590969340210451, "AIA": 0.6677294664684321, "ASM": 0.6439652841904943, "COK": 0.6677294664684321, "CUW": 0.6592921497554369, "GUM": 0.6567275077444755, "MNP": 0.655584474591436, "MSR": 0.6677294664684321, "NCL": 0.6566195501684237, "NIU": 0.6677294664684321, "PRI": 0.6591022462184176, "PYF": 0.6523084995013884, "SXM": 0.6579706842179868, "VGB": 0.6102434664132811, "VIR": 0.6604873429972723}, "2012": {"ATG": 0.658003890048325, "BHS": 0.658003890048325, "BRB": 0.658003890048325, "BLZ": 0.656704905377728, "CPV": 0.65701385818134, "COM": 0.658003890048325, "CUB": 0.658003890048325, "DMA": 0.658003890048325, "DOM": 0.65896681611327, "FJI": 0.658003890048325, "GRD": 0.658003890048325, "GNB": 1.0, "GUY": 0.592162390171143, "HTI": 0.6310168168819, "JAM": 0.658003890048325, "KIR": 0.658003890048325, "MDV": 0.658003890048325, "MHL": 0.658003890048325, "MUS": 0.658003890048325, "FSM": 0.658003890048325, "NRU": 0.658003890048325, "PLW": 0.658003890048325, "PNG": 0.778053905000755, "KNA": 0.658003890048325, "LCA": 0.658003890048325, "VCT": 0.658003890048325, "WSM": 0.658003890048325, "STP": 0.658003890048325, "SYC": 0.658003890048325, "SGP": 0.658003890048325, "SLB": 0.746512302562009, "SUR": 0.656661132667972, "TLS": 0.327919080869955, "TON": 0.658003890048325, "TTO": 0.658003890048325, "TUV": 0.658003890048325, "VUT": 0.674523275154162, "ABW": 0.6576003288132259, "AIA": 0.6668389382769996, "ASM": 0.6418070688835391, "COK": 0.6668389382769996, "CUW": 0.6599060111593428, "GUM": 0.6595161762522661, "MNP": 0.6544568463634626, "MSR": 0.6668389382769996, "NCL": 0.6626507384058966, "NIU": 0.6668389382769996, "PRI": 0.6607574022507411, "PYF": 0.6606226515239131, "SXM": 0.6602836900416017, "VGB": 0.6622706434409854, "VIR": 0.6611114604818156}, "2013": {"ATG": 0.658003890048325, "BHS": 0.658003890048325, "BRB": 0.658003890048325, "BLZ": 0.656704905377728, "CPV": 0.65701385818134, "COM": 0.658003890048325, "CUB": 0.658003890048325, "DMA": 0.658003890048325, "DOM": 0.65896681611327, "FJI": 0.658003890048325, "GRD": 0.658003890048325, "GNB": 1.0, "GUY": 0.592162390171143, "HTI": 0.6310168168819, "JAM": 0.658003890048325, "KIR": 0.658003890048325, "MDV": 0.658003890048325, "MHL": 0.658003890048325, "MUS": 0.658003890048325, "FSM": 0.658003890048325, "NRU": 0.658003890048325, "PLW": 0.658003890048325, "PNG": 0.778053905000755, "KNA": 0.658003890048325, "LCA": 0.658003890048325, "VCT": 0.658003890048325, "WSM": 0.658003890048325, "STP": 0.658003890048325, "SYC": 0.658003890048325, "SGP": 0.658003890048325, "SLB": 0.746512302562009, "SUR": 0.656661132667972, "TLS": 0.327919080869955, "TON": 0.658003890048325, "TTO": 0.658003890048325, "TUV": 0.658003890048325, "VUT": 0.674523275154162, "ABW": 0.6595182215982479, "AIA": 0.6671247370602053, "ASM": 0.6580666718043598, "COK": 0.6671247370602053, "CUW": 0.6549735456760984, "GUM": 0.6620638330536482, "MNP": 0.6508065383902782, "MSR": 0.6671247370602053, "NCL": 0.6625124898412779, "NIU": 0.6671247370602053, "PRI": 0.6604886082060861, "PYF": 0.6613316114078747, "SXM": 0.661492234335278, "VGB": 0.6593957516613405, "VIR": 0.6647733317671924}, "2014": {"ATG": 0.658003890048325, "BHS": 0.658003890048325, "BRB": 0.658003890048325, "BLZ": 0.656704905377728, "CPV": 0.65701385818134, "COM": 0.658003890048325, "CUB": 0.658003890048325, "DMA": 0.658003890048325, "DOM": 0.65896681611327, "FJI": 0.658003890048325, "GRD": 0.658003890048325, "GNB": 1.0, "GUY": 0.592162390171143, "HTI": 0.6310168168819, "JAM": 0.658003890048325, "KIR": 0.658003890048325, "MDV": 0.658003890048325, "MHL": 0.658003890048325, "MUS": 0.658003890048325, "FSM": 0.658003890048325, "NRU": 0.658003890048325, "PLW": 0.658003890048325, "PNG": 0.778053905000755, "KNA": 0.658003890048325, "LCA": 0.658003890048325, "VCT": 0.658003890048325, "WSM": 0.658003890048325, "STP": 0.658003890048325, "SYC": 0.658003890048325, "SGP": 0.658003890048325, "SLB": 0.746512302562009, "SUR": 0.656661132667972, "TLS": 0.327919080869955, "TON": 0.658003890048325, "TTO": 0.658003890048325, "TUV": 0.658003890048325, "VUT": 0.674523275154162, "ABW": 0.6753721629921764, "AIA": 0.6704813693100505, "ASM": 0.6587228376448029, "COK": 0.6704813693100505, "CUW": 0.6534576338075107, "GUM": 0.6585784358593948, "MNP": 0.6365906597050864, "MSR": 0.6704813693100505, "NCL": 0.6672608164693271, "NIU": 0.6704813693100505, "PRI": 0.6608515984863642, "PYF": 0.6596340045635869, "SXM": 0.6644766411535937, "VGB": 0.6680529451684228, "VIR": 0.6607704111471141}, "2015": {"ATG": 0.658003890048325, "BHS": 0.658003890048325, "BRB": 0.658003890048325, "BLZ": 0.656704905377728, "CPV": 0.65701385818134, "COM": 0.658003890048325, "CUB": 0.658003890048325, "DMA": 0.658003890048325, "DOM": 0.65896681611327, "FJI": 0.658003890048325, "GRD": 0.658003890048325, "GNB": 1.0, "GUY": 0.592162390171143, "HTI": 0.6310168168819, "JAM": 0.658003890048325, "KIR": 0.658003890048325, "MDV": 0.658003890048325, "MHL": 0.658003890048325, "MUS": 0.658003890048325, "FSM": 0.658003890048325, "NRU": 0.658003890048325, "PLW": 0.658003890048325, "PNG": 0.778053905000755, "KNA": 0.658003890048325, "LCA": 0.658003890048325, "VCT": 0.658003890048325, "WSM": 0.658003890048325, "STP": 0.658003890048325, "SYC": 0.658003890048325, "SGP": 0.658003890048325, "SLB": 0.746512302562009, "SUR": 0.656661132667972, "TLS": 0.327919080869955, "TON": 0.658003890048325, "TTO": 0.658003890048325, "TUV": 0.658003890048325, "VUT": 0.674523275154162, "ABW": 0.6699808249491467, "AIA": 0.6704769315173108, "ASM": 0.6612114550727932, "COK": 0.6704769315173108, "CUW": 0.6593997708993554, "GUM": 0.6575974825652058, "MNP": 0.6566571101600895, "MSR": 0.6704769315173108, "NCL": 0.6736773716319121,