{"data": {"2010": {"ATG": 0.445793759415805, "BHS": 0.357837088684789, "BRB": 0.370631553952529, "BLZ": 0.387921479637909, "CPV": 0.518515751896376, "COM": 0.603144589828531, "CUB": 0.232253957673539, "DMA": 0.368144101476281, "DOM": 0.3915299605484, "FJI": 0.374209103404682, "GRD": 0.338165425797448, "GNB": 0.826130952751643, "GUY": 0.593111313076776, "HTI": 0.721584598481753, "JAM": 0.504696860980057, "KIR": 0.394176179620758, "MDV": 0.511705295411431, "MHL": 0.62753155795646, "MUS": 0.429001200645341, "FSM": 0.61319621948319, "NRU": 0.663946028853689, "PLW": 0.513090314204871, "PNG": 0.700263144950365, "KNA": 0.352238775789819, "LCA": 0.405176649500501, "VCT": 0.469841079387996, "WSM": 0.506137563789692, "STP": 0.73302153094139, "SYC": 0.398839208236018, "SGP": 0.20560060856122, "SLB": 0.661143029465801, "SUR": 0.394424602415055, "TLS": 0.714554721006965, "TON": 0.581096375873062, "TTO": 0.364039021487474, "TUV": 0.516346491752007, "VUT": 0.652994963497513, "ABW": 0.4420528802199792, "AIA": 0.459296135447093, "ASM": 0.4825561065138103, "COK": 0.459296135447093, "CUW": 0.3483343240908336, "GUM": 0.3244683102962672, "MNP": 0.4994662448768209, "MSR": 0.459296135447093, "NCL": 0.3877537152623276, "NIU": 0.459296135447093, "PRI": 0.2970352149560743, "PYF": 0.5080862992244113, "SXM": 0.2926567625614412, "VGB": 0.4026831025440991, "VIR": 0.3847119178987028}, "2011": {"ATG": 0.427839790380952, "BHS": 0.360877737937559, "BRB": 0.380863405454327, "BLZ": 0.402084869736294, "CPV": 0.506518223910747, "COM": 0.597343009171437, "CUB": 0.299699705120685, "DMA": 0.374393485505814, "DOM": 0.3759222949468, "FJI": 0.357529725411374, "GRD": 0.329067432368739, "GNB": 0.825433493295562, "GUY": 0.532154397882458, "HTI": 0.722507523335712, "JAM": 0.503528086283868, "KIR": 0.365500948760198, "MDV": 0.51448511600159, "MHL": 0.601771158058129, "MUS": 0.442015981491298, "FSM": 0.617044287770914, "NRU": 0.511086586339075, "PLW": 0.515710940316877, "PNG": 0.668159613042929, "KNA": 0.355677375380573, "LCA": 0.40203996916432, "VCT": 0.449100207989833, "WSM": 0.561429587502839, "STP": 0.733019066236731, "SYC": 0.53785079298891, "SGP": 0.215626873070243, "SLB": 0.667283417502741, "SUR": 0.384512308123206, "TLS": 0.714490330597747, "TON": 0.454773198159416, "TTO": 0.358146372144522, "TUV": 0.516387937016447, "VUT": 0.614971527480347, "ABW": 0.4279499155490571, "AIA": 0.4486354797360996, "ASM": 0.4270404783863417, "COK": 0.4486354797360996, "CUW": 0.3337612875758438, "GUM": 0.2776965359167594, "MNP": 0.3948661108291971, "MSR": 0.4486354797360996, "NCL": 0.3108779379467118, "NIU": 0.4486354797360996, "PRI": 0.3323379282513146, "PYF": 0.4671730508289441, "SXM": 0.4034437759612566, "VGB": 0.3961797895239325, "VIR": 0.354040273222246}, "2012": {"ATG": 0.410078509296515, "BHS": 0.364793461128179, "BRB": 0.359592060891015, "BLZ": 0.395993455754874, "CPV": 0.585831231588472, "COM": 0.593330553230813, "CUB": 0.230186083075485, "DMA": 0.380346003989131, "DOM": 0.392645345193771, "FJI": 0.365482281759034, "GRD": 0.329867221796863, "GNB": 0.781000967603168, "GUY": 0.500540691450652, "HTI": 0.728765434731555, "JAM": 0.509132783515256, "KIR": 0.410226994136754, "MDV": 0.508413360650229, "MHL": 0.608422009536567, "MUS": 0.425953330310999, "FSM": 0.620892356058637, "NRU": 0.51235639062612, "PLW": 0.518331566428882, "PNG": 0.668700549322062, "KNA": 0.340627703811226, "LCA": 0.383560551085083, "VCT": 0.36621290027122, "WSM": 0.468987168313915, "STP": 0.733016601532072, "SYC": 0.396107899504072, "SGP": 0.208354145797516, "SLB": 0.669304090213069, "SUR": 0.373328908225042, "TLS": 0.711280977043566, "TON": 0.591928321491155, "TTO": 0.353024144219904, "TUV": 0.507313504914711, "VUT": 0.648502461591218, "ABW": 0.4232783301887973, "AIA": 0.4427188470485901, "ASM": 0.4208836259550441, "COK": 0.4427188470485901, "CUW": 0.3591472525118934, "GUM": 0.3448535018855371, "MNP": 0.3495995682731314, "MSR": 0.4427188470485901, "NCL": 0.3952315305671119, "NIU": 0.4427188470485901, "PRI": 0.3163642424719023, "PYF": 0.4103241829821199, "SXM": 0.420528556073733, "VGB": 0.3822672863414905, "VIR": 0.3172327685799864}, "2013": {"ATG": 0.39503208792607, "BHS": 0.36841635854958, "BRB": 0.376441281311847, "BLZ": 0.231374077986632, "CPV": 0.611789996973173, "COM": 0.60911072598783, "CUB": 0.228431327827911, "DMA": 0.371721080880193, "DOM": 0.398177467884531, "FJI": 0.346450175555462, "GRD": 0.330735960513566, "GNB": 0.757676346920412, "GUY": 0.504084872335101, "HTI": 0.735023346127397, "JAM": 0.491703490289084, "KIR": 0.470284574786218, "MDV": 0.485711225162971, "MHL": 0.60977194881754, "MUS": 0.409816098216224, "FSM": 0.624740424346361, "NRU": 0.513626194913166, "PLW": 0.520952192540888, "PNG": 0.708559239433883, "KNA": 0.344124009975097, "LCA": 0.380940001912797, "VCT": 0.312731178676464, "WSM": 0.623122471600178, "STP": 0.733014136827413, "SYC": 0.383598458656176, "SGP": 0.205061762505132, "SLB": 0.663176410809527, "SUR": 0.3726139071504, "TLS": 0.708071623489385, "TON": 0.488723829653688, "TTO": 0.348375230157313, "TUV": 0.619901676218475, "VUT": 0.651009769055422, "ABW": 0.3944241816500579, "AIA": 0.4424663972897172, "ASM": 0.491924862126908, "COK": 0.4424663972897172, "CUW": 0.4050704536949131, "GUM": 0.2847281523155146, "MNP": 0.4060622569971565, "MSR": 0.4424663972897172, "NCL": 0.4358794381090336, "NIU": 0.4424663972897172, "PRI": 0.3175024268793764, "PYF": 0.3959846770804403, "SXM": 0.508766767113137, "VGB": 0.3049039028970168, "VIR": 0.2986571138990064}, "2014": {"ATG": 0.391004121429023, "BHS": 0.372387633163798, "BRB": 0.384212162782991, "BLZ": 0.284911235507163, "CPV": 0.619787357984515, "COM": 0.606042340507398, "CUB": 0.226858388761716, "DMA": 0.36775487193044, "DOM": 0.440550236272261, "FJI": 0.33821133306832, "GRD": 0.331609849247772, "GNB": 0.826640276157518, "GUY": 0.481162505822064, "HTI": 0.74128125752324, "JAM": 0.496359737853637, "KIR": 0.465391214338214, "MDV": 0.481131518713743, "MHL": 0.611121888098514, "MUS": 0.391749791108367, "FSM": 0.628588492634084, "NRU": 0.514895999200212, "PLW": 0.523572818652893, "PNG": 0.709540830070646, "KNA": 0.343036292426712, "LCA": 0.347998629877758, "VCT": 0.316152468522798, "WSM": 0.557167222857596, "STP": 0.733011672122753, "SYC": 0.335542676808251, "SGP": 0.200159618982299, "SLB": 0.662163956348797, "SUR": 0.377595975060581, "TLS": 0.700017738883776, "TON": 0.595260101547073, "TTO": 0.343926203466909, "TUV": 0.561422623892607, "VUT": 0.653517076519626, "ABW": 0.3917471330947899, "AIA": 0.439174885526662, "ASM": 0.4848096901029622, "COK": 0.439174885526662, "CUW": 0.3818897365127217, "GUM": 0.3878304736253276, "MNP": 0.3641508852250413, "MSR": 0.439174885526662, "NCL": 0.402581577843422, "NIU": 0.439174885526662, "PRI": 0.2399320119986636, "PYF": 0.4312421902870545, "SXM": 0.3492197665192444, "VGB": 0.3619276875477922, "VIR": 0.2785138136463483}, "2015": {"ATG": 0.394780703653881, "BHS": 0.37666474737811, "BRB": 0.382818405012407, "BLZ": 0.230521999312872, "CPV": 0.499116239383337, "COM": 0.602777286028623, "CUB": 0.281907648221348, "DMA": 0.366734159536316, "DOM": 0.451131289714348, "FJI": 0.325416549934004, "GRD": 0.331322493698769, "GNB": 0.766471946537476, "GUY": 0.471325197923107, "HTI": 0.736616091996005, "JAM": 0.494539022286082, "KIR": 0.43559268869658, "MDV": 0.437410353435608, "MHL": 0.612471827379488, "MUS": 0.407748665620012, "FSM": 0.632436560921808, "NRU": 0.516165803487257, "PLW": 0.526033527794637, "PNG": 0.57220068022611, "KNA": 0.344240586734454, "LCA": 0.354539561583219, "VCT": 0.304508757922494, "WSM": 0.501023825826335, "STP": 0.733009207418094, "SYC": 0.309746614590155, "SGP": 0.229789374129296, "SLB": 0.661151501888067, "SUR": 0.354703623363398, "TLS": 0.698457118702466, "TON": 0.591887223599156, "TTO": 0.319972543142186, "TUV": 0.616407334198173, "VUT": 0.65602438398383, "ABW": 0.3758325049104438, "AIA": 0.4452563169651564, "ASM": 0.4751413473462387, "COK": 0.4452563169651564, "CUW": 0.375036518661084, "GUM": 0.3723074312818057,