{"data": {"2010": {"ATG": 0.454925432614669, "BHS": 0.48759746987979, "BRB": 0.487506693794556, "BLZ": 0.655882058127987, "CPV": 0.604281679019591, "COM": 0.764046023088996, "CUB": 0.41932206373428, "DMA": 0.5494092112829608, "DOM": 0.574695916440653, "FJI": 0.508252751421407, "GRD": 0.506854648915029, "GNB": 0.810759835036305, "GUY": 0.584040450938128, "HTI": 0.68242087174247, "JAM": 0.544297076709561, "KIR": 0.655287700298981, "MDV": 0.408391398579679, "MHL": 0.4979785742972683, "MUS": 0.401487908958672, "FSM": 0.63609553923982, "NRU": 0.2409363684337489, "PLW": 0.5621674958223196, "PNG": 0.704362495158761, "KNA": 0.5512621239312128, "LCA": 0.455644082641617, "VCT": 0.514339262233197, "WSM": 0.745948182114076, "STP": 0.824763054968126, "SYC": 0.421932646902509, "SGP": 0.192372246926836, "SLB": 0.766475574305743, "SUR": 0.552449500479181, "TLS": 0.828986513960876, "TON": 0.742197508893667, "TTO": 0.387561402331161, "TUV": 0.6116318631491552, "VUT": 0.716920087957449, "ABW": 0.5026972324874881, "AIA": 0.5637890210271242, "ASM": 0.5716683615120435, "COK": 0.5637890210271242, "CUW": 0.5223289633872321, "GUM": 0.487885649028069, "MNP": 0.5163802178433452, "MSR": 0.5637890210271242, "NCL": 0.4880607218403034, "NIU": 0.5637890210271242, "PRI": 0.4675770453398334, "PYF": 0.6560376987060704, "SXM": 0.5093915579452657, "VGB": 0.5673676711706864, "VIR": 0.5141691203105616}, "2011": {"ATG": 0.45026955071951, "BHS": 0.478384504293581, "BRB": 0.485921615641769, "BLZ": 0.638660797978993, "CPV": 0.581202507384376, "COM": 0.759606090648899, "CUB": 0.420644459722612, "DMA": 0.5487017034958234, "DOM": 0.567268484631101, "FJI": 0.51152827841443, "GRD": 0.501603222857096, "GNB": 0.809105170322554, "GUY": 0.571301627040896, "HTI": 0.674084439247071, "JAM": 0.531538225577596, "KIR": 0.656981953671326, "MDV": 0.379540571021766, "MHL": 0.5063744760295419, "MUS": 0.395139900365492, "FSM": 0.621546640727479, "NRU": 0.2500136540562053, "PLW": 0.5784037490129929, "PNG": 0.698492220994205, "KNA": 0.5460937290761577, "LCA": 0.438675463447076, "VCT": 0.509540102535439, "WSM": 0.740761659755383, "STP": 0.823967689290534, "SYC": 0.420972683560727, "SGP": 0.196020736951144, "SLB": 0.764819178866047, "SUR": 0.545799375638114, "TLS": 0.813615392260461, "TON": 0.737727321135725, "TTO": 0.392896310806881, "TUV": 0.6120918121259838, "VUT": 0.721091724230947, "ABW": 0.6021055357103712, "AIA": 0.5746645202750909, "ASM": 0.6105840576058629, "COK": 0.5746645202750909, "CUW": 0.5127442004244548, "GUM": 0.5251592115217456, "MNP": 0.5240149161871465, "MSR": 0.5746645202750909, "NCL": 0.4973726660442961, "NIU": 0.5746645202750909, "PRI": 0.4736275202789165, "PYF": 0.6534112638510488, "SXM": 0.5513889607874527, "VGB": 0.6027120980161457, "VIR": 0.5707221504889569}, "2012": {"ATG": 0.444394457609561, "BHS": 0.466531967646181, "BRB": 0.485468574607072, "BLZ": 0.622743566158433, "CPV": 0.562433547603449, "COM": 0.75486450097562, "CUB": 0.422233340174095, "DMA": 0.5446828260345187, "DOM": 0.560788034035676, "FJI": 0.515448604859569, "GRD": 0.494113648379374, "GNB": 0.806635443061094, "GUY": 0.560919759432147, "HTI": 0.665255066655443, "JAM": 0.519541581005355, "KIR": 0.648959329912568, "MDV": 0.351677050797309, "MHL": 0.5197263093726807, "MUS": 0.392759268945014, "FSM": 0.605917328490595, "NRU": 0.2567037030441784, "PLW": 0.5750287700317932, "PNG": 0.690938339753656, "KNA": 0.5495090211413655, "LCA": 0.423672785679387, "VCT": 0.503273378603065, "WSM": 0.73745518738315, "STP": 0.824308544632784, "SYC": 0.418868739487503, "SGP": 0.20003837029533, "SLB": 0.76429882139549, "SUR": 0.540276476341788, "TLS": 0.800586291775587, "TON": 0.7347741894671, "TTO": 0.39923751745707, "TUV": 0.6040304085566557, "VUT": 0.720125799673439, "ABW": 0.562811042749493, "AIA": 0.5342431375482312, "ASM": 0.5591693896508262, "COK": 0.5342431375482312, "CUW": 0.5185489180233376, "GUM": 0.5178678659565059, "MNP": 0.5272422033414006, "MSR": 0.5342431375482312, "NCL": 0.5079434553360898, "NIU": 0.5342431375482312, "PRI": 0.4878896116504055, "PYF": 0.6185948907833173, "SXM": 0.5967286316073303, "VGB": 0.5434117208949313, "VIR": 0.5254182710568043}, "2013": {"ATG": 0.438481327933655, "BHS": 0.453146984383432, "BRB": 0.485717661682235, "BLZ": 0.607331133256337, "CPV": 0.547509460351807, "COM": 0.749980672075705, "CUB": 0.424223837577072, "DMA": 0.553889657290447, "DOM": 0.555233407456118, "FJI": 0.520743547049779, "GRD": 0.487286048164959, "GNB": 0.803801518478641, "GUY": 0.552696656641522, "HTI": 0.656210440758782, "JAM": 0.508574929785823, "KIR": 0.636560286684683, "MDV": 0.326896705636282, "MHL": 0.5267558422976871, "MUS": 0.393360035950984, "FSM": 0.591003581681293, "NRU": 0.2433383148695029, "PLW": 0.5831662284987849, "PNG": 0.682259475242749, "KNA": 0.5487485058406023, "LCA": 0.410119151581136, "VCT": 0.496310033386408, "WSM": 0.737462649730154, "STP": 0.824614919049168, "SYC": 0.417961958190025, "SGP": 0.201855112933665, "SLB": 0.764370281704551, "SUR": 0.53548681414656, "TLS": 0.788525792449719, "TON": 0.73148923751305, "TTO": 0.406364552075287, "TUV": 0.6052111864400297, "VUT": 0.720206610692178, "ABW": 0.5750928142982192, "AIA": 0.5441081596152938, "ASM": 0.5492134772429217, "COK": 0.5441081596152938, "CUW": 0.6564977584120946, "GUM": 0.5386561226244893, "MNP": 0.5147686374728601, "MSR": 0.5441081596152938, "NCL": 0.5313066537389189, "NIU": 0.5441081596152938, "PRI": 0.502236010039743, "PYF": 0.5642474633165859, "SXM": 0.562667857474452, "VGB": 0.5086761405179587, "VIR": 0.5288839918022713}, "2014": {"ATG": 0.433708920917663, "BHS": 0.440289704079526, "BRB": 0.486198775369483, "BLZ": 0.591814634951509, "CPV": 0.535053617734265, "COM": 0.74501071065664, "CUB": 0.426902872311096, "DMA": 0.5614673288233726, "DOM": 0.550484236344978, "FJI": 0.527097732033047, "GRD": 0.483559044263246, "GNB": 0.800943345845075, "GUY": 0.545822860714511, "HTI": 0.647328261074763, "JAM": 0.498868029750717, "KIR": 0.628235707012164, "MDV": 0.306524409373913, "MHL": 0.5206844742506437, "MUS": 0.394798381705041, "FSM": 0.578601072124422, "NRU": 0.2461759367511629, "PLW": 0.5781152840745036, "PNG": 0.673367833440551, "KNA": 0.537453539250735, "LCA": 0.397891250107532, "VCT": 0.490451487166905, "WSM": 0.741250953586606, "STP": 0.823419316195974, "SYC": 0.419646570350056, "SGP": 0.201919515554034, "SLB": 0.764087548248523, "SUR": 0.530766461633013, "TLS": 0.775510305659358, "TON": 0.727581846503518, "TTO": 0.413745035196403, "TUV": 0.6005344179232212, "VUT": 0.725213639667332, "ABW": 0.4980287556306133, "AIA": 0.5459800500362495, "ASM": 0.5433984604776623, "COK": 0.5459800500362495, "CUW": 0.5367665719110052, "GUM": 0.5403019447420438, "MNP": 0.5383797380029389, "MSR": 0.5459800500362495, "NCL": 0.5480462359089205, "NIU": 0.5459800500362495, "PRI": 0.4966618912172773, "PYF": 0.5443567290240744, "SXM": 0.6045992616248012, "VGB": 0.5107358887356477, "VIR": 0.5344407540176103}, "2015": {"ATG": 0.430625181809458, "BHS": 0.429394594700335, "BRB": 0.486859142277867, "BLZ": 0.576138833929082, "CPV": 0.524141265613573, "COM": 0.739939171090368, "CUB": 0.43037753574106, "DMA": 0.5369162033510534, "DOM": 0.546440022122987, "FJI": 0.533425726385329, "GRD": 0.483286707540782, "GNB": 0.798104107273593, "GUY": 0.539828484264748, "HTI": 0.638804651074283, "JAM": 0.490417683621752, "KIR": 0.627353495711239, "MDV": 0.290481075632063, "MHL": 0.5209172167646131, "MUS": 0.396010540836596, "FSM": 0.56912229879664, "NRU": 0.24796530381016, "PLW": 0.5682159663741041, "PNG": 0.664800596426495, "KNA": 0.5262208426147656, "LCA": 0.387052958168654, "VCT": 0.486673514712309, "WSM": 0.747386775513284, "STP": 0.819997101892366, "SYC": 0.423454156412478, "SGP": 0.203066281773902, "SLB": 0.763001790707569, "SUR": 0.525731990264482, "TLS": 0.761008064485878, "TON": 0.724016837669574, "TTO": 0.420946256655123, "TUV": 0.6009601383040696, "VUT": 0.733946187963273, "ABW": 0.4832320490883803, "AIA": 0.5374010695686371, "ASM": 0.5569411833475983, "COK": 0.5374010695686371,