{"data": {"2010": {"ATG": 0.644668281078339, "BHS": 0.550784409046173, "BRB": 0.507416605949402, "BLZ": -0.410388052463531, "CPV": -0.0326267704367638, "COM": -1.42361378669739, "CUB": -1.67137920856476, "DMA": 0.484202235937119, "DOM": -0.15228171646595, "FJI": -0.667689681053162, "GRD": 0.364560455083847, "GNB": -1.13821291923523, "GUY": -0.578112244606018, "HTI": -1.02882242202759, "JAM": 0.278852492570877, "KIR": -1.33558237552643, "MDV": -0.363285571336746, "MHL": -0.982468485832214, "MUS": 0.889053285121918, "FSM": -0.875901460647583, "NRU": -1.0458117723465, "PLW": -0.872344851493835, "PNG": -0.558858513832092, "KNA": 0.483709514141083, "LCA": 0.484202235937119, "VCT": 0.453653067350388, "WSM": -0.252603858709335, "STP": -0.844986021518707, "SYC": -0.495318293571472, "SGP": 1.78608727455139, "SLB": -1.18954503536224, "SUR": -0.666396737098694, "TLS": -0.8537184616861712, "TON": -0.581013023853302, "TTO": 0.519766986370087, "TUV": -1.15212023258209, "VUT": -0.750156581401825, "ABW": 0.3868723541411485, "AIA": 0.320921660591358, "ASM": -0.2657033133988592, "COK": 0.320921660591358, "CUW": 0.8260302167910074, "GUM": 0.7504105540299864, "MNP": 0.5941661263001821, "MSR": 0.320921660591358, "NCL": 1.103144605331094, "NIU": 0.320921660591358, "PRI": 1.124466559762862, "PYF": 0.2492213754598422, "SXM": 0.4650664555834212, "VGB": 0.5102296628384366, "VIR": 0.8058455300057966}, "2011": {"ATG": 0.635736644268036, "BHS": 0.528025209903717, "BRB": 0.647341549396515, "BLZ": -0.513800501823425, "CPV": 0.0736227259039879, "COM": -1.36131227016449, "CUB": -1.62652707099915, "DMA": 0.300636798143387, "DOM": -0.195434227585793, "FJI": -0.495104342699051, "GRD": 0.285654157400131, "GNB": -1.12360322475433, "GUY": -0.657311320304871, "HTI": -1.05269205570221, "JAM": 0.292572468519211, "KIR": -1.40458989143372, "MDV": -0.368263751268387, "MHL": -1.00459623336792, "MUS": 0.837895929813385, "FSM": -0.890871226787567, "NRU": -1.07976317405701, "PLW": -0.895604729652405, "PNG": -0.51607608795166, "KNA": 0.445314556360245, "LCA": 0.513033211231232, "VCT": 0.419262200593948, "WSM": -0.303922683000565, "STP": -0.728225350379944, "SYC": -0.37702864408493, "SGP": 1.78959619998932, "SLB": -1.04450440406799, "SUR": -0.580249667167664, "TLS": -0.7213309169920668, "TON": -0.586745798587799, "TTO": 0.423527866601944, "TUV": -1.2496030330658, "VUT": -0.667464375495911, "ABW": 0.4181274857680179, "AIA": 0.3234074614074228, "ASM": -0.0641193393269869, "COK": 0.3234074614074228, "CUW": 0.9520729612570896, "GUM": 0.7792092595625429, "MNP": -0.291371991229881, "MSR": 0.3234074614074228, "NCL": 0.748511736059609, "NIU": 0.3234074614074228, "PRI": 1.0233316464485378, "PYF": 0.1692404061374627, "SXM": -0.094843698731492, "VGB": 0.4004354183518933, "VIR": 0.7254638501134377}, "2012": {"ATG": 0.604382276535034, "BHS": 0.395023912191391, "BRB": 0.453495353460312, "BLZ": -0.473247647285461, "CPV": 0.0563659965991974, "COM": -1.39106380939484, "CUB": -1.56055593490601, "DMA": 0.326926440000534, "DOM": -0.104274399578571, "FJI": -0.578681111335754, "GRD": 0.289291858673096, "GNB": -1.22623670101166, "GUY": -0.61951071023941, "HTI": -0.94038325548172, "JAM": 0.234975516796112, "KIR": -1.32737970352173, "MDV": -0.379721850156784, "MHL": -1.0472012758255, "MUS": 0.990624845027924, "FSM": -0.949270725250244, "NRU": -1.18647921085358, "PLW": -0.9931960105896, "PNG": -0.512268602848053, "KNA": 0.420863151550293, "LCA": 0.340100020170212, "VCT": 0.37804052233696, "WSM": -0.333490878343582, "STP": -0.784578621387482, "SYC": -0.28427055478096, "SGP": 1.96584606170654, "SLB": -1.04120421409607, "SUR": -0.473294138908386, "TLS": -0.706122906088829, "TON": -0.627437591552734, "TTO": 0.239958256483078, "TUV": -1.23419106006622, "VUT": -0.730835139751434, "ABW": 0.0564805715456605, "AIA": -0.0659304112568497, "ASM": 0.3432586326945213, "COK": -0.0659304112568497, "CUW": 0.7369157774448395, "GUM": 0.7879934338331223, "MNP": -0.4693114444613456, "MSR": -0.0659304112568497, "NCL": 0.4821703445315361, "NIU": -0.0659304112568497, "PRI": 0.6040187542438507, "PYF": -0.0280800968930125, "SXM": -0.1812964131608605, "VGB": 0.4166804455816746, "VIR": 0.2064719846099615}, "2013": {"ATG": 0.606551170349121, "BHS": 0.190062671899796, "BRB": 0.457041263580322, "BLZ": -0.484414726495743, "CPV": -0.100720599293709, "COM": -1.20166230201721, "CUB": -1.58398795127869, "DMA": 0.310987025499344, "DOM": -0.0710711628198624, "FJI": -0.547449827194214, "GRD": 0.284135311841965, "GNB": -1.2612224817276, "GUY": -0.601704299449921, "HTI": -0.933410227298737, "JAM": 0.233197197318077, "KIR": -1.34734344482422, "MDV": -0.431079804897308, "MHL": -1.08805859088898, "MUS": 0.939968943595886, "FSM": -0.938380777835846, "NRU": -1.37845063209534, "PLW": -0.992690682411194, "PNG": -0.509556472301483, "KNA": 0.431958556175232, "LCA": 0.319709748029709, "VCT": 0.354590237140656, "WSM": -0.2487882822752, "STP": -0.792933344841003, "SYC": -0.284101158380508, "SGP": 1.97040200233459, "SLB": -1.10314106941223, "SUR": -0.444913148880005, "TLS": -0.7475127087831497, "TON": -0.634065568447113, "TTO": 0.273381352424622, "TUV": -1.30201077461243, "VUT": -0.521671772003174, "ABW": 0.1436779836099595, "AIA": -0.0680114639345556, "ASM": -0.4379161009788513, "COK": -0.0680114639345556, "CUW": 0.0486167848687619, "GUM": 0.5876577327847481, "MNP": -0.249267246350646, "MSR": -0.0680114639345556, "NCL": 0.3130841002464295, "NIU": -0.0680114639345556, "PRI": 0.5575560761094094, "PYF": 0.0815066732987761, "SXM": -0.6462869139909744, "VGB": 0.4135967105031014, "VIR": 0.2214306058585644}, "2014": {"ATG": 0.532966613769531, "BHS": 0.17197360098362, "BRB": 0.338593423366547, "BLZ": -0.496547847986221, "CPV": -0.183811575174332, "COM": -1.104208111763, "CUB": -1.32505214214325, "DMA": 0.273593693971634, "DOM": -0.0368151552975178, "FJI": -0.38262215256691, "GRD": 0.191698044538498, "GNB": -1.19096982479095, "GUY": -0.526135802268982, "HTI": -1.06534910202026, "JAM": 0.148624956607819, "KIR": -0.919148981571198, "MDV": -0.344271451234818, "MHL": -0.949930787086487, "MUS": 1.12727034091949, "FSM": -1.03333675861359, "NRU": -1.23894536495209, "PLW": -0.819757878780365, "PNG": -0.344881922006607, "KNA": 0.187145069241524, "LCA": 0.275463432073593, "VCT": 0.35674586892128, "WSM": -0.186836302280426, "STP": -0.799398303031921, "SYC": -0.332860678434372, "SGP": 2.23345708847046, "SLB": -1.08040106296539, "SUR": -0.633016526699066, "TLS": -0.8014360888438027, "TON": -0.406627029180527, "TTO": 0.230548322200775, "TUV": -0.878795325756073, "VUT": -0.322362959384918, "ABW": 0.1379507157774642, "AIA": -0.0882225318923592, "ASM": -0.6121461133956909, "COK": -0.0882225318923592, "CUW": 0.6760450459122658, "GUM": 0.8566484528779984, "MNP": 0.4144011791944503, "MSR": -0.0882225318923592, "NCL": 0.5244900742173195, "NIU": -0.0882225318923592, "PRI": 0.8041223940849305, "PYF": -0.077006901748944, "SXM": 0.0026089802770875, "VGB": 0.5737843044400215, "VIR": 0.6983821228742599}, "2015": {"ATG": 0.374078214168549, "BHS": 0.166172862052917, "BRB": 0.56588751077652, "BLZ": -0.463450759649277, "CPV": -0.264603525400162, "COM": -1.0290549993515, "CUB": -1.22355043888092, "DMA": 0.232569694519043, "DOM": -0.0377780124545097, "FJI": -0.362124681472778, "GRD": 0.090091809630394, "GNB": -1.20310926437378, "GUY": -0.515086114406586, "HTI": -1.17039430141449, "JAM": 0.105955146253109, "KIR": -0.876477062702179, "MDV": -0.414950549602509, "MHL": -1.12172055244446, "MUS": 1.09145784378052, "FSM": -0.982749342918396, "NRU": -1.22316610813141, "PLW": -0.806377530097961, "PNG": -0.552603363990784, "KNA": 0.37811353802681, "LCA": 0.306197077035904, "VCT": 0.266068488359451, "WSM": -0.0804413929581642, "STP": -0.771344542503357, "SYC": -0.0918800756335258, "SGP": 2.26054310798645, "SLB": -0.946225702762604, "SUR": -0.607446074485779, "TLS": -0.9844050990343094, "TON": -0.416992276906967, "TTO": 0.154461413621902, "TUV": -0.686199009418488, "VUT": -0.349344074726105, "ABW": 0.1556292993575334,