{"data": {"2010": {"ATG": 50.4982155766367, "BHS": 50.6588518119545, "BRB": 63.9041941167313, "BLZ": 43.4945786044786, "CPV": 48.5650368520168, "COM": 36.7298912082773, "CUB": 47.2476789417507, "DMA": 56.2148542429411, "DOM": 46.1879435733217, "FJI": 47.588029311589, "GRD": 54.1349267666956, "GNB": 29.0212615873336, "GUY": 40.319997457011, "HTI": 34.1494757963114, "JAM": 45.4533393361329, "KIR": 43.411715986130616, "MDV": 44.1190740871829, "MHL": 51.469485106176606, "MUS": 53.929312635895, "FSM": 37.5244728335826, "NRU": 56.485371399700846, "PLW": 49.971041036982136, "PNG": 35.9457323078584, "KNA": 55.3914081950745, "LCA": 55.0570829732735, "VCT": 52.91884274655701, "WSM": 45.3912783881996, "STP": 39.433037031132, "SYC": 47.4834394231076, "SGP": 68.375062494824, "SLB": 38.0337943442828, "SUR": 45.9011834052733, "TLS": 41.6955308966008, "TON": 40.5604975262189, "TTO": 48.0429880440143, "TUV": 44.74915772351444, "VUT": 40.0159696898647, "ABW": 52.88041332571348, "AIA": 47.08113415552664, "ASM": 45.48410313230745, "COK": 47.08113415552664, "CUW": 52.797637362726576, "GUM": 52.08336131973253, "MNP": 48.50063374778974, "MSR": 47.08113415552664, "NCL": 49.78263577813656, "NIU": 47.08113415552664, "PRI": 53.685431186355466, "PYF": 45.34479183499907, "SXM": 52.333791920744034, "VGB": 44.42043081026781, "VIR": 51.78995501511261}, "2011": {"ATG": 50.1854039112731, "BHS": 50.8341997648137, "BRB": 64.7102316323292, "BLZ": 43.1743395822292, "CPV": 49.5183912812444, "COM": 36.950998677003, "CUB": 45.8969240579592, "DMA": 55.8888913055092, "DOM": 46.2083565011298, "FJI": 48.1315889626347, "GRD": 54.7418294219287, "GNB": 29.3438836359672, "GUY": 40.7690862693824, "HTI": 33.9713730100686, "JAM": 46.1588412896932, "KIR": 44.64976449887804, "MDV": 43.8684244910665, "MHL": 51.4963834055623, "MUS": 54.7313658953725, "FSM": 37.3412144131517, "NRU": 57.17978062583343, "PLW": 49.865359845776055, "PNG": 36.5504914049468, "KNA": 55.5140587517282, "LCA": 55.1101778195237, "VCT": 53.357421654754354, "WSM": 45.7866358789206, "STP": 39.5671255925214, "SYC": 46.9348020590036, "SGP": 68.956783754283, "SLB": 38.4608292320058, "SUR": 46.3272321121878, "TLS": 42.669610893667, "TON": 42.1215138895056, "TTO": 48.3970813987028, "TUV": 44.93372183822519, "VUT": 40.6138190579495, "ABW": 44.21684075932183, "AIA": 46.23015873135512, "ASM": 43.28392032635183, "COK": 46.23015873135512, "CUW": 54.31100852422271, "GUM": 54.15513075452216, "MNP": 56.29495854922581, "MSR": 46.23015873135512, "NCL": 49.41209746818086, "NIU": 46.23015873135512, "PRI": 57.97299583936435, "PYF": 43.84206738448949, "SXM": 46.44201418111879, "VGB": 51.69782883820207, "VIR": 51.78262177946939}, "2012": {"ATG": 50.5809887964654, "BHS": 51.1644464158425, "BRB": 57.9045021799939, "BLZ": 43.5937324894293, "CPV": 49.1601664091341, "COM": 37.0501177462534, "CUB": 45.6264423799688, "DMA": 55.3972244182565, "DOM": 46.5204280330558, "FJI": 48.0035430365177, "GRD": 55.1234913415776, "GNB": 30.1773098292728, "GUY": 40.9130203739505, "HTI": 34.3454759893031, "JAM": 46.2812558636718, "KIR": 44.70332800238569, "MDV": 44.2693282252285, "MHL": 50.57752656942657, "MUS": 55.2746850456158, "FSM": 37.5551874235899, "NRU": 57.51105916691431, "PLW": 49.38139862164521, "PNG": 36.7978491235299, "KNA": 55.8990686199438, "LCA": 54.8544399249413, "VCT": 52.821668265294754, "WSM": 46.769563763613, "STP": 41.1143788581598, "SYC": 48.2433100859078, "SGP": 69.4324581960171, "SLB": 38.3070479848879, "SUR": 46.2728696937446, "TLS": 43.0536932183093, "TON": 40.8342056460401, "TTO": 48.7716019396038, "TUV": 47.03443368094441, "VUT": 40.2209341850908, "ABW": 52.278563073034746, "AIA": 46.87168080349037, "ASM": 47.15698700753777, "COK": 46.87168080349037, "CUW": 52.92417465342666, "GUM": 53.997638203921696, "MNP": 48.52440473844993, "MSR": 46.87168080349037, "NCL": 49.95890796451082, "NIU": 46.87168080349037, "PRI": 59.34761404145732, "PYF": 39.71619859084395, "SXM": 41.93348748467044, "VGB": 51.19519396551443, "VIR": 60.561894559658576}, "2013": {"ATG": 50.5306418829298, "BHS": 50.7469102561585, "BRB": 58.0983450209111, "BLZ": 45.9059956971366, "CPV": 49.0545059085898, "COM": 37.9000066049283, "CUB": 44.745427407572, "DMA": 55.9963305059853, "DOM": 46.5083352666744, "FJI": 48.1438899655286, "GRD": 55.7345640986909, "GNB": 30.2855798104197, "GUY": 41.2980053071858, "HTI": 34.739253859935, "JAM": 47.0746541068457, "KIR": 45.18040957042355, "MDV": 43.9705549304108, "MHL": 49.9737859840024, "MUS": 55.535498625163, "FSM": 37.856091059701, "NRU": 57.155724599795214, "PLW": 49.15699337580837, "PNG": 36.5546668282875, "KNA": 56.5224397679783, "LCA": 55.3724505149519, "VCT": 53.44624310544838, "WSM": 45.8196835761466, "STP": 41.3484567201806, "SYC": 48.6365438962308, "SGP": 70.249286462499, "SLB": 39.3878749831288, "SUR": 46.6740914213665, "TLS": 43.4632223522824, "TON": 42.1330192838986, "TTO": 49.2549274691128, "TUV": 47.93080331942695, "VUT": 40.034403491555, "ABW": 51.49863648216039, "AIA": 47.40090115474472, "ASM": 50.60232502719613, "COK": 47.40090115474472, "CUW": 43.49791589379022, "GUM": 52.73853801211181, "MNP": 48.51925320233232, "MSR": 47.40090115474472, "NCL": 46.862515826321406, "NIU": 47.40090115474472, "PRI": 52.29266572951396, "PYF": 46.07200313511839, "SXM": 45.52979801030423, "VGB": 52.11568223815366, "VIR": 61.32541742946445}, "2014": {"ATG": 49.7269379951765, "BHS": 51.0160735574879, "BRB": 57.7202463662013, "BLZ": 45.1813831382476, "CPV": 50.1695984617749, "COM": 38.7562862810874, "CUB": 44.7975144434714, "DMA": 56.2518029445636, "DOM": 46.7569005130122, "FJI": 49.7035524132838, "GRD": 56.5972691882126, "GNB": 30.3980549409676, "GUY": 42.2055810848402, "HTI": 34.7803129923258, "JAM": 47.6301953595021, "KIR": 45.84586484410813, "MDV": 45.0993635998962, "MHL": 50.755735767033805, "MUS": 56.4048208945232, "FSM": 38.3434559294153, "NRU": 58.182138809923565, "PLW": 49.93484298842448, "PNG": 37.5157377282546, "KNA": 56.14052197193, "LCA": 55.5112137681356, "VCT": 52.81347814850788, "WSM": 47.2860507101544, "STP": 42.1482778396007, "SYC": 49.6986058747731, "SGP": 71.671610087257, "SLB": 40.1253737207872, "SUR": 46.8578406575101, "TLS": 44.3259250692511, "TON": 41.5753049363016, "TTO": 49.791076998721, "TUV": 48.74531277551059, "VUT": 40.957204418036, "ABW": 54.62964562013962, "AIA": 47.69844507637121, "ASM": 49.517237818847455, "COK": 47.69844507637121, "CUW": 45.55517825460182, "GUM": 51.77472662926227, "MNP": 49.878758996059766, "MSR": 47.69844507637121, "NCL": 47.55830829753309, "NIU": 47.69844507637121, "PRI": 60.943150784401865, "PYF": 46.77993166563506, "SXM": 49.335624849228864, "VGB": 51.07667899243124, "VIR": 59.51307867212994}, "2015": {"ATG": 49.9570175021697, "BHS": 50.6326387361268, "BRB": 58.4940038150822, "BLZ": 45.8650653937889, "CPV": 51.25381458757, "COM": 38.6058505852893, "CUB": 44.5549991386245, "DMA": 56.4411618762847, "DOM": 46.7955510504359, "FJI": 49.9428993900592, "GRD": 57.5605508284273, "GNB": 30.9590382120869, "GUY": 42.2614198320943, "HTI": 34.6809403957605, "JAM": 47.1687888015757, "KIR": 45.77607575904597, "MDV": 45.4252752018183, "MHL": 50.17189253946332, "MUS": 56.2176448727347, "FSM": 38.5465218677433, "NRU": 57.4732808596734, "PLW": 49.96033346772244, "PNG": 38.2743738279568, "KNA": 57.0854707778099, "LCA": 55.7642243347153, "VCT": 54.12424347764747, "WSM": 47.7601274136008, "STP": 42.3431086878147, "SYC": 51.0071038872702, "SGP": 71.4228036041995, "SLB": 41.3949099366001, "SUR": 47.4623762957222, "TLS": 45.170616464228, "TON": 41.3729574071343, "TTO": 50.1779698886922, "TUV": 48.896195229206526, "VUT": 40.1621131055924, "ABW": 55.34481953371935, "AIA": 47.54047322484112, "ASM": 49.10094632931663, "COK": 47.54047322484112, "CUW": 51.01294934985437, "GUM": 51.57135583589774, "MNP": 50.601605834599546, "MSR": 47.54047322484112, "NCL": 47.73758834393928, "NIU": 47.54047322484112, "PRI": 55.65778592306354, "PYF": 46.89119310853403, "SXM": 44.53461210283231, "VGB": 53.34054223718778, "VIR": 62.72042815511556}},