{"data": {"2010": {"ATG": 0.698269055027264, "BHS": 0.651907838380486, "BRB": 0.722121849662501, "BLZ": 0.44393566961931, "CPV": 0.603375654000659, "COM": 0.305507806220595, "CUB": 0.369815203887313, "DMA": 0.648607912799258, "DOM": 0.352125909802057, "FJI": 0.34427545068086, "GRD": 0.531659037116147, "GNB": 0.249684715876374, "GUY": 0.417524312396737, "HTI": 0.242070226687546, "JAM": 0.421577080811017, "KIR": 0.521210013245645, "MDV": 0.444420939404051, "MHL": 0.459450780215859, "MUS": 0.678465883085256, "FSM": 0.490536798563151, "NRU": 0.601393406185821, "PLW": 0.658099971411874, "PNG": 0.332378368682056, "KNA": 0.647438941846205, "LCA": 0.67602243404526, "VCT": 0.682229519465021, "WSM": 0.640961196019252, "STP": 0.380495761435612, "SYC": 0.516550893967233, "SGP": 0.828832318150593, "SLB": 0.382779403177227, "SUR": 0.50013738382251, "TLS": 0.3235449872894197, "TON": 0.52401939966756, "TTO": 0.477256171251046, "TUV": 0.706111880376411, "VUT": 0.562039589582268, "ABW": 0.6495368678623958, "AIA": 0.4966094501135724, "ASM": 0.6000619555538953, "COK": 0.4966094501135724, "CUW": 0.6438970386707297, "GUM": 0.7079017599369635, "MNP": 0.5977128580104876, "MSR": 0.4966094501135724, "NCL": 0.6996948267490906, "NIU": 0.4966094501135724, "PRI": 0.7253703298531878, "PYF": 0.6417597397593403, "SXM": 0.6487469385889446, "VGB": 0.6624676443388682, "VIR": 0.6941433465746997}, "2011": {"ATG": 0.696358651045712, "BHS": 0.631286160326115, "BRB": 0.722271677029532, "BLZ": 0.415441547413685, "CPV": 0.610440336515348, "COM": 0.314015073221415, "CUB": 0.37515404695204, "DMA": 0.637479647359884, "DOM": 0.358965711196988, "FJI": 0.348953867411324, "GRD": 0.53731850590226, "GNB": 0.254593511443165, "GUY": 0.410372804479301, "HTI": 0.234751143466684, "JAM": 0.432317039377611, "KIR": 0.530050495417799, "MDV": 0.401927529777197, "MHL": 0.534511330677123, "MUS": 0.686983982105131, "FSM": 0.498418305630133, "NRU": 0.620517919451145, "PLW": 0.685687046254542, "PNG": 0.352658861481027, "KNA": 0.651611090082572, "LCA": 0.664542314745511, "VCT": 0.691494105677458, "WSM": 0.645295369316522, "STP": 0.38090833529936, "SYC": 0.508158885324893, "SGP": 0.837458807395635, "SLB": 0.407957112488137, "SUR": 0.502011242141709, "TLS": 0.4220209642873467, "TON": 0.507162837474005, "TTO": 0.480272555893802, "TUV": 0.603208936621156, "VUT": 0.564236505136828, "ABW": 0.6220738091327263, "AIA": 0.4972913779009778, "ASM": 0.6725028320360534, "COK": 0.4972913779009778, "CUW": 0.5728234106372795, "GUM": 0.6624457359033301, "MNP": 0.6336002678683618, "MSR": 0.4972913779009778, "NCL": 0.6431992759892464, "NIU": 0.4972913779009778, "PRI": 0.7174259576170199, "PYF": 0.6071819877891862, "SXM": 0.632435774496133, "VGB": 0.6470730100962354, "VIR": 0.7145859917108015}, "2012": {"ATG": 0.696764851760318, "BHS": 0.631783359338739, "BRB": 0.712456793900714, "BLZ": 0.420769762726957, "CPV": 0.613067276222976, "COM": 0.311503562216852, "CUB": 0.372258617910006, "DMA": 0.635167279757389, "DOM": 0.375735824423803, "FJI": 0.355477859423084, "GRD": 0.534987237710479, "GNB": 0.212215477993423, "GUY": 0.407864911929382, "HTI": 0.250466652251988, "JAM": 0.436831481750639, "KIR": 0.538165434392211, "MDV": 0.404319620106151, "MHL": 0.515999837977857, "MUS": 0.701351278035845, "FSM": 0.507381641997405, "NRU": 0.653847913690099, "PLW": 0.687416130641247, "PNG": 0.346655623454365, "KNA": 0.648992075957853, "LCA": 0.639914120297882, "VCT": 0.688454113536275, "WSM": 0.642809117459847, "STP": 0.363977282548034, "SYC": 0.507627752174715, "SGP": 0.849442428822547, "SLB": 0.404673283193847, "SUR": 0.499181040851279, "TLS": 0.3451962068043478, "TON": 0.503060188370679, "TTO": 0.482783112676856, "TUV": 0.600793075379694, "VUT": 0.566149675485315, "ABW": 0.618635788113193, "AIA": 0.4970618955035931, "ASM": 0.6668151378213358, "COK": 0.4970618955035931, "CUW": 0.6731879162477659, "GUM": 0.6527520359410117, "MNP": 0.6359040111993721, "MSR": 0.4970618955035931, "NCL": 0.6034476956700369, "NIU": 0.4970618955035931, "PRI": 0.7136998250955725, "PYF": 0.6353373464602126, "SXM": 0.5138123698538188, "VGB": 0.6618176133112077, "VIR": 0.7078049747261428}, "2013": {"ATG": 0.67449138417936, "BHS": 0.635345109294372, "BRB": 0.715297537587923, "BLZ": 0.418959426524897, "CPV": 0.615382258450761, "COM": 0.326967460007789, "CUB": 0.373876709118688, "DMA": 0.637500249206473, "DOM": 0.406164063161316, "FJI": 0.349263023506929, "GRD": 0.536540719077048, "GNB": 0.199922046814586, "GUY": 0.406593877210566, "HTI": 0.256965793651064, "JAM": 0.441876879816367, "KIR": 0.545985717352563, "MDV": 0.364212225306183, "MHL": 0.536498429847479, "MUS": 0.696475422078727, "FSM": 0.52322219428879, "NRU": 0.632489529943132, "PLW": 0.687348839057347, "PNG": 0.324865779844909, "KNA": 0.652218301788735, "LCA": 0.647677911594196, "VCT": 0.682255093768634, "WSM": 0.644232909326709, "STP": 0.359994484541331, "SYC": 0.524465581387846, "SGP": 0.844416978947084, "SLB": 0.407503393293383, "SUR": 0.501578670479849, "TLS": 0.32570761999391, "TON": 0.509357275280806, "TTO": 0.47742634367111, "TUV": 0.605439317044933, "VUT": 0.570993613170764, "ABW": 0.6790908544235918, "AIA": 0.4962479607908892, "ASM": 0.5724636273785677, "COK": 0.4962479607908892, "CUW": 0.6428916564645729, "GUM": 0.6853560827599847, "MNP": 0.6023324133392954, "MSR": 0.4962479607908892, "NCL": 0.5739509299469285, "NIU": 0.4962479607908892, "PRI": 0.6753171442894492, "PYF": 0.6567023766897182, "SXM": 0.594198354380523, "VGB": 0.657465638711169, "VIR": 0.681236232632174}, "2014": {"ATG": 0.475720630416039, "BHS": 0.640734190516446, "BRB": 0.72240817447656, "BLZ": 0.364498818586232, "CPV": 0.634737127207543, "COM": 0.335800212839836, "CUB": 0.38161109755293, "DMA": 0.606948311846172, "DOM": 0.430979991206455, "FJI": 0.410257760966567, "GRD": 0.477623928803193, "GNB": 0.250906282818508, "GUY": 0.389682060631013, "HTI": 0.278272842031856, "JAM": 0.455189915642383, "KIR": 0.486066631192582, "MDV": 0.406598487822126, "MHL": 0.46693274058533, "MUS": 0.68918456280407, "FSM": 0.455406748618672, "NRU": 0.312812112139597, "PLW": 0.564392192065891, "PNG": 0.353413986274991, "KNA": 0.52437236386825, "LCA": 0.62158078797616, "VCT": 0.618692455774197, "WSM": 0.65091131597219, "STP": 0.355152070108563, "SYC": 0.535172896532787, "SGP": 0.867770041651447, "SLB": 0.412060416706839, "SUR": 0.483559204080982, "TLS": 0.3811912766471186, "TON": 0.481853377019675, "TTO": 0.49264013767076, "TUV": 0.583591414747131, "VUT": 0.545401870941815, "ABW": 0.5937605838545061, "AIA": 0.4293787390590642, "ASM": 0.4938867056754482, "COK": 0.4293787390590642, "CUW": 0.6651617655027436, "GUM": 0.6113416868625866, "MNP": 0.5719780880559369, "MSR": 0.4293787390590642, "NCL": 0.6321381350510946, "NIU": 0.4293787390590642, "PRI": 0.6641990973932724, "PYF": 0.565712953942771, "SXM": 0.5255217396014901, "VGB": 0.6172725345496937, "VIR": 0.6898011317610891}, "2015": {"ATG": 0.625940477214871, "BHS": 0.627357032172451, "BRB": 0.724899655583815, "BLZ": 0.36923620445492, "CPV": 0.626108688665968, "COM": 0.350779973072161, "CUB": 0.373055156500965, "DMA": 0.642308019854157, "DOM": 0.410022456362954, "FJI": 0.431286783634108, "GRD": 0.538752940111121, "GNB": 0.259065501172542, "GUY": 0.40712815954705, "HTI": 0.279217398762526, "JAM": 0.465905916537519, "KIR": 0.480018201877366, "MDV": 0.397572019269975, "MHL": 0.468782792245189, "MUS": 0.677919601486284, "FSM": 0.452545875818465, "NRU": 0.297713818336676, "PLW": 0.558336346377714, "PNG": 0.340188908077852, "KNA": 0.604328200512625, "LCA": 0.642186474795502, "VCT": 0.626524869311923, "WSM": 0.647206030091629, "STP": 0.362359016252837, "SYC": 0.549793612685191, "SGP": 0.865557204896464, "SLB": 0.415208962487271, "SUR": 0.47216107195995, "TLS": 0.3956954258437878, "TON": 0.471088938440188, "TTO": 0.48770622448435, "TUV": 0.580340781856069, "VUT": 0.530812838153341, "ABW": 0.6183004163704472, "AIA": 0.4199831833251072, "ASM": 0.4627924009490192, "COK": 0.4199831833251072, "CUW": 0.6483263820917399,