{"data": {"2010": {"ATG": 0.556770833333333, "BHS": 0.540021929824561, "BRB": 0.890597587719298, "BLZ": 0.440789473684211, "CPV": 0.437527412280702, "COM": 0.419407894736842, "CUB": 0.4403857456140351, "DMA": 0.513322368421053, "DOM": 0.45718201754386, "FJI": 0.526151315789474, "GRD": 0.458415570175439, "GNB": 0.288048245614035, "GUY": 0.400575657894737, "HTI": 0.346773182957394, "JAM": 0.409786184210526, "KIR": 0.458615288220551, "MDV": 0.580596021303258, "MHL": 0.517297149122807, "MUS": 0.631277412280702, "FSM": 0.436376096491228, "NRU": 0.5231545504385962, "PLW": 0.469983552631579, "PNG": 0.427741228070175, "KNA": 0.555893640350877, "LCA": 0.542105263157895, "VCT": 0.597724780701754, "WSM": 0.559566885964912, "STP": 0.324205043859649, "SYC": 0.52765899122807, "SGP": 0.783031798245614, "SLB": 0.397779605263158, "SUR": 0.348930921052632, "TLS": 0.463020833333333, "TON": 0.555263157894737, "TTO": 0.424150219298246, "TUV": 0.488969556704258, "VUT": 0.467077850877193, "ABW": 0.5797261748120315, "AIA": 0.5006152020676699, "ASM": 0.5269692982456126, "COK": 0.5006152020676699, "CUW": 0.5936497963659163, "GUM": 0.5406896381578935, "MNP": 0.4968857847744359, "MSR": 0.5006152020676699, "NCL": 0.6272685776942337, "NIU": 0.5006152020676699, "PRI": 0.6190192747493714, "PYF": 0.5242007127192974, "SXM": 0.5276673793859633, "VGB": 0.5575245065789453, "VIR": 0.6744344298245638}, "2011": {"ATG": 0.542516447368421, "BHS": 0.530455043859649, "BRB": 0.890350877192982, "BLZ": 0.431524122807018, "CPV": 0.467680921052632, "COM": 0.417160087719298, "CUB": 0.4307526955409379, "DMA": 0.50718201754386, "DOM": 0.43640350877193, "FJI": 0.525657894736842, "GRD": 0.475, "GNB": 0.285581140350877, "GUY": 0.397889254385965, "HTI": 0.342951127819549, "JAM": 0.414254385964912, "KIR": 0.450751879699248, "MDV": 0.570915570175439, "MHL": 0.521655701754386, "MUS": 0.633991228070175, "FSM": 0.435745614035088, "NRU": 0.578111348684212, "PLW": 0.461787280701754, "PNG": 0.417900219298246, "KNA": 0.550411184210526, "LCA": 0.534731359649123, "VCT": 0.597587719298246, "WSM": 0.579413377192982, "STP": 0.318393640350877, "SYC": 0.527275219298246, "SGP": 0.782648026315789, "SLB": 0.397889254385965, "SUR": 0.349205043859649, "TLS": 0.474506578947368, "TON": 0.552631578947368, "TTO": 0.423108552631579, "TUV": 0.5108700109649148, "VUT": 0.465378289473684, "ABW": 0.6347236293859639, "AIA": 0.4962089912280694, "ASM": 0.5263457874687448, "COK": 0.4962089912280694, "CUW": 0.580506962719301, "GUM": 0.6044456140350872, "MNP": 0.5673288925438577, "MSR": 0.4962089912280694, "NCL": 0.5683447916666649, "NIU": 0.4962089912280694, "PRI": 0.5529512746710525, "PYF": 0.4982398026315793, "SXM": 0.5814316885964919, "VGB": 0.5402388157894771, "VIR": 0.6740276864035107}, "2012": {"ATG": 0.53500548245614, "BHS": 0.522560307017544, "BRB": 0.528097587719298, "BLZ": 0.433470394736842, "CPV": 0.482483552631579, "COM": 0.412225877192982, "CUB": 0.4568627349624087, "DMA": 0.503262061403509, "DOM": 0.436540570175439, "FJI": 0.518722587719298, "GRD": 0.468941885964912, "GNB": 0.31938048245614, "GUY": 0.389117324561403, "HTI": 0.342982456140351, "JAM": 0.409210526315789, "KIR": 0.448339598997494, "MDV": 0.56968201754386, "MHL": 0.516118421052632, "MUS": 0.635882675438596, "FSM": 0.432675438596491, "NRU": 0.5384910635964932, "PLW": 0.46000548245614, "PNG": 0.413898026315789, "KNA": 0.534621710526316, "LCA": 0.533031798245614, "VCT": 0.597231359649123, "WSM": 0.585635964912281, "STP": 0.390515350877193, "SYC": 0.531798245614035, "SGP": 0.787582236842105, "SLB": 0.398711622807018, "SUR": 0.348190789473684, "TLS": 0.47593201754386, "TON": 0.55063048245614, "TTO": 0.424862938596491, "TUV": 0.5164419407894726, "VUT": 0.453947368421053, "ABW": 0.5270505482456119, "AIA": 0.503161066729322, "ASM": 0.534547916666668, "COK": 0.503161066729322, "CUW": 0.5564083881578942, "GUM": 0.5063838815789469, "MNP": 0.5569218749999993, "MSR": 0.503161066729322, "NCL": 0.4763731907894744, "NIU": 0.503161066729322, "PRI": 0.5958167214912288, "PYF": 0.5295862938596473, "SXM": 0.4799580827067689, "VGB": 0.5367090460526339, "VIR": 0.5985699561403517}, "2013": {"ATG": 0.518667763157895, "BHS": 0.517680921052632, "BRB": 0.533223684210526, "BLZ": 0.438459429824561, "CPV": 0.49281798245614, "COM": 0.427467105263158, "CUB": 0.4537748041979963, "DMA": 0.512061403508772, "DOM": 0.429660087719298, "FJI": 0.512554824561404, "GRD": 0.478892543859649, "GNB": 0.321600877192982, "GUY": 0.397231359649123, "HTI": 0.347932330827068, "JAM": 0.437801535087719, "KIR": 0.454573934837093, "MDV": 0.533580043859649, "MHL": 0.51578947368421, "MUS": 0.65561951754386, "FSM": 0.43889802631579, "NRU": 0.4994089442355908, "PLW": 0.460855263157895, "PNG": 0.416611842105263, "KNA": 0.529577850877193, "LCA": 0.543009868421053, "VCT": 0.563733552631579, "WSM": 0.5953125, "STP": 0.390378289473684, "SYC": 0.543009868421053, "SGP": 0.807401315789474, "SLB": 0.428042763157895, "SUR": 0.351754385964912, "TLS": 0.477357456140351, "TON": 0.554769736842105, "TTO": 0.44438048245614, "TUV": 0.5167069627192972, "VUT": 0.458305921052632, "ABW": 0.5172898574561408, "AIA": 0.5038780936716815, "ASM": 0.4771361842105254, "COK": 0.5038780936716815, "CUW": 0.516006249999999, "GUM": 0.5342296052631553, "MNP": 0.503385252192985, "MSR": 0.5038780936716815, "NCL": 0.4988387061403521, "NIU": 0.5038780936716815, "PRI": 0.600261270363406, "PYF": 0.5298841008771926, "SXM": 0.5185995065789475, "VGB": 0.5864426221804501, "VIR": 0.5435349232456136}, "2014": {"ATG": 0.53859649122807, "BHS": 0.536129385964912, "BRB": 0.555235745614035, "BLZ": 0.459073464912281, "CPV": 0.549451754385965, "COM": 0.448464912280702, "CUB": 0.5076709978070171, "DMA": 0.533470394736842, "DOM": 0.447998903508772, "FJI": 0.530646929824561, "GRD": 0.498190789473684, "GNB": 0.345586622807018, "GUY": 0.422313596491228, "HTI": 0.352756892230576, "JAM": 0.464884868421053, "KIR": 0.467512531328321, "MDV": 0.531688596491228, "MHL": 0.537362938596491, "MUS": 0.683771929824561, "FSM": 0.436924342105263, "NRU": 0.5472903665413521, "PLW": 0.486239035087719, "PNG": 0.435635964912281, "KNA": 0.553125, "LCA": 0.56359649122807, "VCT": 0.599314692982456, "WSM": 0.613185307017544, "STP": 0.409100877192982, "SYC": 0.574205043859649, "SGP": 0.859046052631579, "SLB": 0.43390899122807, "SUR": 0.370202850877193, "TLS": 0.497450657894737, "TON": 0.581825657894737, "TTO": 0.466803728070175, "TUV": 0.5492847039473676, "VUT": 0.475520833333333, "ABW": 0.5248434053884694, "AIA": 0.5050124451754383, "ASM": 0.5141676535087695, "COK": 0.5050124451754383, "CUW": 0.6136961152882204, "GUM": 0.6498542058270668, "MNP": 0.5818282346491228, "MSR": 0.5050124451754383, "NCL": 0.5299523966165398, "NIU": 0.5050124451754383, "PRI": 0.6029810541979937, "PYF": 0.5381385953723609, "SXM": 0.5351379777568916, "VGB": 0.6144593280075186, "VIR": 0.6202346256265675}, "2015": {"ATG": 0.531606359649123, "BHS": 0.534237938596491, "BRB": 0.549698464912281, "BLZ": 0.454358552631579, "CPV": 0.540926535087719, "COM": 0.439446271929825, "CUB": 0.4730461936090228, "DMA": 0.528974780701754, "DOM": 0.449259868421053, "FJI": 0.525082236842105, "GRD": 0.502549342105263, "GNB": 0.337856359649123, "GUY": 0.412362938596491, "HTI": 0.353508771929825, "JAM": 0.446491228070175, "KIR": 0.460682957393484, "MDV": 0.528152412280702, "MHL": 0.527138157894737, "MUS": 0.686677631578947, "FSM": 0.445860745614035, "NRU": 0.5836637609649151, "PLW": 0.478892543859649, "PNG": 0.424314692982456, "KNA": 0.543777412280702, "LCA": 0.561047149122807, "VCT": 0.595641447368421, "WSM": 0.60515350877193, "STP": 0.413980263157895, "SYC": 0.562582236842105, "SGP": 0.848821271929825, "SLB": 0.465844298245614, "SUR": 0.377302631578947, "TLS": 0.521217105263158, "TON": 0.572916666666667, "TTO": 0.47406798245614, "TUV": 0.574494243421053, "VUT": 0.467297149122807, "ABW": 0.5326658521303252, "AIA": 0.5029918311403521, "ASM": 0.5342532659774453, "COK": 0.5029918311403521, "CUW": 0.6094919016290731, "GUM": 0.5495412750626543,