{"data": {"2010": {"ATG": 0.0151248318679866, "BHS": 0.0, "BRB": 0.0, "BLZ": 0.100903695191318, "CPV": 0.189142346314411, "COM": 0.299184284292113, "CUB": 0.0218845272898818, "DMA": 0.0600251852376626, "DOM": 0.018559827909093, "FJI": 0.110013519984207, "GRD": 0.104141715068346, "GNB": 0.940707965796542, "GUY": 0.17615414747583, "HTI": 0.6260405324858, "JAM": 0.0780587460980109, "KIR": 0.368600036994445, "MDV": 0.0089134158960725, "MHL": 0.110193785654923, "MUS": 0.0, "FSM": 0.354951930184039, "NRU": 0.009938280825344, "PLW": 0.0152978441550854, "PNG": 0.805606289857677, "KNA": 0.0028636358516912, "LCA": 0.0580436829959568, "VCT": 0.0737121674186913, "WSM": 0.0330857367299216, "STP": 0.39658943841473, "SYC": 0.0300225946530811, "SGP": 0.0, "SLB": 0.661545272651738, "SUR": 0.0880911377247147, "TLS": 0.620466956163677, "TON": 0.0787747237771991, "TTO": 0.0, "TUV": 0.0298570648038174, "VUT": 0.559421013702412, "ABW": 0.2669042265096223, "AIA": 0.1757110314822232, "ASM": 0.2430429430514456, "COK": 0.1757110314822232, "CUW": 0.0045980780016096, "GUM": 0.0108011527090465, "MNP": 0.1666567717486186, "MSR": 0.1757110314822232, "NCL": 0.0102840044262453, "NIU": 0.1757110314822232, "PRI": 0.0038154869309691, "PYF": 0.3796150015671555, "SXM": 0.0088995084835315, "VGB": 0.1038406541417291, "VIR": 0.0266102086846057}, "2011": {"ATG": 0.0545208914473588, "BHS": 0.0, "BRB": 0.0, "BLZ": 0.0832452895745463, "CPV": 0.206469549772788, "COM": 0.304176215599621, "CUB": 0.0194921323190268, "DMA": 0.0464457058369672, "DOM": 0.0210271047527464, "FJI": 0.0985529448163318, "GRD": 0.112084353371503, "GNB": 0.86795266283572, "GUY": 0.162280409754535, "HTI": 0.620151892084809, "JAM": 0.0890670308041408, "KIR": 0.228942593703869, "MDV": 0.0054776026041696, "MHL": 0.100879853141538, "MUS": 0.0060045189306161, "FSM": 0.328726170489954, "NRU": 0.010007531551027, "PLW": 0.0142850427480383, "PNG": 0.686573473664452, "KNA": 0.0, "LCA": 0.0516918873280769, "VCT": 0.060375943599063, "WSM": 0.0333393438047957, "STP": 0.38688425843339, "SYC": 0.016747451958642, "SGP": 0.0, "SLB": 0.61941636081042, "SUR": 0.0582077927090597, "TLS": 0.475808909134715, "TON": 0.0783043698691241, "TTO": 0.0, "TUV": 0.0264193427267533, "VUT": 0.582649760949477, "ABW": 0.1213216508161244, "AIA": 0.151032106477119, "ASM": 0.0490603476583332, "COK": 0.151032106477119, "CUW": 0.0438169690743573, "GUM": 0.0078717796967641, "MNP": 0.0161330827826018, "MSR": 0.151032106477119, "NCL": 0.0071248979023684, "NIU": 0.151032106477119, "PRI": 0.0007007398525637, "PYF": 0.1178215519535635, "SXM": 0.0229313385107394, "VGB": 0.0729688384565224, "VIR": 0.0092721576865591}, "2012": {"ATG": 0.0, "BHS": 0.0, "BRB": 0.0, "BLZ": 0.0801377490858002, "CPV": 0.192677049947995, "COM": 0.30723121861653, "CUB": 0.0165994829328705, "DMA": 0.0323661247237846, "DOM": 0.0213455644217631, "FJI": 0.0887487370607786, "GRD": 0.0952484559435866, "GNB": 0.853817488354689, "GUY": 0.15006311579697, "HTI": 0.621467709318779, "JAM": 0.0690519677020867, "KIR": 0.203788012025568, "MDV": 0.0036981567245903, "MHL": 0.0937421190450105, "MUS": 0.026146157394344, "FSM": 0.306669699832665, "NRU": 0.0097939766670836, "PLW": 0.0237135834713752, "PNG": 0.664879309518794, "KNA": 0.0, "LCA": 0.046600845406412, "VCT": 0.0465395417155392, "WSM": 0.0271992723440149, "STP": 0.421317078298239, "SYC": 0.0139128296414162, "SGP": 0.0, "SLB": 0.57789738217982, "SUR": 0.058444558420575, "TLS": 0.443164750764209, "TON": 0.0720542271673947, "TTO": 0.0, "TUV": 0.0232997611352702, "VUT": 0.563855098728706, "ABW": 0.1187091780783383, "AIA": 0.1079897439718194, "ASM": 0.055230634601531, "COK": 0.1079897439718194, "CUW": 0.0152046279645723, "GUM": 0.0220431961774213, "MNP": 0.0163044531901254, "MSR": 0.1079897439718194, "NCL": 0.0519079594745521, "NIU": 0.1079897439718194, "PRI": 0.0118183882120477, "PYF": 0.1293557510631693, "SXM": 0.0844937923273145, "VGB": 0.07782962107294, "VIR": 0.0055321686923197}, "2013": {"ATG": 0.0, "BHS": 0.0, "BRB": 0.0, "BLZ": 0.0681449282633061, "CPV": 0.171858464644074, "COM": 0.305205661613282, "CUB": 0.0132614757926778, "DMA": 0.0178411858565637, "DOM": 0.0161536270304957, "FJI": 0.0825621352959731, "GRD": 0.0901064177709255, "GNB": 0.839237003839249, "GUY": 0.140252418171866, "HTI": 0.606928897401, "JAM": 0.0610459424612649, "KIR": 0.178188225296043, "MDV": 0.0043253071774724, "MHL": 0.0887510276029739, "MUS": 0.026611137459848, "FSM": 0.28701974915643, "NRU": 0.0090264923290795, "PLW": 0.0108138024035268, "PNG": 0.642739883058356, "KNA": 0.0, "LCA": 0.0402113080917016, "VCT": 0.0322577820779794, "WSM": 0.0179740373038509, "STP": 0.366028222764589, "SYC": 0.0200150631020541, "SGP": 0.0, "SLB": 0.553416494771796, "SUR": 0.0582360427294592, "TLS": 0.410075272815369, "TON": 0.05560077393457, "TTO": 0.0, "TUV": 0.0180981846907981, "VUT": 0.683514404935147, "ABW": 0.1448879613979623, "AIA": 0.1034487889554647, "ASM": 0.0832810098984721, "COK": 0.1034487889554647, "CUW": 0.1155668238229691, "GUM": 0.0109881304390749, "MNP": 0.028862054069168, "MSR": 0.1034487889554647, "NCL": 0.0591557094488888, "NIU": 0.1034487889554647, "PRI": 0.009361433827489, "PYF": 0.0603695101008859, "SXM": 0.0872729105476426, "VGB": 0.064297169837373, "VIR": 0.0015968379092655}, "2014": {"ATG": 0.0, "BHS": 0.0, "BRB": 0.0, "BLZ": 0.0557958517781441, "CPV": 0.150683700028894, "COM": 0.280705487839978, "CUB": 0.0095672893412244, "DMA": 0.0029600676780832, "DOM": 0.0153017258996829, "FJI": 0.0631349016724603, "GRD": 0.0846081239355977, "GNB": 0.828623612425039, "GUY": 0.131098663318454, "HTI": 0.599738465519411, "JAM": 0.0670504613918812, "KIR": 0.152232106552444, "MDV": 0.0, "MHL": 0.083291367579328, "MUS": 0.0267199382140911, "FSM": 0.266901306249993, "NRU": 0.0079026759770012, "PLW": 0.0018984287352298, "PNG": 0.605576675816417, "KNA": 0.0, "LCA": 0.0334539795634068, "VCT": 0.0176198431291597, "WSM": 0.0210158162571567, "STP": 0.314236490702249, "SYC": 0.0, "SGP": 0.0, "SLB": 0.499203896299122, "SUR": 0.0576712713756775, "TLS": 0.376629539203862, "TON": 0.0470562880346413, "TTO": 0.0, "TUV": 0.0133586711331356, "VUT": 0.509688662316395, "ABW": 0.1641088344552363, "AIA": 0.1039611782109079, "ASM": 0.0869630265597851, "COK": 0.1039611782109079, "CUW": 0.2448349884803187, "GUM": 0.0088285894248521, "MNP": 0.0363226805119671, "MSR": 0.1039611782109079, "NCL": 0.0093616226718376, "NIU": 0.1039611782109079, "PRI": 0.0287106459072525, "PYF": 0.0957616731938523, "SXM": 0.0880505068921135, "VGB": 0.2042033360718248, "VIR": 0.0024605491638005}, "2015": {"ATG": 0.0, "BHS": 0.0, "BRB": 0.0, "BLZ": 0.0820617587184218, "CPV": 0.129241629139603, "COM": 0.255938084143971, "CUB": 0.0056059493184745, "DMA": 0.0018550337720007, "DOM": 0.0144072026919943, "FJI": 0.0485504087081806, "GRD": 0.0753826598412141, "GNB": 0.797635355723277, "GUY": 0.11669610048555, "HTI": 0.590599889325609, "JAM": 0.0510384109102379, "KIR": 0.0944892974489275, "MDV": 0.0016446856471308, "MHL": 0.0748340749856073, "MUS": 0.0265615853970378, "FSM": 0.243785154422073, "NRU": 0.010007531551027, "PLW": 0.0059176157597527, "PNG": 0.55566610497738, "KNA": 0.0, "LCA": 0.0264294211124093, "VCT": 0.0027146742576352, "WSM": 0.0032214948938937, "STP": 0.338590772208038, "SYC": 0.0, "SGP": 0.0, "SLB": 0.449338166641114, "SUR": 0.0490850212564004, "TLS": 0.327431081373286, "TON": 0.0382446485634161, "TTO": 0.0, "TUV": 0.0083520803555816, "VUT": 0.476501110985924, "ABW": 0.0539376274080838, "AIA": 0.0834984778961416, "ASM": 0.0240470782150749, "COK": 0.0834984778961416, "CUW": 0.050107936877311, "GUM": 0.0266473948241792, "MNP": 0.0386788641998874, "MSR": 0.0834984778961416, "NCL": 0.1229397245219089, "NIU": 0.0834984778961416, "PRI": 0.0408779325952111, "PYF": 0.0682094500152591, "SXM": 0.0774316527179618, "VGB": 0.0479215134656284, "VIR": 0.0069703472690303}}, "upperIntervals": {"2010": {"ABW": 0.9488154830532208, "AIA": 0.666564537762768, "ASM": 0.663825278352245, "COK": 0.666564537762768, "CUW": 0.0113684953716525,