{"data": {"2010": {"ATG": 0.162718815121984, "BHS": 0.620775536324963, "BRB": 0.164066556452271, "BLZ": 0.403131847293272, "CPV": 0.0, "COM": 0.480154664850034, "CUB": 0.633636119042592, "DMA": 0.0865124676942384, "DOM": 0.379854505246136, "FJI": 0.803258586803769, "GRD": 0.185866628868961, "GNB": 0.556879702428784, "GUY": 0.52992254152899, "HTI": 0.446158259144827, "JAM": 0.55407087257084, "KIR": 0.977182858288987, "MDV": 0.825848657336127, "MHL": 0.68453174823325, "MUS": 0.506505951334249, "FSM": 0.671096031368626, "NRU": 0.807741747221055, "PLW": 0.636926681848429, "PNG": 0.686398900902493, "KNA": 0.25248962471045, "LCA": 0.12181120638125, "VCT": 0.0959650693762501, "WSM": 0.702906266177239, "STP": 0.755922703086866, "SYC": 0.666324881467756, "SGP": 0.574693562970096, "SLB": 0.667463033804116, "SUR": 0.580415441704397, "TLS": 0.612944886351464, "TON": 0.731126706995222, "TTO": 0.362095702253768, "TUV": 0.693558996203625, "VUT": 0.698481781023164, "ABW": 0.2221075481456391, "AIA": 0.644048815517078, "ASM": 0.6436526145715525, "COK": 0.644048815517078, "CUW": 0.4901386486667407, "GUM": 0.5821813072168082, "MNP": 0.4560623971700044, "MSR": 0.644048815517078, "NCL": 0.5378363959399107, "NIU": 0.644048815517078, "PRI": 0.7214908214997826, "PYF": 0.3255244389020841, "SXM": 0.6279249027925475, "VGB": 0.23873258143435, "VIR": 0.5198876591335785}, "2011": {"ATG": 0.162718815121984, "BHS": 0.620775536324963, "BRB": 0.164066556452271, "BLZ": 0.403131847293272, "CPV": 0.0, "COM": 0.480154664850034, "CUB": 0.633636119042592, "DMA": 0.0865124676942384, "DOM": 0.379854505246136, "FJI": 0.803258586803769, "GRD": 0.185866628868961, "GNB": 0.556879702428784, "GUY": 0.52992254152899, "HTI": 0.446158259144827, "JAM": 0.55407087257084, "KIR": 0.977182858288987, "MDV": 0.825848657336127, "MHL": 0.68453174823325, "MUS": 0.506505951334249, "FSM": 0.671096031368626, "NRU": 0.807741747221055, "PLW": 0.636926681848429, "PNG": 0.686398900902493, "KNA": 0.25248962471045, "LCA": 0.12181120638125, "VCT": 0.0959650693762501, "WSM": 0.702906266177239, "STP": 0.755922703086866, "SYC": 0.666324881467756, "SGP": 0.574693562970096, "SLB": 0.667463033804116, "SUR": 0.580415441704397, "TLS": 0.612944886351464, "TON": 0.731126706995222, "TTO": 0.362095702253768, "TUV": 0.693558996203625, "VUT": 0.698481781023164, "ABW": 0.404085033599676, "AIA": 0.6440487948469481, "ASM": 0.6434599088172335, "COK": 0.6440487948469481, "CUW": 0.5093584296477855, "GUM": 0.620801227494867, "MNP": 0.6735466102685497, "MSR": 0.6440487948469481, "NCL": 0.6211734269755962, "NIU": 0.6440487948469481, "PRI": 0.6665144664563483, "PYF": 0.3387100884710399, "SXM": 0.5302754275433299, "VGB": 0.163351728716667, "VIR": 0.5803799275424539}, "2012": {"ATG": 0.162718815121984, "BHS": 0.620775536324963, "BRB": 0.164066556452271, "BLZ": 0.403131847293272, "CPV": 0.0, "COM": 0.480154664850034, "CUB": 0.633636119042592, "DMA": 0.0865124676942384, "DOM": 0.379854505246136, "FJI": 0.803258586803769, "GRD": 0.185866628868961, "GNB": 0.556879702428784, "GUY": 0.52992254152899, "HTI": 0.446158259144827, "JAM": 0.55407087257084, "KIR": 0.977182858288987, "MDV": 0.825848657336127, "MHL": 0.68453174823325, "MUS": 0.506505951334249, "FSM": 0.671096031368626, "NRU": 0.807741747221055, "PLW": 0.636926681848429, "PNG": 0.686398900902493, "KNA": 0.25248962471045, "LCA": 0.12181120638125, "VCT": 0.0959650693762501, "WSM": 0.702906266177239, "STP": 0.755922703086866, "SYC": 0.666324881467756, "SGP": 0.574693562970096, "SLB": 0.667463033804116, "SUR": 0.580415441704397, "TLS": 0.612944886351464, "TON": 0.731126706995222, "TTO": 0.362095702253768, "TUV": 0.693558996203625, "VUT": 0.698481781023164, "ABW": 0.208856213290024, "AIA": 0.64392574351608, "ASM": 0.6433581603797544, "COK": 0.64392574351608, "CUW": 0.4823529084388659, "GUM": 0.6329244133737955, "MNP": 0.6734384841560163, "MSR": 0.64392574351608, "NCL": 0.578144689743264, "NIU": 0.64392574351608, "PRI": 0.7832519928954733, "PYF": 0.4186604062391103, "SXM": 0.5510473558856444, "VGB": 0.1569420706923971, "VIR": 0.719213904254919}, "2013": {"ATG": 0.162718815121984, "BHS": 0.620775536324963, "BRB": 0.164066556452271, "BLZ": 0.403131847293272, "CPV": 0.0, "COM": 0.480154664850034, "CUB": 0.633636119042592, "DMA": 0.0865124676942384, "DOM": 0.379854505246136, "FJI": 0.803258586803769, "GRD": 0.185866628868961, "GNB": 0.556879702428784, "GUY": 0.52992254152899, "HTI": 0.446158259144827, "JAM": 0.55407087257084, "KIR": 0.977182858288987, "MDV": 0.825848657336127, "MHL": 0.68453174823325, "MUS": 0.506505951334249, "FSM": 0.671096031368626, "NRU": 0.807741747221055, "PLW": 0.636926681848429, "PNG": 0.686398900902493, "KNA": 0.25248962471045, "LCA": 0.12181120638125, "VCT": 0.0959650693762501, "WSM": 0.702906266177239, "STP": 0.755922703086866, "SYC": 0.666324881467756, "SGP": 0.574693562970096, "SLB": 0.667463033804116, "SUR": 0.580415441704397, "TLS": 0.612944886351464, "TON": 0.731126706995222, "TTO": 0.362095702253768, "TUV": 0.693558996203625, "VUT": 0.698481781023164, "ABW": 0.2028697849993878, "AIA": 0.6439360012366871, "ASM": 0.6395596247584671, "COK": 0.6439360012366871, "CUW": 0.3994119022140015, "GUM": 0.5451990444077103, "MNP": 0.6260068977653908, "MSR": 0.6439360012366871, "NCL": 0.5775586549904714, "NIU": 0.6439360012366871, "PRI": 0.781082939807074, "PYF": 0.489609667999623, "SXM": 0.6906384266042613, "VGB": 0.156318157723546, "VIR": 0.693852121571823}, "2014": {"ATG": 0.162718815121984, "BHS": 0.620775536324963, "BRB": 0.164066556452271, "BLZ": 0.403131847293272, "CPV": 0.0, "COM": 0.480154664850034, "CUB": 0.633636119042592, "DMA": 0.0865124676942384, "DOM": 0.379854505246136, "FJI": 0.803258586803769, "GRD": 0.185866628868961, "GNB": 0.556879702428784, "GUY": 0.52992254152899, "HTI": 0.446158259144827, "JAM": 0.55407087257084, "KIR": 0.977182858288987, "MDV": 0.825848657336127, "MHL": 0.68453174823325, "MUS": 0.506505951334249, "FSM": 0.671096031368626, "NRU": 0.807741747221055, "PLW": 0.636926681848429, "PNG": 0.686398900902493, "KNA": 0.25248962471045, "LCA": 0.12181120638125, "VCT": 0.0959650693762501, "WSM": 0.702906266177239, "STP": 0.755922703086866, "SYC": 0.666324881467756, "SGP": 0.574693562970096, "SLB": 0.667463033804116, "SUR": 0.580415441704397, "TLS": 0.612944886351464, "TON": 0.731126706995222, "TTO": 0.362095702253768, "TUV": 0.693558996203625, "VUT": 0.698481781023164, "ABW": 0.2268306108939423, "AIA": 0.6439383635697613, "ASM": 0.6737830991100294, "COK": 0.6439383635697613, "CUW": 0.5132216685977894, "GUM": 0.5541596200824245, "MNP": 0.6028200576829095, "MSR": 0.6439383635697613, "NCL": 0.5518308685611533, "NIU": 0.6439383635697613, "PRI": 0.7402245782938791, "PYF": 0.3428899217798361, "SXM": 0.3062633388259988, "VGB": 0.2681537626586215, "VIR": 0.7436715807020529}, "2015": {"ATG": 0.162718815121984, "BHS": 0.620775536324963, "BRB": 0.164066556452271, "BLZ": 0.403131847293272, "CPV": 0.0, "COM": 0.480154664850034, "CUB": 0.633636119042592, "DMA": 0.0865124676942384, "DOM": 0.379854505246136, "FJI": 0.803258586803769, "GRD": 0.185866628868961, "GNB": 0.556879702428784, "GUY": 0.52992254152899, "HTI": 0.446158259144827, "JAM": 0.55407087257084, "KIR": 0.977182858288987, "MDV": 0.825848657336127, "MHL": 0.68453174823325, "MUS": 0.506505951334249, "FSM": 0.671096031368626, "NRU": 0.807741747221055, "PLW": 0.636926681848429, "PNG": 0.686398900902493, "KNA": 0.25248962471045, "LCA": 0.12181120638125, "VCT": 0.0959650693762501, "WSM": 0.702906266177239, "STP": 0.755922703086866, "SYC": 0.666324881467756, "SGP": 0.574693562970096, "SLB": 0.667463033804116, "SUR": 0.580415441704397, "TLS": 0.612944886351464, "TON": 0.731126706995222, "TTO": 0.362095702253768, "TUV": 0.693558996203625, "VUT": 0.698481781023164, "ABW": 0.2589347689027966, "AIA": 0.6439495292253804, "ASM": 0.6977480188149806, "COK": 0.6439495292253804, "CUW": 0.4819795902160589, "GUM": 0.5516881569039834, "MNP": 0.7199850705203792, "MSR": 0.6439495292253804, "NCL": 0.4580649169712799,