{"data": {"2010": {"ATG": 0.345653811234635, "BHS": 0.346699494207014, "BRB": 0.380665086702656, "BLZ": 0.279144451842558, "CPV": 0.382034416875611, "COM": 0.322428853655037, "CUB": 0.300342729736326, "DMA": 0.337359539105986, "DOM": 0.518281730175789, "FJI": 0.218521420396393, "GRD": 0.383956915811687, "GNB": 0.33105583389464, "GUY": 0.369515380080781, "HTI": 0.517534257876834, "JAM": 0.406364700054646, "KIR": 0.109857435093541, "MDV": 0.474758857314601, "MHL": 0.332503881111158, "MUS": 0.214380730244754, "FSM": 0.381682710764581, "NRU": 0.117440825540616, "PLW": 0.435598275250468, "PNG": 0.372231009145954, "KNA": 0.369040680943346, "LCA": 0.341752267077824, "VCT": 0.384383917706356, "WSM": 0.339073017746297, "STP": 0.44614998197483, "SYC": 0.398621712078844, "SGP": 0.638524414170419, "SLB": 0.567064086198493, "SUR": 0.352486876026867, "TLS": 0.409957933866478, "TON": 0.19426245885444, "TTO": 0.395652909286924, "TUV": 0.559986593716793, "VUT": 0.260592493955128, "ABW": 0.3761964108512881, "AIA": 0.2260663092546746, "ASM": 0.1159537752860752, "COK": 0.2260663092546746, "CUW": 0.1692724832856322, "GUM": 0.3199059680442967, "MNP": 0.3320540703430171, "MSR": 0.2260663092546746, "NCL": 0.2390346623948279, "NIU": 0.2260663092546746, "PRI": 0.1438073587621559, "PYF": 0.3427385397326838, "SXM": 0.2641169734688659, "VGB": 0.3577251653542882, "VIR": 0.247123194022234}, "2011": {"ATG": 0.345653811234635, "BHS": 0.346699494207014, "BRB": 0.380665086702656, "BLZ": 0.279144451842558, "CPV": 0.382034416875611, "COM": 0.322428853655037, "CUB": 0.300342729736326, "DMA": 0.337359539105986, "DOM": 0.518281730175789, "FJI": 0.218521420396393, "GRD": 0.383956915811687, "GNB": 0.33105583389464, "GUY": 0.369515380080781, "HTI": 0.517534257876834, "JAM": 0.406364700054646, "KIR": 0.109857435093541, "MDV": 0.474758857314601, "MHL": 0.332503881111158, "MUS": 0.214380730244754, "FSM": 0.381682710764581, "NRU": 0.117440825540616, "PLW": 0.435598275250468, "PNG": 0.372231009145954, "KNA": 0.369040680943346, "LCA": 0.341752267077824, "VCT": 0.384383917706356, "WSM": 0.339073017746297, "STP": 0.44614998197483, "SYC": 0.398621712078844, "SGP": 0.638524414170419, "SLB": 0.567064086198493, "SUR": 0.352486876026867, "TLS": 0.409957933866478, "TON": 0.19426245885444, "TTO": 0.395652909286924, "TUV": 0.559986593716793, "VUT": 0.260592493955128, "ABW": 0.2969707250558339, "AIA": 0.2265339469822835, "ASM": 0.1516654115565016, "COK": 0.2265339469822835, "CUW": 0.2724166212443351, "GUM": 0.2134370806149899, "MNP": 0.2643582079618524, "MSR": 0.2265339469822835, "NCL": 0.2637365012329197, "NIU": 0.2265339469822835, "PRI": 0.0962760144288567, "PYF": 0.3073079604858252, "SXM": 0.3232742607765606, "VGB": 0.3688043212837266, "VIR": 0.280133028442121}, "2012": {"ATG": 0.345653811234635, "BHS": 0.346699494207014, "BRB": 0.380665086702656, "BLZ": 0.279144451842558, "CPV": 0.382034416875611, "COM": 0.322428853655037, "CUB": 0.300342729736326, "DMA": 0.337359539105986, "DOM": 0.518281730175789, "FJI": 0.218521420396393, "GRD": 0.383956915811687, "GNB": 0.33105583389464, "GUY": 0.369515380080781, "HTI": 0.517534257876834, "JAM": 0.406364700054646, "KIR": 0.109857435093541, "MDV": 0.474758857314601, "MHL": 0.332503881111158, "MUS": 0.214380730244754, "FSM": 0.381682710764581, "NRU": 0.117440825540616, "PLW": 0.435598275250468, "PNG": 0.372231009145954, "KNA": 0.369040680943346, "LCA": 0.341752267077824, "VCT": 0.384383917706356, "WSM": 0.339073017746297, "STP": 0.44614998197483, "SYC": 0.398621712078844, "SGP": 0.638524414170419, "SLB": 0.567064086198493, "SUR": 0.352486876026867, "TLS": 0.409957933866478, "TON": 0.19426245885444, "TTO": 0.395652909286924, "TUV": 0.559986593716793, "VUT": 0.260592493955128, "ABW": 0.3486816346520647, "AIA": 0.2266838477329323, "ASM": 0.1524331854523318, "COK": 0.2266838477329323, "CUW": 0.2389209001898554, "GUM": 0.3029238592506358, "MNP": 0.2627483630554019, "MSR": 0.2266838477329323, "NCL": 0.3145179611071848, "NIU": 0.2266838477329323, "PRI": 0.107694873400282, "PYF": 0.312423304440077, "SXM": 0.3553402244651886, "VGB": 0.3553492963211352, "VIR": 0.1586867907608382}, "2013": {"ATG": 0.345653811234635, "BHS": 0.346699494207014, "BRB": 0.380665086702656, "BLZ": 0.279144451842558, "CPV": 0.382034416875611, "COM": 0.322428853655037, "CUB": 0.300342729736326, "DMA": 0.337359539105986, "DOM": 0.518281730175789, "FJI": 0.218521420396393, "GRD": 0.383956915811687, "GNB": 0.33105583389464, "GUY": 0.369515380080781, "HTI": 0.517534257876834, "JAM": 0.406364700054646, "KIR": 0.109857435093541, "MDV": 0.474758857314601, "MHL": 0.332503881111158, "MUS": 0.214380730244754, "FSM": 0.381682710764581, "NRU": 0.117440825540616, "PLW": 0.435598275250468, "PNG": 0.372231009145954, "KNA": 0.369040680943346, "LCA": 0.341752267077824, "VCT": 0.384383917706356, "WSM": 0.339073017746297, "STP": 0.44614998197483, "SYC": 0.398621712078844, "SGP": 0.638524414170419, "SLB": 0.567064086198493, "SUR": 0.352486876026867, "TLS": 0.409957933866478, "TON": 0.19426245885444, "TTO": 0.395652909286924, "TUV": 0.559986593716793, "VUT": 0.260592493955128, "ABW": 0.3762741550467325, "AIA": 0.2267036823864006, "ASM": 0.3543608223369739, "COK": 0.2267036823864006, "CUW": 0.3501508811850147, "GUM": 0.2054291557923255, "MNP": 0.3235744138489928, "MSR": 0.2267036823864006, "NCL": 0.2655099639211661, "NIU": 0.2267036823864006, "PRI": 0.130905360530131, "PYF": 0.2800339143333493, "SXM": 0.3915833773440033, "VGB": 0.3541523896663003, "VIR": 0.2021959569495441}, "2014": {"ATG": 0.345653811234635, "BHS": 0.346699494207014, "BRB": 0.380665086702656, "BLZ": 0.279144451842558, "CPV": 0.382034416875611, "COM": 0.322428853655037, "CUB": 0.300342729736326, "DMA": 0.337359539105986, "DOM": 0.518281730175789, "FJI": 0.218521420396393, "GRD": 0.383956915811687, "GNB": 0.33105583389464, "GUY": 0.369515380080781, "HTI": 0.517534257876834, "JAM": 0.406364700054646, "KIR": 0.109857435093541, "MDV": 0.474758857314601, "MHL": 0.332503881111158, "MUS": 0.214380730244754, "FSM": 0.381682710764581, "NRU": 0.117440825540616, "PLW": 0.435598275250468, "PNG": 0.372231009145954, "KNA": 0.369040680943346, "LCA": 0.341752267077824, "VCT": 0.384383917706356, "WSM": 0.339073017746297, "STP": 0.44614998197483, "SYC": 0.398621712078844, "SGP": 0.638524414170419, "SLB": 0.567064086198493, "SUR": 0.352486876026867, "TLS": 0.409957933866478, "TON": 0.19426245885444, "TTO": 0.395652909286924, "TUV": 0.559986593716793, "VUT": 0.260592493955128, "ABW": 0.3762741550467325, "AIA": 0.2267036823864006, "ASM": 0.3152702321486292, "COK": 0.2267036823864006, "CUW": 0.2181398131821858, "GUM": 0.3435759310935357, "MNP": 0.279956606361348, "MSR": 0.2267036823864006, "NCL": 0.2809547322075005, "NIU": 0.2267036823864006, "PRI": 0.1586062066844991, "PYF": 0.3819321237312892, "SXM": 0.2472333564883357, "VGB": 0.2825094786195049, "VIR": 0.1798856288845793}, "2015": {"ATG": 0.345653811234635, "BHS": 0.346699494207014, "BRB": 0.380665086702656, "BLZ": 0.279144451842558, "CPV": 0.382034416875611, "COM": 0.322428853655037, "CUB": 0.300342729736326, "DMA": 0.337359539105986, "DOM": 0.518281730175789, "FJI": 0.218521420396393, "GRD": 0.383956915811687, "GNB": 0.33105583389464, "GUY": 0.369515380080781, "HTI": 0.517534257876834, "JAM": 0.406364700054646, "KIR": 0.109857435093541, "MDV": 0.474758857314601, "MHL": 0.332503881111158, "MUS": 0.214380730244754, "FSM": 0.381682710764581, "NRU": 0.117440825540616, "PLW": 0.435598275250468, "PNG": 0.372231009145954, "KNA": 0.369040680943346, "LCA": 0.341752267077824, "VCT": 0.384383917706356, "WSM": 0.339073017746297, "STP": 0.44614998197483, "SYC": 0.398621712078844, "SGP": 0.638524414170419, "SLB": 0.567064086198493, "SUR": 0.352486876026867, "TLS": 0.409957933866478, "TON": 0.19426245885444, "TTO": 0.395652909286924, "TUV": 0.559986593716793, "VUT": 0.260592493955128, "ABW": 0.37177511537027, "AIA": 0.2269463879215305, "ASM": 0.3005375387071466, "COK": 0.2269463879215305, "CUW": 0.2786212533615723, "GUM": 0.316782677254909,