{"data": {"2010": {"ATG": 0.697634200307242, "BHS": 0.687967810286113, "BRB": 0.713654395194508, "BLZ": 0.465930196751491, "CPV": 0.61238650543382, "COM": 0.314804045605737, "CUB": 0.422137948235817, "DMA": 0.643051400388753, "DOM": 0.408401830521671, "FJI": 0.397129023665174, "GRD": 0.575222020952444, "GNB": 0.289269486082313, "GUY": 0.402568634979197, "HTI": 0.280143619758455, "JAM": 0.465218384457603, "KIR": 0.50012948666394, "MDV": 0.43293118785618, "MHL": 0.475525769021952, "MUS": 0.650340463644137, "FSM": 0.501474523851457, "NRU": 0.540795096674906, "PLW": 0.534009771408409, "PNG": 0.339419307226395, "KNA": 0.665494421289696, "LCA": 0.673248153700718, "VCT": 0.662162418684169, "WSM": 0.565751720603774, "STP": 0.422530990365439, "SYC": 0.545568731071845, "SGP": 0.846973922343701, "SLB": 0.410748660069557, "SUR": 0.455300317580453, "TLS": 0.3433700548259914, "TON": 0.491272609910612, "TTO": 0.510415389560778, "TUV": 0.545016259266347, "VUT": 0.553587159339405, "ABW": 0.6674061747582652, "AIA": 0.4749695230531169, "ASM": 0.5815817237265357, "COK": 0.4749695230531169, "CUW": 0.6166969922396484, "GUM": 0.679089594805269, "MNP": 0.5814223843122677, "MSR": 0.4749695230531169, "NCL": 0.6550648747153321, "NIU": 0.4749695230531169, "PRI": 0.6967168431684642, "PYF": 0.6123093347552269, "SXM": 0.640335679428808, "VGB": 0.673946743990948, "VIR": 0.6912162799972849}, "2011": {"ATG": 0.697335743241441, "BHS": 0.686377208530003, "BRB": 0.742265639131583, "BLZ": 0.444479753191378, "CPV": 0.616950682018597, "COM": 0.321329061188825, "CUB": 0.42037362446684, "DMA": 0.641533545629882, "DOM": 0.411731421547928, "FJI": 0.43089222942002, "GRD": 0.565805573290757, "GNB": 0.288464753676906, "GUY": 0.395158110354681, "HTI": 0.272948712327546, "JAM": 0.488271040341348, "KIR": 0.503675125164128, "MDV": 0.418385589800886, "MHL": 0.489441281797287, "MUS": 0.661853562049018, "FSM": 0.486930149003233, "NRU": 0.523978492036803, "PLW": 0.521268456192562, "PNG": 0.350089521738802, "KNA": 0.661924877793506, "LCA": 0.674639942842872, "VCT": 0.665964598420802, "WSM": 0.572587312173713, "STP": 0.42790112151732, "SYC": 0.551211290239241, "SGP": 0.846251757222771, "SLB": 0.42279150933765, "SUR": 0.464571555187749, "TLS": 0.4495837101357475, "TON": 0.497593697428966, "TTO": 0.518416921067505, "TUV": 0.493903581409805, "VUT": 0.551429062403569, "ABW": 0.5906177429172617, "AIA": 0.4758912639164274, "ASM": 0.6110399232068257, "COK": 0.4758912639164274, "CUW": 0.5473885705928608, "GUM": 0.6566368720944289, "MNP": 0.5976287582204757, "MSR": 0.4758912639164274, "NCL": 0.6519544675288265, "NIU": 0.4758912639164274, "PRI": 0.6853591326658295, "PYF": 0.5929454810930641, "SXM": 0.6448050043393616, "VGB": 0.6512790685375556, "VIR": 0.7000959639567873}, "2012": {"ATG": 0.696072228649929, "BHS": 0.681786753940612, "BRB": 0.723902233500554, "BLZ": 0.460121889368725, "CPV": 0.618442923450235, "COM": 0.32398801942944, "CUB": 0.421888721730322, "DMA": 0.632821402858518, "DOM": 0.428485170666642, "FJI": 0.429515857229044, "GRD": 0.570825880376309, "GNB": 0.256761611717647, "GUY": 0.385196875622768, "HTI": 0.290303206479821, "JAM": 0.489034068074827, "KIR": 0.503871706832098, "MDV": 0.404690980715455, "MHL": 0.485121138952804, "MUS": 0.660581614451572, "FSM": 0.499706588602757, "NRU": 0.52691763211842, "PLW": 0.521267206256122, "PNG": 0.360685327727548, "KNA": 0.656623024457916, "LCA": 0.650851430189961, "VCT": 0.662391221775637, "WSM": 0.571549952646154, "STP": 0.421225638013743, "SYC": 0.546986971338292, "SGP": 0.86623216758941, "SLB": 0.416115776271082, "SUR": 0.464080181140878, "TLS": 0.3489863904089694, "TON": 0.493336176923478, "TTO": 0.505926759152833, "TUV": 0.503628543353302, "VUT": 0.554938250429562, "ABW": 0.6476572015722527, "AIA": 0.4601700304526134, "ASM": 0.606101847326604, "COK": 0.4601700304526134, "CUW": 0.6479243976267692, "GUM": 0.6316694503948849, "MNP": 0.6109290631945895, "MSR": 0.4601700304526134, "NCL": 0.5931368505721724, "NIU": 0.4601700304526134, "PRI": 0.6815039468191896, "PYF": 0.6525439781187753, "SXM": 0.5090884746690879, "VGB": 0.6582193449073115, "VIR": 0.6913715051441034}, "2013": {"ATG": 0.689448156531893, "BHS": 0.671629870370252, "BRB": 0.726152231667338, "BLZ": 0.461209412139092, "CPV": 0.608260976729369, "COM": 0.347941449058978, "CUB": 0.417289758915372, "DMA": 0.638760787305632, "DOM": 0.434936614110552, "FJI": 0.429570500267339, "GRD": 0.568268803900479, "GNB": 0.252129152383229, "GUY": 0.393515638511775, "HTI": 0.305044723464637, "JAM": 0.491862043713757, "KIR": 0.501775385929074, "MDV": 0.41067010133676, "MHL": 0.502385468183073, "MUS": 0.655136973498476, "FSM": 0.498897069340247, "NRU": 0.477629128710722, "PLW": 0.510088218001307, "PNG": 0.357046129237186, "KNA": 0.657074322702701, "LCA": 0.651797890520744, "VCT": 0.656288181054513, "WSM": 0.577778333818296, "STP": 0.424214108826656, "SYC": 0.556077292267979, "SGP": 0.862995463494558, "SLB": 0.416261725485316, "SUR": 0.471704620653331, "TLS": 0.3454996378451265, "TON": 0.498550305486931, "TTO": 0.502251570645103, "TUV": 0.498588930265113, "VUT": 0.561770536639985, "ABW": 0.6705527649493596, "AIA": 0.4732994807131169, "ASM": 0.5320052283625122, "COK": 0.4732994807131169, "CUW": 0.6548131444203003, "GUM": 0.6565131037356158, "MNP": 0.5498510147951282, "MSR": 0.4732994807131169, "NCL": 0.5654423080235097, "NIU": 0.4732994807131169, "PRI": 0.6651947336461009, "PYF": 0.6578864402403892, "SXM": 0.559499758520431, "VGB": 0.6585224826884073, "VIR": 0.6701034772213725}, "2014": {"ATG": 0.601753560529536, "BHS": 0.662787011441539, "BRB": 0.69509958102785, "BLZ": 0.435722777539, "CPV": 0.59649162435589, "COM": 0.365206227440203, "CUB": 0.436334772024492, "DMA": 0.624172807873002, "DOM": 0.443508009533118, "FJI": 0.495992061373484, "GRD": 0.5541509318974, "GNB": 0.264425052620423, "GUY": 0.401550413910183, "HTI": 0.297500372822387, "JAM": 0.482939996785289, "KIR": 0.503717351136209, "MDV": 0.470545110164474, "MHL": 0.484933876063701, "MUS": 0.653875107834845, "FSM": 0.527925246382125, "NRU": 0.394791996842784, "PLW": 0.494747524975316, "PNG": 0.382885701593115, "KNA": 0.556928809871835, "LCA": 0.605580775476302, "VCT": 0.62079970619272, "WSM": 0.596803870366213, "STP": 0.435733452084266, "SYC": 0.536211339990011, "SGP": 0.872981635129131, "SLB": 0.432806753947377, "SUR": 0.453460414273889, "TLS": 0.3838325933114695, "TON": 0.497110460915949, "TTO": 0.499332554298101, "TUV": 0.536199121488016, "VUT": 0.552434964770863, "ABW": 0.5627035929536216, "AIA": 0.4857826269769741, "ASM": 0.4980503037509493, "COK": 0.4857826269769741, "CUW": 0.6871504179652702, "GUM": 0.6658393876583492, "MNP": 0.6523983881843911, "MSR": 0.4857826269769741, "NCL": 0.649992720045241, "NIU": 0.4857826269769741, "PRI": 0.6532935106004281, "PYF": 0.5498292740184128, "SXM": 0.5313313518853513, "VGB": 0.627927574494454, "VIR": 0.7042369268355438}, "2015": {"ATG": 0.635301167097992, "BHS": 0.646903472297365, "BRB": 0.720808816061823, "BLZ": 0.436888431020702, "CPV": 0.613332678829085, "COM": 0.364512327379562, "CUB": 0.443515339598007, "DMA": 0.631876062922473, "DOM": 0.441990264138535, "FJI": 0.502877858879676, "GRD": 0.582857745546085, "GNB": 0.277164980954472, "GUY": 0.41237264413801, "HTI": 0.291255131307121, "JAM": 0.490498689261361, "KIR": 0.504258414925931, "MDV": 0.447862355763208, "MHL": 0.473612057173377, "MUS": 0.660252711764202, "FSM": 0.526806144014784, "NRU": 0.386325816478901, "PLW": 0.487886356696316, "PNG": 0.364245656999243, "KNA": 0.601339943049441, "LCA": 0.625458252408398, "VCT": 0.629344550620495, "WSM": 0.603427257659653, "STP": 0.434697331754125, "SYC": 0.591140307200935, "SGP": 0.880361085209469, "SLB": 0.444716998742052, "SUR": 0.463855983026224, "TLS": 0.4339466446372947, "TON": 0.486848897422433, "TTO": 0.502502654852892, "TUV": 0.547648763654111, "VUT": 0.507591127754966, "ABW": 0.6304407340756358, "AIA": 0.4926699162898983, "ASM": 0.4670858117943595, "COK": 0.4926699162898983, "CUW": 0.6378460948540176,