{"data": {"2010": {"ATG": 0.904999375343323, "BHS": 0.993692219257355, "BRB": 1.06063663959503, "BLZ": 0.0704276859760284, "CPV": 0.840972781181335, "COM": -0.562939286231995, "CUB": 0.349292427301407, "DMA": 0.903117775917053, "DOM": -0.0449540354311466, "FJI": -0.190827518701553, "GRD": 0.518380045890808, "GNB": -0.690954327583313, "GUY": -0.458965748548508, "HTI": -0.940315425395966, "JAM": -0.4295414686203, "KIR": 1.42273163795471, "MDV": -0.166243851184845, "MHL": 1.15306556224823, "MUS": 0.6402587890625, "FSM": 1.20931696891785, "NRU": 1.45398449897766, "PLW": 1.45398449897766, "PNG": -0.808443784713745, "KNA": 1.03611218929291, "LCA": 0.790275514125824, "VCT": 0.790275514125824, "WSM": 0.765691876411438, "STP": 0.115442857146263, "SYC": 0.856766223907471, "SGP": 1.16941487789154, "SLB": 0.343293845653534, "SUR": 0.0824754610657692, "TLS": -0.7054868130683899, "TON": 0.689703106880188, "TTO": -0.0508231818675995, "TUV": 1.42273163795471, "VUT": 1.27522957324982, "ABW": 0.9768947536945344, "AIA": -0.0513058697711676, "ASM": 0.7992451159954072, "COK": -0.0513058697711676, "CUW": 0.7833930957317352, "GUM": 0.7071910516023636, "MNP": 0.8809423362016677, "MSR": -0.0513058697711676, "NCL": 0.5189334846138954, "NIU": -0.0513058697711676, "PRI": 0.5152225594520569, "PYF": 0.8553800363540649, "SXM": 0.2598998536765575, "VGB": 0.9331974830627442, "VIR": 1.029998962759972}, "2011": {"ATG": 0.957588255405426, "BHS": 1.10362148284912, "BRB": 1.24613010883331, "BLZ": 0.151908859610558, "CPV": 0.722605228424072, "COM": -0.552736103534698, "CUB": 0.280382126569748, "DMA": 1.13915860652924, "DOM": -0.0004818502056878, "FJI": -0.0712881982326508, "GRD": 0.3601154088974, "GNB": -0.753625988960266, "GUY": -0.434282511472702, "HTI": -0.990167558193207, "JAM": -0.0629833340644836, "KIR": 1.30248832702637, "MDV": -0.242630183696747, "MHL": 1.06180381774902, "MUS": 0.946499407291412, "FSM": 1.10138940811157, "NRU": 1.06180381774902, "PLW": 1.06180381774902, "PNG": -0.754677414894104, "KNA": 0.957588255405426, "LCA": 0.849078357219696, "VCT": 0.849078357219696, "WSM": 0.988590955734253, "STP": 0.0078263999894261, "SYC": 0.937754094600677, "SGP": 1.19142174720764, "SLB": 0.307558387517929, "SUR": 0.119975283741951, "TLS": -0.2706899983286858, "TON": 0.937798142433167, "TTO": 0.141080409288406, "TUV": 1.30248832702637, "VUT": 1.10943698883057, "ABW": 0.9081854050411898, "AIA": -0.0654673847305501, "ASM": 1.0634312605857847, "COK": -0.0654673847305501, "CUW": 0.612649804198742, "GUM": 0.6145373822232088, "MNP": 1.0666547682285306, "MSR": -0.0654673847305501, "NCL": 0.8020934904813767, "NIU": -0.0654673847305501, "PRI": 0.5850610052824021, "PYF": 0.8428332349061965, "SXM": 1.063124308109283, "VGB": 0.8299956031097387, "VIR": 1.133686335325241}, "2012": {"ATG": 0.975788056850433, "BHS": 1.18402600288391, "BRB": 1.18596565723419, "BLZ": 0.180257618427277, "CPV": 0.809086382389069, "COM": -0.452308028936386, "CUB": 0.307248294353485, "DMA": 0.98058545589447, "DOM": 0.252366811037064, "FJI": -0.0677748322486877, "GRD": 0.492649018764496, "GNB": -0.965295851230621, "GUY": -0.499614059925079, "HTI": -0.78809267282486, "JAM": 0.12050811201334, "KIR": 1.29035115242004, "MDV": -0.36517146229744, "MHL": 1.02640020847321, "MUS": 0.971312403678894, "FSM": 1.15086984634399, "NRU": 1.02640020847321, "PLW": 1.02640020847321, "PNG": -0.590442359447479, "KNA": 0.975788056850433, "LCA": 0.893705666065216, "VCT": 0.928883850574493, "WSM": 0.999240159988403, "STP": 0.0133354179561138, "SYC": 0.744266331195831, "SGP": 1.36817455291748, "SLB": 0.187316343188286, "SUR": 0.0793254524469376, "TLS": -0.7071132615804673, "TON": 0.894514441490173, "TTO": 0.104277603328228, "TUV": 1.29035115242004, "VUT": 1.20170080661774, "ABW": 0.8832285112142562, "AIA": -0.0586566852815449, "ASM": 1.0368558155298238, "COK": -0.0586566852815449, "CUW": 0.6973625288009644, "GUM": 0.6811787824630737, "MNP": 1.041896682977677, "MSR": -0.0586566852815449, "NCL": 0.5633845565319062, "NIU": -0.0586566852815449, "PRI": 0.9420798449516296, "PYF": 0.9377870954275132, "SXM": 0.0696422340956051, "VGB": 0.933980291724205, "VIR": 0.9824629085063934}, "2013": {"ATG": 0.958863377571106, "BHS": 1.13482463359833, "BRB": 1.26692914962769, "BLZ": 0.176189258694649, "CPV": 0.777999877929688, "COM": -0.256929188966751, "CUB": 0.370564639568329, "DMA": 1.11985623836517, "DOM": 0.207428693771362, "FJI": -0.0510276891291142, "GRD": 0.426174342632294, "GNB": -0.899927616119385, "GUY": -0.45660674571991, "HTI": -0.631015360355377, "JAM": 0.182374373078346, "KIR": 1.28392601013184, "MDV": 0.125037372112274, "MHL": 1.054114818573, "MUS": 0.94480174779892, "FSM": 1.102858543396, "NRU": 1.054114818573, "PLW": 1.054114818573, "PNG": -0.520246863365173, "KNA": 0.958863377571106, "LCA": 0.85335773229599, "VCT": 0.85335773229599, "WSM": 0.989007890224457, "STP": 0.111840724945068, "SYC": 0.825588941574097, "SGP": 1.378178358078, "SLB": 0.300382703542709, "SUR": 0.132779225707054, "TLS": -0.4885459822416305, "TON": 0.935446381568909, "TTO": 0.0936860963702202, "TUV": 1.28392601013184, "VUT": 1.1603866815567, "ABW": 1.0564192659854892, "AIA": -0.0527260510227643, "ASM": 0.9246165418624878, "COK": -0.0527260510227643, "CUW": 1.0231032127141952, "GUM": 0.548207524240017, "MNP": 0.888882203578949, "MSR": -0.0527260510227643, "NCL": 0.5642187342047691, "NIU": -0.0527260510227643, "PRI": 0.8906660062074662, "PYF": 0.8701917058229447, "SXM": 0.8427079502344131, "VGB": 0.9476249525484556, "VIR": 0.9880668902397156}, "2014": {"ATG": 0.984550714492798, "BHS": 0.956470131874084, "BRB": 1.2779198884964, "BLZ": 0.0485830754041672, "CPV": 0.350779145956039, "COM": -0.186910167336464, "CUB": 0.544822037220001, "DMA": 1.05717813968658, "DOM": 0.145934492349625, "FJI": 0.553164601325989, "GRD": 0.774568855762482, "GNB": -0.706451654434204, "GUY": -0.136097595095634, "HTI": -0.643627285957336, "JAM": 0.0244925320148468, "KIR": 0.801865816116333, "MDV": 0.679096162319183, "MHL": 0.989585757255554, "MUS": 0.667965948581696, "FSM": 0.984550714492798, "NRU": 0.601334393024445, "PLW": 0.989585757255554, "PNG": -0.339367091655731, "KNA": 0.572488188743591, "LCA": 0.816450417041779, "VCT": 0.816450417041779, "WSM": 1.1219048500061, "STP": 0.18418300151825, "SYC": 0.361632436513901, "SGP": 1.18627142906189, "SLB": 0.470224827528, "SUR": 0.249270841479301, "TLS": -0.0236289459969848, "TON": 0.847196459770203, "TTO": 0.247864335775375, "TUV": 1.29932725429535, "VUT": 0.636045277118683, "ABW": 1.020903621912003, "AIA": -0.043267034061253, "ASM": 0.6485821136236191, "COK": -0.043267034061253, "CUW": 0.9057907644510268, "GUM": 0.4035185293257236, "MNP": 0.8249096276760102, "MSR": -0.043267034061253, "NCL": 0.6674766815900802, "NIU": -0.043267034061253, "PRI": 0.7773030771017074, "PYF": 0.804013973236084, "SXM": 0.3395645659863949, "VGB": 0.9634628417491912, "VIR": 0.9588716459274292}, "2015": {"ATG": 1.00472450256348, "BHS": 0.907476484775543, "BRB": 1.13536131381989, "BLZ": 0.0430975817143917, "CPV": 0.867810428142548, "COM": -0.232791468501091, "CUB": 0.644101679325104, "DMA": 1.0779412984848, "DOM": 0.236706420779228, "FJI": 0.580308675765991, "GRD": 0.790708482265472, "GNB": -0.518216371536255, "GUY": -0.13965080678463, "HTI": -0.670838177204132, "JAM": 0.0964844822883606, "KIR": 0.843560576438904, "MDV": 0.42067152261734, "MHL": 0.919473767280579, "MUS": 0.998615384101868, "FSM": 1.03515410423279, "NRU": 0.543760240077972, "PLW": 0.919473767280579, "PNG": -0.422148317098618, "KNA": 0.582326352596283, "LCA": 0.853690803050995, "VCT": 1.00472450256348, "WSM": 1.18397390842438, "STP": 0.144042566418648, "SYC": 0.688779771327972, "SGP": 1.3117527961731, "SLB": 0.660984754562378, "SUR": 0.256688296794891, "TLS": 0.042951350165531, "TON": 0.886334359645844, "TTO": 0.286114305257797, "TUV": 1.39128828048706, "VUT": 0.478408932685852, "ABW": 0.8996847862005234, "AIA": -0.0821323244720697, "ASM": 0.6139180755615234, "COK": -0.0821323244720697, "CUW": 0.9015704063177108,