{"data": {"2010": {"ATG": 0.81735321528425, "BHS": 0.448580869270524, "BRB": 0.435211386935525, "BLZ": 0.763941370837922, "CPV": 0.856451749555198, "COM": 0.918831370555509, "CUB": 0.0, "DMA": 0.409539947470982, "DOM": 0.821536897398966, "FJI": 0.774023553333898, "GRD": 0.622526630363621, "GNB": 0.949572142675591, "GUY": 0.856604253155977, "HTI": 0.894295452916142, "JAM": 0.859611963060239, "KIR": 0.633677878505465, "MDV": 0.445666356011184, "MHL": 0.761213250868423, "MUS": 0.653842243497416, "FSM": 0.703871896975345, "NRU": 0.906871134457341, "PLW": 0.303448275862069, "PNG": 0.953494874184529, "KNA": 0.391842267704337, "LCA": 0.860399898330933, "VCT": 0.723129712784885, "WSM": 0.840549012962806, "STP": 0.785565303120162, "SYC": 0.524942811149708, "SGP": 0.369999152757773, "SLB": 0.807150724392104, "SUR": 0.711996949927984, "TLS": 0.89613657544692, "TON": 0.626950775226637, "TTO": 0.597720918410574, "TUV": 0.414708125052953, "VUT": 0.846547487926798, "ABW": 0.6600735828398474, "AIA": 0.7551399836650726, "ASM": 0.5195664231659202, "COK": 0.7551399836650726, "CUW": 0.4245620643383387, "GUM": 0.3874476612862043, "MNP": 0.677856006507578, "MSR": 0.7551399836650726, "NCL": 0.6329827415902785, "NIU": 0.7551399836650726, "PRI": 0.287241762020146, "PYF": 0.7644259538613374, "SXM": 0.2348606471150132, "VGB": 0.7097979597603669, "VIR": 0.5258220262752267}, "2011": {"ATG": 0.74831652969584, "BHS": 0.461001440311785, "BRB": 0.44929739412498, "BLZ": 0.786749131576718, "CPV": 0.85826484792002, "COM": 0.913219802874975, "CUB": 0.407260865881556, "DMA": 0.419831116382841, "DOM": 0.755240193171228, "FJI": 0.744347482278516, "GRD": 0.62243728481973, "GNB": 0.946996526306871, "GUY": 0.884193284193284, "HTI": 0.887884436160298, "JAM": 0.850796407692959, "KIR": 0.654528509700923, "MDV": 0.433029738202152, "MHL": 0.6581716512751, "MUS": 0.628967211725832, "FSM": 0.719264170126239, "NRU": 0.295433364398882, "PLW": 0.313930780310091, "PNG": 0.957421236731582, "KNA": 0.396659444935307, "LCA": 0.847030415995933, "VCT": 0.56059476404304, "WSM": 0.828458866389901, "STP": 0.785552979596867, "SYC": 0.901423366940608, "SGP": 0.420130475302889, "SLB": 0.831712276539863, "SUR": 0.743158519020588, "TLS": 0.89581462340083, "TON": 0.622875540116919, "TTO": 0.568270778615606, "TUV": 0.461943997288825, "VUT": 0.837562484114208, "ABW": 0.7725361577491214, "AIA": 0.7765402129641017, "ASM": 0.416454395619519, "COK": 0.7765402129641017, "CUW": 0.4990944375802963, "GUM": 0.3067949408091687, "MNP": 0.353659380166452, "MSR": 0.7765402129641017, "NCL": 0.365798618023555, "NIU": 0.7765402129641017, "PRI": 0.2859174158826049, "PYF": 0.7268909388869673, "SXM": 0.4567832842969772, "VGB": 0.6191862110753846, "VIR": 0.4986867474632747}, "2012": {"ATG": 0.67927984410743, "BHS": 0.476599169702618, "BRB": 0.463383401314436, "BLZ": 0.809556892315513, "CPV": 0.86405998474964, "COM": 0.907608235194442, "CUB": 0.0, "DMA": 0.430122285294699, "DOM": 0.816851647886131, "FJI": 0.714671411223136, "GRD": 0.622347939275839, "GNB": 0.950915021604677, "GUY": 0.911782315230591, "HTI": 0.908148352113869, "JAM": 0.84198085232568, "KIR": 0.621964754723375, "MDV": 0.42039312039312, "MHL": 0.68477505718885, "MUS": 0.631085317292214, "FSM": 0.734656443277133, "NRU": 0.300512581547064, "PLW": 0.324413284758112, "PNG": 0.961347599278634, "KNA": 0.401476622166277, "LCA": 0.818825722273998, "VCT": 0.398059815301195, "WSM": 0.816368719816996, "STP": 0.785540656073571, "SYC": 0.531619079894942, "SGP": 0.383766838939253, "SLB": 0.839794967381174, "SUR": 0.774320088113192, "TLS": 0.879767855629925, "TON": 0.618800305007202, "TTO": 0.546316614420063, "TUV": 0.509179869524697, "VUT": 0.828577480301618, "ABW": 0.6184610241804293, "AIA": 0.7498673116409394, "ASM": 0.4064290812495843, "COK": 0.7498673116409394, "CUW": 0.5163562869483911, "GUM": 0.2915534982016997, "MNP": 0.2772031004653813, "MSR": 0.7498673116409394, "NCL": 0.6511049073390499, "NIU": 0.7498673116409394, "PRI": 0.3719049596263891, "PYF": 0.706354408466293, "SXM": 0.647695393421686, "VGB": 0.627820586855636, "VIR": 0.2663104771019258}, "2013": {"ATG": 0.610243158519021, "BHS": 0.492196899093451, "BRB": 0.477469408503891, "BLZ": 0.0, "CPV": 0.882343471998644, "COM": 0.966364483605863, "CUB": 0.0, "DMA": 0.440413454206558, "DOM": 0.878463102601034, "FJI": 0.684995340167754, "GRD": 0.622258593731948, "GNB": 0.954833516902482, "GUY": 0.939371346267898, "HTI": 0.92841226806744, "JAM": 0.838871473354232, "KIR": 0.589400999745827, "MDV": 0.407756502584089, "MHL": 0.690174814312745, "MUS": 0.594569177327798, "FSM": 0.750048716428027, "NRU": 0.305591798695247, "PLW": 0.334895789206134, "PNG": 0.965273961825686, "KNA": 0.406293799397247, "LCA": 0.79339151063289, "VCT": 0.235524866559349, "WSM": 0.959196814369228, "STP": 0.785528332550276, "SYC": 0.432716258578328, "SGP": 0.367304922477336, "SLB": 0.815284249767008, "SUR": 0.805481657205795, "TLS": 0.863721087859019, "TON": 0.614725069897484, "TTO": 0.524362450224519, "TUV": 0.556415741760569, "VUT": 0.838606710158434, "ABW": 0.4905057068732616, "AIA": 0.7889825615065263, "ASM": 0.5584483383012536, "COK": 0.7889825615065263, "CUW": 0.5399650118265478, "GUM": 0.3743366658424181, "MNP": 0.5856685082730544, "MSR": 0.7889825615065263, "NCL": 0.6888273374218199, "NIU": 0.7889825615065263, "PRI": 0.4024013551195051, "PYF": 0.5224010456216094, "SXM": 0.5600720585602089, "VGB": 0.4309065479145096, "VIR": 0.3017972889148753}, "2014": {"ATG": 0.602982292637465, "BHS": 0.507794628484284, "BRB": 0.491555415693347, "BLZ": 0.0, "CPV": 0.922257053291536, "COM": 0.952181648733373, "CUB": 0.0, "DMA": 0.426899940693044, "DOM": 0.877243073794798, "FJI": 0.678272473100059, "GRD": 0.622169248188057, "GNB": 0.95576548335169, "GUY": 0.94690332966195, "HTI": 0.948676184021012, "JAM": 0.84697958146234, "KIR": 0.589920641644779, "MDV": 0.395119884775057, "MHL": 0.695574571436641, "MUS": 0.558451241209862, "FSM": 0.765440989578921, "NRU": 0.31067101584343, "PLW": 0.345378293654156, "PNG": 0.969200324372738, "KNA": 0.411110976628218, "LCA": 0.63987969160383, "VCT": 0.234516648309752, "WSM": 0.84270100821825, "STP": 0.78551600902698, "SYC": 0.333813437261713, "SGP": 0.34279420486317, "SLB": 0.811234431924087, "SUR": 0.82764551385241, "TLS": 0.823451664830975, "TON": 0.632127425230874, "TTO": 0.502408286028976, "TUV": 0.603651613996442, "VUT": 0.84863594001525, "ABW": 0.4771257144287536, "AIA": 0.7894535370656058, "ASM": 0.5679002272479706, "COK": 0.7894535370656058, "CUW": 0.487563057644013, "GUM": 0.4718970295540827, "MNP": 0.3999812169857312, "MSR": 0.7894535370656058, "NCL": 0.6777577217982392, "NIU": 0.7894535370656058, "PRI": 0.2285421819647207, "PYF": 0.5148030415152347, "SXM": 0.3904393051550098, "VGB": 0.4444964886834477, "VIR": 0.2189247557136585}, "2015": {"ATG": 0.618088621536897, "BHS": 0.523392357875117, "BRB": 0.505641422882802, "BLZ": 0.0, "CPV": 0.853452512073202, "COM": 0.937998813860883, "CUB": 0.341845293569432, "DMA": 0.432466322121495, "DOM": 0.876819452681522, "FJI": 0.671549606032365, "GRD": 0.622079902644166, "GNB": 0.935787511649581, "GUY": 0.940998051342879, "HTI": 0.968940099974583, "JAM": 0.842023214437008, "KIR": 0.590440283543732, "MDV": 0.198644412437516, "MHL": 0.700974328560536, "MUS": 0.54190460052529, "FSM": 0.780833262729814, "NRU": 0.315750232991612, "PLW": 0.35522113022113, "PNG": 0.97312668691979, "KNA": 0.415928153859188, "LCA": 0.652749301025163, "VCT": 0.194764043039905, "WSM": 0.906790646445819, "STP": 0.785503685503685, "SYC": 0.234910615945099, "SGP": 0.490942980598153, "SLB": 0.807184614081166, "SUR": 0.73457595526561, "TLS": 0.815648563924426, "TON": 0.649529780564263, "TTO": 0.480454121833432, "TUV": 0.612505295263916, "VUT": 0.858665169872066, "ABW": 0.5419821890978631, "AIA": 0.7720957885544077, "ASM": 0.5423669824583622, "COK": 0.7720957885544077, "CUW": 0.5015479298314722, "GUM": 0.4361230095400931, "MNP": 0.4577704947894605, "MSR": 0.7720957885544077, "NCL": 0.8163386499412344, "NIU": 0.7720957885544077,