{"data": {"2010": {"ATG": 0.639394147711033, "BHS": 0.621146697217369, "BRB": 0.612717647340131, "BLZ": 0.434331363256043, "CPV": 0.507753774826848, "COM": 0.237398854784256, "CUB": 0.189242689388589, "DMA": 0.608205657598213, "DOM": 0.48449740867227, "FJI": 0.384321722324107, "GRD": 0.584951850252624, "GNB": 0.292869917993922, "GUY": 0.401732165689274, "HTI": 0.314131266072853, "JAM": 0.568293485306487, "KIR": 0.254508809694074, "MDV": 0.443486292360322, "MHL": 0.323140706540134, "MUS": 0.686893288576796, "FSM": 0.343853279149488, "NRU": 0.31082918316816, "PLW": 0.3445445485662, "PNG": 0.405474357947761, "KNA": 0.608109891239352, "LCA": 0.608205657598213, "VCT": 0.602268062254702, "WSM": 0.464998603559318, "STP": 0.349862063542198, "SYC": 0.417824157742607, "SGP": 0.861242545365438, "SLB": 0.282892908870974, "SUR": 0.38457302140551, "TLS": 0.3468585629162656, "TON": 0.401168364638443, "TTO": 0.615118091105672, "TUV": 0.290166865741137, "VUT": 0.368293296473045, "ABW": 0.5914155095020214, "AIA": 0.5760215397459897, "ASM": 0.4655882026251485, "COK": 0.5760215397459897, "CUW": 0.6760470966147831, "GUM": 0.6603664162009145, "MNP": 0.6288413188145249, "MSR": 0.5760215397459897, "NCL": 0.7298609810734862, "NIU": 0.5760215397459897, "PRI": 0.7337641697320344, "PYF": 0.5638699755946378, "SXM": 0.6027306165805622, "VGB": 0.6128408626319786, "VIR": 0.6723887696749309}, "2011": {"ATG": 0.637658177549219, "BHS": 0.616723175363848, "BRB": 0.639913729298757, "BLZ": 0.41423192008995, "CPV": 0.528404631917513, "COM": 0.249507897732812, "CUB": 0.197960237376843, "DMA": 0.57252752496494, "DOM": 0.47611020335902, "FJI": 0.417865741646935, "GRD": 0.569615470004815, "GNB": 0.295709486398988, "GUY": 0.386338880541601, "HTI": 0.309491918021355, "JAM": 0.570960126301074, "KIR": 0.241096375769559, "MDV": 0.442518723704654, "MHL": 0.31883991483913, "MUS": 0.676950246303684, "FSM": 0.340943726522095, "NRU": 0.304230323230952, "PLW": 0.340023713773173, "PNG": 0.413789632779891, "KNA": 0.600647373171582, "LCA": 0.613809301578546, "VCT": 0.595583787043329, "WSM": 0.455024177863215, "STP": 0.372555892845293, "SYC": 0.440815162227158, "SGP": 0.86192454688315, "SLB": 0.311083285789012, "SUR": 0.401316732116569, "TLS": 0.3753548004699981, "TON": 0.400054131481088, "TTO": 0.59641287011818, "TUV": 0.271219920570397, "VUT": 0.384365513146885, "ABW": 0.5944332948303402, "AIA": 0.5777940073021985, "ASM": 0.5045599238131753, "COK": 0.5777940073021985, "CUW": 0.6984075135443526, "GUM": 0.6657922362736657, "MNP": 0.459468464777396, "MSR": 0.5777940073021985, "NCL": 0.6550070700077861, "NIU": 0.5777940073021985, "PRI": 0.7153728572278627, "PYF": 0.5463510440520067, "SXM": 0.495239958634207, "VGB": 0.5906714752351893, "VIR": 0.6546349397640399}, "2012": {"ATG": 0.631564082146208, "BHS": 0.590872786547682, "BRB": 0.602237408678757, "BLZ": 0.422113851134558, "CPV": 0.525050580717283, "COM": 0.243725331169834, "CUB": 0.210782514662742, "DMA": 0.577637230475595, "DOM": 0.493828203400633, "FJI": 0.401621599654196, "GRD": 0.570322500642265, "GNB": 0.275761445947944, "GUY": 0.393685880040764, "HTI": 0.331320473104001, "JAM": 0.559765471645234, "KIR": 0.256103096849915, "MDV": 0.440291705499163, "MHL": 0.310559116591282, "MUS": 0.706634932917094, "FSM": 0.329593087333636, "NRU": 0.28348878843722, "PLW": 0.321055684132208, "PNG": 0.41452966293022, "KNA": 0.595894950959839, "LCA": 0.580197672932508, "VCT": 0.587571862130364, "WSM": 0.449277246371895, "STP": 0.361602962372701, "SYC": 0.458843803417853, "SGP": 0.896180810036615, "SLB": 0.311724717078847, "SUR": 0.422104814933032, "TLS": 0.3771625080445369, "TON": 0.392145196095768, "TTO": 0.560733926543745, "TUV": 0.27421542137615, "VUT": 0.372048649148113, "ABW": 0.5251162567075234, "AIA": 0.5010823614768244, "ASM": 0.5807485403696263, "COK": 0.5010823614768244, "CUW": 0.6569631275479779, "GUM": 0.6669623636414058, "MNP": 0.4227597394149478, "MSR": 0.5010823614768244, "NCL": 0.607907393264851, "NIU": 0.5010823614768244, "PRI": 0.6313376074334851, "PYF": 0.5089586687632165, "SXM": 0.4788359086160132, "VGB": 0.5949743307348931, "VIR": 0.55416353601093}, "2013": {"ATG": 0.631985632532253, "BHS": 0.551036124463064, "BRB": 0.602926598610631, "BLZ": 0.419943396075156, "CPV": 0.494518926880169, "COM": 0.280537773546673, "CUB": 0.206228222754322, "DMA": 0.574539215122023, "DOM": 0.500281648554411, "FJI": 0.407691772292911, "GRD": 0.569320264251897, "GNB": 0.268961542111665, "GUY": 0.397146768394833, "HTI": 0.332675764314363, "JAM": 0.559419834040659, "KIR": 0.252222905575308, "MDV": 0.430309674333443, "MHL": 0.302618010011555, "MUS": 0.696789354186847, "FSM": 0.331709678522534, "NRU": 0.246176852643742, "PLW": 0.321153900691867, "PNG": 0.415056797855631, "KNA": 0.598051475208556, "LCA": 0.57623458030134, "VCT": 0.583014019458139, "WSM": 0.465740206356259, "STP": 0.359979122203921, "SYC": 0.458876727629053, "SGP": 0.897066311446633, "SLB": 0.299686550387899, "SUR": 0.427620998908983, "TLS": 0.3687547194226985, "TON": 0.39085696971955, "TTO": 0.567230103952462, "TUV": 0.261033850815741, "VUT": 0.412702044832164, "ABW": 0.5414593578865331, "AIA": 0.5014215333766039, "ASM": 0.4292541479872171, "COK": 0.5014215333766039, "CUW": 0.5230852657238759, "GUM": 0.6280665564319607, "MNP": 0.4656541253775966, "MSR": 0.5014215333766039, "NCL": 0.5744084495099218, "NIU": 0.5014215333766039, "PRI": 0.6219228916943135, "PYF": 0.529216438201153, "SXM": 0.3888244493184321, "VGB": 0.5944944748956715, "VIR": 0.5573794391064025}, "2014": {"ATG": 0.617683596152413, "BHS": 0.54752029774145, "BRB": 0.579904847871145, "BLZ": 0.417585179174438, "CPV": 0.478369204504718, "COM": 0.299479157978011, "CUB": 0.256555486169885, "DMA": 0.5672713750652, "DOM": 0.506939712264869, "FJI": 0.439727997127322, "GRD": 0.551353978644166, "GNB": 0.282615984048834, "GUY": 0.411834407297469, "HTI": 0.307031870080368, "JAM": 0.542982210175189, "KIR": 0.33544760754748, "MDV": 0.447181913426331, "MHL": 0.32946479644172, "MUS": 0.733193615121948, "FSM": 0.313253850904713, "NRU": 0.273291365506288, "PLW": 0.354765454036226, "PNG": 0.447063261149375, "KNA": 0.550469053581617, "LCA": 0.567634780969889, "VCT": 0.583432992209775, "WSM": 0.477781312708922, "STP": 0.358722580457412, "SYC": 0.449399733242063, "SGP": 0.948194205487115, "SLB": 0.304106341912072, "SUR": 0.391060863497564, "TLS": 0.3580752749548646, "TON": 0.435062362997283, "TTO": 0.558904993562517, "TUV": 0.343290821944012, "VUT": 0.451440090169243, "ABW": 0.5405085957543088, "AIA": 0.4968133622224268, "ASM": 0.3951844957062727, "COK": 0.4968133622224268, "CUW": 0.6455879799219312, "GUM": 0.680114172707485, "MNP": 0.5944278394027397, "MSR": 0.4968133622224268, "NCL": 0.6159131067276397, "NIU": 0.4968133622224268, "PRI": 0.6699558118508084, "PYF": 0.4993905706090182, "SXM": 0.5145995911681029, "VGB": 0.625111250249306, "VIR": 0.6498061953263463}, "2015": {"ATG": 0.586801740270467, "BHS": 0.546392854931801, "BRB": 0.624082165207343, "BLZ": 0.424017993116175, "CPV": 0.462666325190928, "COM": 0.314086061895478, "CUB": 0.276283553038147, "DMA": 0.559297871386029, "DOM": 0.506752569490243, "FJI": 0.443711925153931, "GRD": 0.531605594803563, "GNB": 0.280256539151498, "GUY": 0.413982045948019, "HTI": 0.286615082467619, "JAM": 0.534688823513902, "KIR": 0.343741404023677, "MDV": 0.433444587509912, "MHL": 0.296075406221281, "MUS": 0.726233029086745, "FSM": 0.32308611861502, "NRU": 0.276358252304092, "PLW": 0.35736608442018, "PNG": 0.406690120938667, "KNA": 0.587586053600708, "LCA": 0.573608231497659, "VCT": 0.56580876158441, "WSM": 0.498460432547212, "STP": 0.36417516347647, "SYC": 0.496237188114346, "SGP": 0.953458696495956, "SLB": 0.330184923778945, "SUR": 0.396030785921542, "TLS": 0.322818534583906, "TON": 0.433047753452014, "TTO": 0.544116595220433, "TUV": 0.380724213553894, "VUT": 0.446195988538204, "ABW": 0.5440696679016952, "AIA": 0.5014033032917843, "ASM": 0.3790471930685004, "COK": 0.5014033032917843, "CUW": 0.7019123066067519, "GUM": 0.6110564515490002,