{"data": {"2010": {"ATG": 0.331958076296632, "BHS": 0.352170716738535, "BRB": 0.350941291670774, "BLZ": 0.404333426332989, "CPV": 0.300467410195894, "COM": 0.363680652793842, "CUB": 0.280413539689511, "DMA": 0.238645673808172, "DOM": 0.301233902781693, "FJI": 0.289640802252043, "GRD": 0.266808760935911, "GNB": 0.631964947052422, "GUY": 0.467694673777489, "HTI": 0.441699646158509, "JAM": 0.34737133396025, "KIR": 0.4502391833234695, "MDV": 0.342221314398071, "MHL": 0.3130227445064614, "MUS": 0.325111702818495, "FSM": 0.4475818904192551, "NRU": 0.3123329129720966, "PLW": 0.3683755468511824, "PNG": 0.397406308966788, "KNA": 0.260082885502377, "LCA": 0.232362622874263, "VCT": 0.272283876627175, "WSM": 0.35858456957112, "STP": 0.449447282608928, "SYC": 0.344267459335078, "SGP": 0.404980934912087, "SLB": 0.430031968933195, "SUR": 0.334080608654516, "TLS": 0.370532152331874, "TON": 0.537989209828431, "TTO": 0.244239100942384, "TUV": 0.3129976901953695, "VUT": 0.45613010862674, "ABW": 0.3020360011179146, "AIA": 0.3196372592229487, "ASM": 0.3657561375977591, "COK": 0.3196372592229487, "CUW": 0.3483733787099766, "GUM": 0.3323826079509054, "MNP": 0.3495755835149762, "MSR": 0.3196372592229487, "NCL": 0.2985737354833808, "NIU": 0.3196372592229487, "PRI": 0.3196683890883234, "PYF": 0.3379543115919846, "SXM": 0.3691949679297295, "VGB": 0.3140194729776762, "VIR": 0.3777853940715067}, "2011": {"ATG": 0.335569612352718, "BHS": 0.347614832981248, "BRB": 0.342402296575373, "BLZ": 0.401216075478335, "CPV": 0.289384847238035, "COM": 0.365239853530883, "CUB": 0.280524262178238, "DMA": 0.242636430204848, "DOM": 0.301726179655883, "FJI": 0.288653443090267, "GRD": 0.261180755640623, "GNB": 0.631731642904655, "GUY": 0.434897247163834, "HTI": 0.442026024424092, "JAM": 0.345433233701037, "KIR": 0.4248228035258929, "MDV": 0.339781770238934, "MHL": 0.3065256083248098, "MUS": 0.331888620890136, "FSM": 0.4222884415672188, "NRU": 0.3244583560173923, "PLW": 0.3685201987819668, "PNG": 0.38240615060867, "KNA": 0.269228502560269, "LCA": 0.229410709672923, "VCT": 0.284037910054114, "WSM": 0.396959059118324, "STP": 0.453600100549055, "SYC": 0.362202428851547, "SGP": 0.405578781812663, "SLB": 0.419697342111821, "SUR": 0.323000743925955, "TLS": 0.368334055723991, "TON": 0.483008315020749, "TTO": 0.243900840665948, "TUV": 0.316037264823046, "VUT": 0.442383301259604, "ABW": 0.3241959639703783, "AIA": 0.3314822623422715, "ASM": 0.3921843522702111, "COK": 0.3314822623422715, "CUW": 0.2948984109864781, "GUM": 0.3201552988970355, "MNP": 0.3113318448109079, "MSR": 0.3314822623422715, "NCL": 0.3304427743717097, "NIU": 0.3314822623422715, "PRI": 0.3241846540327633, "PYF": 0.3554559857889275, "SXM": 0.346239277414233, "VGB": 0.3384268564594239, "VIR": 0.378619486474898}, "2012": {"ATG": 0.358595418575495, "BHS": 0.346172179017824, "BRB": 0.332077270010977, "BLZ": 0.397123879571625, "CPV": 0.322759127223814, "COM": 0.365132097322337, "CUB": 0.281426966144054, "DMA": 0.246495246358762, "DOM": 0.30358646495732, "FJI": 0.295565197790509, "GRD": 0.260802835441378, "GNB": 0.610954292811816, "GUY": 0.416890410787213, "HTI": 0.442279313495786, "JAM": 0.347366388299327, "KIR": 0.4400099375123293, "MDV": 0.335605520188828, "MHL": 0.3086081782396336, "MUS": 0.325930052820838, "FSM": 0.4266971842806994, "NRU": 0.3209685855104459, "PLW": 0.3608872468175911, "PNG": 0.380622177700438, "KNA": 0.264893557796184, "LCA": 0.223737012477082, "VCT": 0.265229884517114, "WSM": 0.339440961833958, "STP": 0.450371403535258, "SYC": 0.349282293010682, "SGP": 0.405838909219251, "SLB": 0.420320569802259, "SUR": 0.319178464128976, "TLS": 0.366370161237661, "TON": 0.542674353951455, "TTO": 0.24297965628108, "TUV": 0.319064302389509, "VUT": 0.460151153221925, "ABW": 0.3220683063038427, "AIA": 0.3172737824308879, "ASM": 0.3604666269172323, "COK": 0.3172737824308879, "CUW": 0.2926057196200425, "GUM": 0.2885604532946668, "MNP": 0.3480414700967394, "MSR": 0.3172737824308879, "NCL": 0.3181501605529718, "NIU": 0.3172737824308879, "PRI": 0.3135596303551782, "PYF": 0.4261847650457491, "SXM": 0.3732444797584424, "VGB": 0.3115274673667617, "VIR": 0.3339523100691072}, "2013": {"ATG": 0.3522145555749, "BHS": 0.34076173855481, "BRB": 0.336359511718021, "BLZ": 0.393968259727646, "CPV": 0.33409384065458, "COM": 0.357455371499084, "CUB": 0.281233438204117, "DMA": 0.241393569865263, "DOM": 0.300382319062184, "FJI": 0.28504610859409, "GRD": 0.260193259264138, "GNB": 0.599457279375252, "GUY": 0.416437707994231, "HTI": 0.442547938280227, "JAM": 0.340377673577325, "KIR": 0.3815277349072187, "MDV": 0.325178392599157, "MHL": 0.3059252048514844, "MUS": 0.324732459573366, "FSM": 0.4266877391290125, "NRU": 0.3210967313606873, "PLW": 0.3589433521363324, "PNG": 0.395333236716717, "KNA": 0.258619494065282, "LCA": 0.213335153470114, "VCT": 0.259674228634251, "WSM": 0.419649503519303, "STP": 0.45141286527979, "SYC": 0.369114700012953, "SGP": 0.40068764720768, "SLB": 0.417850566907116, "SUR": 0.305518690852635, "TLS": 0.365065240414169, "TON": 0.499709450615179, "TTO": 0.240746398227895, "TUV": 0.3151821742362234, "VUT": 0.460161254599267, "ABW": 0.30049638175679, "AIA": 0.3125906049411995, "ASM": 0.3451054381525135, "COK": 0.3125906049411995, "CUW": 0.4158814287567131, "GUM": 0.3398266126669605, "MNP": 0.3219013371423798, "MSR": 0.3125906049411995, "NCL": 0.3418286826039048, "NIU": 0.3125906049411995, "PRI": 0.3161632810368185, "PYF": 0.4104964935004897, "SXM": 0.3615806168361812, "VGB": 0.305589831742512, "VIR": 0.3397251631848832}, "2014": {"ATG": 0.32373630211072, "BHS": 0.339068015419603, "BRB": 0.335742657020239, "BLZ": 0.430113106447489, "CPV": 0.323537643994616, "COM": 0.364307548755802, "CUB": 0.280217363876061, "DMA": 0.241007397712, "DOM": 0.319556845387443, "FJI": 0.287597299030094, "GRD": 0.259931054909144, "GNB": 0.630178905065671, "GUY": 0.404919111677205, "HTI": 0.443616997158706, "JAM": 0.340634877790177, "KIR": 0.4015681776652101, "MDV": 0.319731165600828, "MHL": 0.3156825509775716, "MUS": 0.320833274587898, "FSM": 0.445586133069774, "NRU": 0.3226815415375805, "PLW": 0.3749172811960351, "PNG": 0.394472178213844, "KNA": 0.255657396660513, "LCA": 0.220179504287521, "VCT": 0.262289114246063, "WSM": 0.3859820458429, "STP": 0.454662047034272, "SYC": 0.349843527518365, "SGP": 0.395604414225763, "SLB": 0.424799384404025, "SUR": 0.307681028918453, "TLS": 0.370729647759396, "TON": 0.541579117216452, "TTO": 0.240496533488487, "TUV": 0.3180440150082852, "VUT": 0.460787133221162, "ABW": 0.2945793631284346, "AIA": 0.311816229729954, "ASM": 0.3478821251150399, "COK": 0.311816229729954, "CUW": 0.4022091198492363, "GUM": 0.3501741890394985, "MNP": 0.3465963903763823, "MSR": 0.311816229729954, "NCL": 0.3202728882651572, "NIU": 0.311816229729954, "PRI": 0.3208752435289322, "PYF": 0.3197279364966815, "SXM": 0.3284192156715514, "VGB": 0.3275456875085255, "VIR": 0.3280589532182016}, "2015": {"ATG": 0.33180235729843, "BHS": 0.344513986242828, "BRB": 0.337079692958036, "BLZ": 0.401703719577189, "CPV": 0.287271946279104, "COM": 0.369109356397587, "CUB": 0.280314808161977, "DMA": 0.239622975629819, "DOM": 0.325584982627575, "FJI": 0.282722275305492, "GRD": 0.259594937932374, "GNB": 0.604643237135226, "GUY": 0.40417142321258, "HTI": 0.439007172638444, "JAM": 0.339718410323283, "KIR": 0.4149002904167671, "MDV": 0.317629755578431, "MHL": 0.3171238915436621, "MUS": 0.329538814958488, "FSM": 0.4205254081526141, "NRU": 0.3248861499655784, "PLW": 0.3870473497873936, "PNG": 0.338567815093387, "KNA": 0.256076902139207, "LCA": 0.2240097975468, "VCT": 0.264409200272481, "WSM": 0.34974815742337, "STP": 0.452241927832423, "SYC": 0.351098921128589, "SGP": 0.390505425838154, "SLB": 0.425651561320764, "SUR": 0.30486853193993, "TLS": 0.375823794506109, "TON": 0.537750353221008, "TTO": 0.237484850099963, "TUV": 0.3179830818155209, "VUT": 0.461878701758154, "ABW": 0.3001622237808358, "AIA": 0.307816824239979, "ASM": 0.3572821599247665, "COK": 0.307816824239979, "CUW": 0.3161018512457291,