{"data": {"2010": {"ATG": 0.337007764670264, "BHS": 0.275432385916168, "BRB": 0.39456610542513, "BLZ": 0.259312749174161, "CPV": 0.440284199805821, "COM": 0.606607077426398, "CUB": 0.184817383739593, "DMA": 0.35519657451186, "DOM": 0.211126193971255, "FJI": 0.290009880077579, "GRD": 0.381256835119678, "GNB": 0.810724103915465, "GUY": 0.231250331089759, "HTI": 0.3008695309470782, "JAM": 0.277601860377607, "KIR": 0.649481459438416, "MDV": 0.353221296248466, "MHL": 0.4015330536034903, "MUS": 0.331086585538385, "FSM": 0.435642065653337, "NRU": 0.369676880891971, "PLW": 0.390619095257515, "PNG": 0.190751475226088, "KNA": 0.310679576545986, "LCA": 0.381054281204609, "VCT": 0.350042398016634, "WSM": 0.388456553237216, "STP": 0.473978220726705, "SYC": 0.26855069166768, "SGP": 0.0428704323215617, "SLB": 0.413740743045442, "SUR": 0.237207153921703, "TLS": 0.243948698564388, "TON": 0.462714598023512, "TTO": 0.173036427753177, "TUV": 0.339952675005334, "VUT": 0.366411529633231, "ABW": 0.3600414925096251, "AIA": 0.1886287290510644, "ASM": 0.3106325884010933, "COK": 0.1886287290510644, "CUW": 0.2739538511205149, "GUM": 0.2837456516483542, "MNP": 0.2883856997850528, "MSR": 0.1886287290510644, "NCL": 0.1730811375968501, "NIU": 0.1886287290510644, "PRI": 0.1766891774290392, "PYF": 0.3656987873295682, "SXM": 0.2909399546906639, "VGB": 0.3521713198822805, "VIR": 0.2796816507905758}, "2011": {"ATG": 0.378536617534954, "BHS": 0.248456255474263, "BRB": 0.292458828901574, "BLZ": 0.194233960168837, "CPV": 0.402340952169781, "COM": 0.651594553578887, "CUB": 0.184817383739593, "DMA": 0.375001493847918, "DOM": 0.22285954083452, "FJI": 0.329594221216175, "GRD": 0.381256835119678, "GNB": 0.810724103915465, "GUY": 0.215639852523733, "HTI": 0.2590266706556474, "JAM": 0.262383121741287, "KIR": 0.72054532584146, "MDV": 0.330799751658644, "MHL": 0.4248095188991611, "MUS": 0.33539584282106, "FSM": 0.44973932541176, "NRU": 0.4049976326496409, "PLW": 0.370189292584693, "PNG": 0.178960655986265, "KNA": 0.374907291877076, "LCA": 0.367865774530314, "VCT": 0.382709949557953, "WSM": 0.413413046291718, "STP": 0.515742776121051, "SYC": 0.233424627920544, "SGP": 0.0457548510775372, "SLB": 0.332720123914148, "SUR": 0.224010660886165, "TLS": 0.237338854185969, "TON": 0.473574208257182, "TTO": 0.139530904670064, "TUV": 0.339952675005334, "VUT": 0.395374174678723, "ABW": 0.4253008094107755, "AIA": 0.2006171537085288, "ASM": 0.3418950193078903, "COK": 0.2006171537085288, "CUW": 0.2471864312912724, "GUM": 0.2434728541012579, "MNP": 0.2791313775165889, "MSR": 0.2006171537085288, "NCL": 0.2016031364816857, "NIU": 0.2006171537085288, "PRI": 0.1437238747380897, "PYF": 0.3968430425983907, "SXM": 0.3844298366364128, "VGB": 0.3624691185897092, "VIR": 0.2682282090069395}, "2012": {"ATG": 0.595242361312987, "BHS": 0.248702397042629, "BRB": 0.299158016299407, "BLZ": 0.218401867661482, "CPV": 0.443395817927225, "COM": 0.669601536980747, "CUB": 0.184817383739593, "DMA": 0.394806413183977, "DOM": 0.216922994152393, "FJI": 0.332264343680019, "GRD": 0.381256835119678, "GNB": 0.810724103915465, "GUY": 0.213652866464028, "HTI": 0.2794674091059117, "JAM": 0.26021788953929, "KIR": 0.536499953087738, "MDV": 0.334281720533262, "MHL": 0.4215531867950162, "MUS": 0.339176408428574, "FSM": 0.472247497200753, "NRU": 0.3920407875274606, "PLW": 0.359268719251507, "PNG": 0.170437425575013, "KNA": 0.405243597272756, "LCA": 0.384650179818002, "VCT": 0.390372279940235, "WSM": 0.407999156844071, "STP": 0.482555960956324, "SYC": 0.329334772160536, "SGP": 0.0448978670140896, "SLB": 0.338226302908211, "SUR": 0.238485926109611, "TLS": 0.230729009807549, "TON": 0.46082596186549, "TTO": 0.131628161217701, "TUV": 0.339952675005334, "VUT": 0.395374174678723, "ABW": 0.4214618665937923, "AIA": 0.1982087959488958, "ASM": 0.3220639866182467, "COK": 0.1982087959488958, "CUW": 0.2717261645588935, "GUM": 0.3377867237242969, "MNP": 0.3559219152645195, "MSR": 0.1982087959488958, "NCL": 0.2005215252119361, "NIU": 0.1982087959488958, "PRI": 0.1472197337894989, "PYF": 0.3868686637396888, "SXM": 0.3360675850388236, "VGB": 0.404740528964065, "VIR": 0.2816144969989957}, "2013": {"ATG": 0.566917196052286, "BHS": 0.252512582028809, "BRB": 0.309152282932439, "BLZ": 0.212642478805508, "CPV": 0.511410574808863, "COM": 0.57551790192057, "CUB": 0.184817383739593, "DMA": 0.394806413183977, "DOM": 0.211097444262666, "FJI": 0.249200316491787, "GRD": 0.381256835119678, "GNB": 0.810724103915465, "GUY": 0.226764365146918, "HTI": 0.2948658215956272, "JAM": 0.273290327081165, "KIR": 0.576825778631582, "MDV": 0.355664849424836, "MHL": 0.4102316321897122, "MUS": 0.348314043642151, "FSM": 0.440573728779884, "NRU": 0.3863562404529899, "PLW": 0.320121582713687, "PNG": 0.170437425575013, "KNA": 0.345883040001027, "LCA": 0.282694169998654, "VCT": 0.399057370678358, "WSM": 0.432936449140998, "STP": 0.486876933538719, "SYC": 0.440035751551155, "SGP": 0.0461755168690122, "SLB": 0.318394819438003, "SUR": 0.17508279463086, "TLS": 0.22411916542913, "TON": 0.472678790906726, "TTO": 0.123669227114486, "TUV": 0.339952675005334, "VUT": 0.395374174678723, "ABW": 0.3706668952852939, "AIA": 0.1840242620353117, "ASM": 0.4131098751471608, "COK": 0.1840242620353117, "CUW": 0.3791551515434089, "GUM": 0.337027807466723, "MNP": 0.3026285200306711, "MSR": 0.1840242620353117, "NCL": 0.2077377946815426, "NIU": 0.1840242620353117, "PRI": 0.1521006868069538, "PYF": 0.3268139027299863, "SXM": 0.4090727120984144, "VGB": 0.167401981414206, "VIR": 0.28671082253809}, "2014": {"ATG": 0.356276794172666, "BHS": 0.251532708185017, "BRB": 0.311136011108708, "BLZ": 0.358066503425952, "CPV": 0.451523697686439, "COM": 0.662642041162571, "CUB": 0.184817383739593, "DMA": 0.394806413183977, "DOM": 0.223501257222235, "FJI": 0.277837007872687, "GRD": 0.381256835119678, "GNB": 0.810724103915465, "GUY": 0.229077417545884, "HTI": 0.3109313078286907, "JAM": 0.276364970165043, "KIR": 0.605160695134801, "MDV": 0.331826790141031, "MHL": 0.4010837575295348, "MUS": 0.334579733000796, "FSM": 0.440573728779884, "NRU": 0.4092833790522384, "PLW": 0.327126280646642, "PNG": 0.170437425575013, "KNA": 0.33135430818739, "LCA": 0.39264724254861, "VCT": 0.414087220599303, "WSM": 0.384210730394467, "STP": 0.514777083490189, "SYC": 0.377502065509501, "SGP": 0.0493690319440671, "SLB": 0.374268092869301, "SUR": 0.213444941639464, "TLS": 0.288157590202394, "TON": 0.431179723961092, "TTO": 0.146137460774402, "TUV": 0.339952675005334, "VUT": 0.395374174678723, "ABW": 0.3705119926047193, "AIA": 0.1896749142762651, "ASM": 0.3963895464877598, "COK": 0.1896749142762651, "CUW": 0.3367618502688432, "GUM": 0.29559165989964, "MNP": 0.3404789770846859, "MSR": 0.1896749142762651, "NCL": 0.1718366821619689, "NIU": 0.1896749142762651, "PRI": 0.1586104827953453, "PYF": 0.405946096618979, "SXM": 0.3994014073556624, "VGB": 0.3014715103827776, "VIR": 0.2825086758760665}, "2015": {"ATG": 0.429144462235583, "BHS": 0.304484856683596, "BRB": 0.339359438177601, "BLZ": 0.327564094377168, "CPV": 0.516469573573063, "COM": 0.7170547668405, "CUB": 0.184817383739593, "DMA": 0.394806413183977, "DOM": 0.237034991101241, "FJI": 0.284971788225069, "GRD": 0.381256835119678, "GNB": 0.810724103915465, "GUY": 0.270128482060473, "HTI": 0.2991087278812208, "JAM": 0.28292593524882, "KIR": 0.52466764337755, "MDV": 0.348986377712039, "MHL": 0.4251512683631935, "MUS": 0.346903372445823, "FSM": 0.440573728779884, "NRU": 0.4038568174550639, "PLW": 0.397679616427431, "PNG": 0.170437425575013, "KNA": 0.334710352016938, "LCA": 0.421567859631557, "VCT": 0.444098915253087, "WSM": 0.425857982770962, "STP": 0.493550914024667, "SYC": 0.388019055884643, "SGP": 0.0561924198741825, "SLB": 0.382171265744165, "SUR": 0.208934146143357, "TLS": 0.352196014975658, "TON": 0.431179723961092, "TTO": 0.176720350336665, "TUV": 0.339952675005334, "VUT": 0.395374174678723, "ABW": 0.3822853236574713, "AIA": 0.1853496862623464, "ASM": 0.4654159940841094, "COK": 0.1853496862623464, "CUW": 0.3031196189712938,