{"data": {"2010": {"ATG": 0.90377220829628, "BHS": 0.89353826146056, "BRB": 0.904560104858375, "BLZ": 0.977884855236386, "CPV": 0.768996852804692, "COM": 0.900398117094446, "CUB": 0.96006047390023, "DMA": 0.9170304364778, "DOM": 0.939301103833839, "FJI": 0.903518777726661, "GRD": 0.954433045817494, "GNB": 0.973192908514456, "GUY": 0.955878831741596, "HTI": 0.955285065070984, "JAM": 0.945930148268084, "KIR": 0.781445809020984, "MDV": 0.863618433768093, "MHL": 0.900421019781157, "MUS": 0.890010163223193, "FSM": 0.923380982909492, "NRU": 0.878158325164356, "PLW": 0.907410376491364, "PNG": 0.950930007507983, "KNA": 0.901147212398098, "LCA": 0.912544397461644, "VCT": 0.933689447205558, "WSM": 0.905597100152301, "STP": 0.876616033774698, "SYC": 0.890384528055985, "SGP": 0.923822896971312, "SLB": 0.960100595114442, "SUR": 0.964121675489168, "TLS": 0.933324612884964, "TON": 0.891712493621099, "TTO": 0.94949401711918, "TUV": 0.905342478854992, "VUT": 0.909096294688694, "ABW": 0.9167339725675812, "AIA": 0.5870800987643257, "ASM": 0.0004279467664389, "COK": 0.5870800987643257, "CUW": 0.3775868112326379, "GUM": 0.6676181409461773, "MNP": 0.908900565587774, "MSR": 0.5870800987643257, "NCL": 0.5399665568998354, "NIU": 0.5870800987643257, "PRI": 0.0017418251641121, "PYF": 0.9163297785234208, "SXM": 0.6534667538328731, "VGB": 0.9050034266567798, "VIR": 0.1214081462586334}, "2011": {"ATG": 0.90377220829628, "BHS": 0.89353826146056, "BRB": 0.904560104858375, "BLZ": 0.977884855236386, "CPV": 0.768996852804692, "COM": 0.900398117094446, "CUB": 0.96006047390023, "DMA": 0.9170304364778, "DOM": 0.939301103833839, "FJI": 0.903518777726661, "GRD": 0.954433045817494, "GNB": 0.973192908514456, "GUY": 0.955878831741596, "HTI": 0.955285065070984, "JAM": 0.945930148268084, "KIR": 0.781445809020984, "MDV": 0.863618433768093, "MHL": 0.900421019781157, "MUS": 0.890010163223193, "FSM": 0.923380982909492, "NRU": 0.878158325164356, "PLW": 0.907410376491364, "PNG": 0.950930007507983, "KNA": 0.901147212398098, "LCA": 0.912544397461644, "VCT": 0.933689447205558, "WSM": 0.905597100152301, "STP": 0.876616033774698, "SYC": 0.890384528055985, "SGP": 0.923822896971312, "SLB": 0.960100595114442, "SUR": 0.964121675489168, "TLS": 0.933324612884964, "TON": 0.891712493621099, "TTO": 0.94949401711918, "TUV": 0.905342478854992, "VUT": 0.909096294688694, "ABW": 0.9269771834068626, "AIA": 0.5857005526482659, "ASM": 0.0004279467664389, "COK": 0.5857005526482659, "CUW": 0.7946898169671957, "GUM": 0.6565760648704341, "MNP": 0.7606771286254685, "MSR": 0.5857005526482659, "NCL": 0.6591932844776358, "NIU": 0.5857005526482659, "PRI": 0.5861694343108194, "PYF": 0.7808867605221785, "SXM": 0.7654441659612494, "VGB": 0.9201413329858128, "VIR": 0.1213050440509734}, "2012": {"ATG": 0.90377220829628, "BHS": 0.89353826146056, "BRB": 0.904560104858375, "BLZ": 0.977884855236386, "CPV": 0.768996852804692, "COM": 0.900398117094446, "CUB": 0.96006047390023, "DMA": 0.9170304364778, "DOM": 0.939301103833839, "FJI": 0.903518777726661, "GRD": 0.954433045817494, "GNB": 0.973192908514456, "GUY": 0.955878831741596, "HTI": 0.955285065070984, "JAM": 0.945930148268084, "KIR": 0.781445809020984, "MDV": 0.863618433768093, "MHL": 0.900421019781157, "MUS": 0.890010163223193, "FSM": 0.923380982909492, "NRU": 0.878158325164356, "PLW": 0.907410376491364, "PNG": 0.950930007507983, "KNA": 0.901147212398098, "LCA": 0.912544397461644, "VCT": 0.933689447205558, "WSM": 0.905597100152301, "STP": 0.876616033774698, "SYC": 0.890384528055985, "SGP": 0.923822896971312, "SLB": 0.960100595114442, "SUR": 0.964121675489168, "TLS": 0.933324612884964, "TON": 0.891712493621099, "TTO": 0.94949401711918, "TUV": 0.905342478854992, "VUT": 0.909096294688694, "ABW": 0.9231955075106468, "AIA": 0.5882358404722228, "ASM": 0.0037154469278509, "COK": 0.5882358404722228, "CUW": 0.6576951484810375, "GUM": 0.7803463955362001, "MNP": 0.7611553234822148, "MSR": 0.5882358404722228, "NCL": 0.6629526302660343, "NIU": 0.5882358404722228, "PRI": 0.000672694414178, "PYF": 0.7699495588504524, "SXM": 0.8467501842179074, "VGB": 0.9125444643506594, "VIR": 0.5077426633524426}, "2013": {"ATG": 0.90377220829628, "BHS": 0.89353826146056, "BRB": 0.904560104858375, "BLZ": 0.977884855236386, "CPV": 0.768996852804692, "COM": 0.900398117094446, "CUB": 0.96006047390023, "DMA": 0.9170304364778, "DOM": 0.939301103833839, "FJI": 0.903518777726661, "GRD": 0.954433045817494, "GNB": 0.973192908514456, "GUY": 0.955878831741596, "HTI": 0.955285065070984, "JAM": 0.945930148268084, "KIR": 0.781445809020984, "MDV": 0.863618433768093, "MHL": 0.900421019781157, "MUS": 0.890010163223193, "FSM": 0.923380982909492, "NRU": 0.878158325164356, "PLW": 0.907410376491364, "PNG": 0.950930007507983, "KNA": 0.901147212398098, "LCA": 0.912544397461644, "VCT": 0.933689447205558, "WSM": 0.905597100152301, "STP": 0.876616033774698, "SYC": 0.890384528055985, "SGP": 0.923822896971312, "SLB": 0.960100595114442, "SUR": 0.964121675489168, "TLS": 0.933324612884964, "TON": 0.891712493621099, "TTO": 0.94949401711918, "TUV": 0.905342478854992, "VUT": 0.909096294688694, "ABW": 0.9127560711934344, "AIA": 0.5885535912866168, "ASM": 0.9109263923761588, "COK": 0.5885535912866168, "CUW": 0.7799426928664486, "GUM": 0.539861718513168, "MNP": 0.7789478862755786, "MSR": 0.5885535912866168, "NCL": 0.6578117088029314, "NIU": 0.5885535912866168, "PRI": 0.1436857132523846, "PYF": 0.6550625864866234, "SXM": 0.7455158477034806, "VGB": 0.9125444643506594, "VIR": 0.5108453984904412}, "2014": {"ATG": 0.90377220829628, "BHS": 0.89353826146056, "BRB": 0.904560104858375, "BLZ": 0.977884855236386, "CPV": 0.768996852804692, "COM": 0.900398117094446, "CUB": 0.96006047390023, "DMA": 0.9170304364778, "DOM": 0.939301103833839, "FJI": 0.903518777726661, "GRD": 0.954433045817494, "GNB": 0.973192908514456, "GUY": 0.955878831741596, "HTI": 0.955285065070984, "JAM": 0.945930148268084, "KIR": 0.781445809020984, "MDV": 0.863618433768093, "MHL": 0.900421019781157, "MUS": 0.890010163223193, "FSM": 0.923380982909492, "NRU": 0.878158325164356, "PLW": 0.907410376491364, "PNG": 0.950930007507983, "KNA": 0.901147212398098, "LCA": 0.912544397461644, "VCT": 0.933689447205558, "WSM": 0.905597100152301, "STP": 0.876616033774698, "SYC": 0.890384528055985, "SGP": 0.923822896971312, "SLB": 0.960100595114442, "SUR": 0.964121675489168, "TLS": 0.933324612884964, "TON": 0.891712493621099, "TTO": 0.94949401711918, "TUV": 0.905342478854992, "VUT": 0.909096294688694, "ABW": 0.91591614106585, "AIA": 0.5886009016380515, "ASM": 0.9082518552605744, "COK": 0.5886009016380515, "CUW": 0.0047494975918352, "GUM": 0.6887239228859189, "MNP": 0.3286496467016666, "MSR": 0.5886009016380515, "NCL": 0.5270702623282202, "NIU": 0.5886009016380515, "PRI": 0.000244747647739, "PYF": 0.9199780665116832, "SXM": 0.6815020096830829, "VGB": 0.6563308543342832, "VIR": 0.089973028729751}, "2015": {"ATG": 0.90377220829628, "BHS": 0.89353826146056, "BRB": 0.904560104858375, "BLZ": 0.977884855236386, "CPV": 0.768996852804692, "COM": 0.900398117094446, "CUB": 0.96006047390023, "DMA": 0.9170304364778, "DOM": 0.939301103833839, "FJI": 0.903518777726661, "GRD": 0.954433045817494, "GNB": 0.973192908514456, "GUY": 0.955878831741596, "HTI": 0.955285065070984, "JAM": 0.945930148268084, "KIR": 0.781445809020984, "MDV": 0.863618433768093, "MHL": 0.900421019781157, "MUS": 0.890010163223193, "FSM": 0.923380982909492, "NRU": 0.878158325164356, "PLW": 0.907410376491364, "PNG": 0.950930007507983, "KNA": 0.901147212398098, "LCA": 0.912544397461644, "VCT": 0.933689447205558, "WSM": 0.905597100152301, "STP": 0.876616033774698, "SYC": 0.890384528055985, "SGP": 0.923822896971312, "SLB": 0.960100595114442, "SUR": 0.964121675489168, "TLS": 0.933324612884964, "TON": 0.891712493621099, "TTO": 0.94949401711918, "TUV": 0.905342478854992, "VUT": 0.909096294688694, "ABW": 0.9051759728773088, "AIA": 0.5898855796223904, "ASM": 0.9079345122135404, "COK": 0.5898855796223904, "CUW": 0.7991067271200061, "GUM": 0.6715093891444178,