{"data": {"2010": {"ATG": 1.30807197093964, "BHS": 1.35477578639984, "BRB": 1.48342955112457, "BLZ": -0.106944918632507, "CPV": 0.856144666671753, "COM": -0.806915760040283, "CUB": 0.31281653046608, "DMA": 0.708867907524109, "DOM": -0.843630075454712, "FJI": -0.45909184217453, "GRD": 0.425114959478378, "GNB": -1.15541398525238, "GUY": -0.558649957180023, "HTI": -1.1871634721756, "JAM": -0.231324955821037, "KIR": -0.0772882699966431, "MDV": -0.547903776168823, "MHL": -0.334661513566971, "MUS": 0.559522330760956, "FSM": -0.149765193462372, "NRU": 0.0135114835575223, "PLW": -0.500088691711426, "PNG": -1.04398572444916, "KNA": 1.00666415691376, "LCA": 1.20156311988831, "VCT": 1.00666415691376, "WSM": 0.120351016521454, "STP": -0.252986311912537, "SYC": 0.448837488889694, "SGP": 2.179523229599, "SLB": -0.347470909357071, "SUR": -0.329901188611984, "TLS": -0.6919219951629638, "TON": -0.334329694509506, "TTO": -0.173851057887077, "TUV": -0.256461620330811, "VUT": 0.292229354381561, "ABW": 0.7290464506745339, "AIA": -0.0707520785368978, "ASM": 0.289526784658432, "COK": -0.0707520785368978, "CUW": 0.871541518688202, "GUM": 0.8362524565458298, "MNP": 0.5160986489057541, "MSR": -0.0707520785368978, "NCL": 0.8980773113965989, "NIU": -0.0707520785368978, "PRI": 0.8437115446329116, "PYF": 0.4647502357661724, "SXM": 0.4454977469146252, "VGB": 1.0593431134223938, "VIR": 1.175802765130997}, "2011": {"ATG": 1.27927684783936, "BHS": 1.35380661487579, "BRB": 1.72458076477051, "BLZ": -0.330713093280792, "CPV": 0.90375030040741, "COM": -0.790624380111694, "CUB": 0.272348612546921, "DMA": 0.709491848945618, "DOM": -0.812097370624542, "FJI": -0.1258764564991, "GRD": 0.421742469072342, "GNB": -1.15624225139618, "GUY": -0.608200371265411, "HTI": -1.2231969833374, "JAM": -0.162444815039635, "KIR": 0.0949826240539551, "MDV": -0.554829001426697, "MHL": -0.332054883241653, "MUS": 0.536861181259155, "FSM": -0.344562023878098, "NRU": -0.0404351465404034, "PLW": -0.528869032859802, "PNG": -1.02284622192383, "KNA": 1.01765596866608, "LCA": 1.20737898349762, "VCT": 1.01765596866608, "WSM": 0.0969804003834724, "STP": -0.179237946867943, "SYC": 0.422816038131714, "SGP": 2.10970377922058, "SLB": -0.34332600235939, "SUR": -0.277395784854889, "TLS": -0.493091704070568, "TON": -0.331752091646194, "TTO": -0.109660990536213, "TUV": -0.526983201503754, "VUT": 0.299262911081314, "ABW": 0.8575039476156234, "AIA": -0.0640532110482454, "ASM": 0.3067797368168831, "COK": -0.0640532110482454, "CUW": 0.979579920768738, "GUM": 0.6405110039114952, "MNP": 0.2860389333367347, "MSR": -0.0640532110482454, "NCL": 0.5487283346056938, "NIU": -0.0640532110482454, "PRI": 0.7503531910181046, "PYF": 0.4311874061226844, "SXM": 0.2867942354679108, "VGB": 1.0274557391405106, "VIR": 0.6881097136735916}, "2012": {"ATG": 1.26837253570557, "BHS": 1.3239426612854, "BRB": 1.65635943412781, "BLZ": -0.136378541588783, "CPV": 0.868030965328217, "COM": -0.783375799655914, "CUB": 0.235272824764252, "DMA": 0.664162337779999, "DOM": -0.859959840774536, "FJI": -0.110103368759155, "GRD": 0.416996031999588, "GNB": -1.27893948554993, "GUY": -0.754329144954681, "HTI": -1.23576617240906, "JAM": -0.257782697677612, "KIR": 0.0065244929865002, "MDV": -0.70279723405838, "MHL": -0.263902455568314, "MUS": 0.303541749715805, "FSM": -0.148040369153023, "NRU": -0.0174710340797901, "PLW": -0.426980406045914, "PNG": -0.938081026077271, "KNA": 0.943537175655365, "LCA": 1.01258313655853, "VCT": 0.943537175655365, "WSM": 0.106820456683636, "STP": -0.17821279168129, "SYC": 0.417920827865601, "SGP": 2.12405681610107, "SLB": -0.358102738857269, "SUR": -0.333895444869995, "TLS": -0.8288021045923233, "TON": -0.321157783269882, "TTO": -0.155371934175491, "TUV": -0.350454598665237, "VUT": 0.336719185113907, "ABW": 0.9416286103725432, "AIA": -0.0544676208905875, "ASM": 0.3678766945153475, "COK": -0.0544676208905875, "CUW": 1.172680802822113, "GUM": 1.132450238704681, "MNP": 0.3273846632838249, "MSR": -0.0544676208905875, "NCL": 0.5610685515701771, "NIU": -0.0544676208905875, "PRI": 0.6618723587393761, "PYF": 0.6543829465508461, "SXM": -0.1202174478489905, "VGB": 0.9437092821598052, "VIR": 0.6205497248768806}, "2013": {"ATG": 1.26079797744751, "BHS": 1.34189188480377, "BRB": 1.61942934989929, "BLZ": -0.0969267711043358, "CPV": 0.836728513240814, "COM": -0.739959955215454, "CUB": 0.120164975523949, "DMA": 0.666661500930786, "DOM": -0.874585688114166, "FJI": -0.12109848856926, "GRD": 0.419845134019852, "GNB": -1.32558834552765, "GUY": -0.65083783864975, "HTI": -1.13048493862152, "JAM": -0.275375753641129, "KIR": -0.0424943938851357, "MDV": -0.747776448726654, "MHL": -0.0378925912082195, "MUS": 0.292628407478333, "FSM": -0.204565733671188, "NRU": -0.643288493156433, "PLW": -0.643288493156433, "PNG": -0.961522102355957, "KNA": 0.940623223781586, "LCA": 1.04283130168915, "VCT": 0.940623223781586, "WSM": 0.145205840468407, "STP": -0.175502121448517, "SYC": 0.441972374916077, "SGP": 2.07806634902954, "SLB": -0.400270760059357, "SUR": -0.275392025709152, "TLS": -0.7921475604772568, "TON": -0.282675743103027, "TTO": -0.21661576628685, "TUV": -0.396405547857285, "VUT": 0.288386523723602, "ABW": 0.7360480003356934, "AIA": -0.0676921221502125, "ASM": 0.1343075793646276, "COK": -0.0676921221502125, "CUW": 0.4359012333750724, "GUM": 0.9103327811956404, "MNP": 0.3007304394245148, "MSR": -0.0676921221502125, "NCL": 0.3365846207737923, "NIU": -0.0676921221502125, "PRI": 0.4305740507245064, "PYF": 0.4484455069303512, "SXM": -0.0959196344651282, "VGB": 0.955953819036484, "VIR": 0.5715100100040436}, "2014": {"ATG": 0.639902889728546, "BHS": 1.31317675113678, "BRB": 1.13804256916046, "BLZ": -0.198207378387451, "CPV": 0.938025832176208, "COM": -0.612202405929565, "CUB": 0.0684009343385696, "DMA": 0.624051988124847, "DOM": -0.816102564334869, "FJI": 0.179258391261101, "GRD": 0.247271582484245, "GNB": -1.53846406936646, "GUY": -0.741510391235352, "HTI": -1.23389971256256, "JAM": -0.299021482467651, "KIR": 0.251793473958969, "MDV": -0.376612514257431, "MHL": -0.107749834656715, "MUS": 0.351373821496964, "FSM": 0.768475770950317, "NRU": -0.472561568021774, "PLW": -0.472561568021774, "PNG": -0.910418808460236, "KNA": 0.247271582484245, "LCA": 0.414502918720245, "VCT": 0.624051988124847, "WSM": 0.296049773693085, "STP": -0.0019088048720732, "SYC": 0.43800950050354, "SGP": 2.07136535644531, "SLB": -0.277966886758804, "SUR": -0.443283438682556, "TLS": -0.6048236646652222, "TON": -0.31449943780899, "TTO": -0.413552701473236, "TUV": -0.0146536156535149, "VUT": 0.461749702692032, "ABW": 0.4226635455191135, "AIA": -0.0619236896596848, "ASM": -0.1851839986958075, "COK": -0.0619236896596848, "CUW": 0.6357015894651413, "GUM": 0.8633143512010575, "MNP": 0.572885798871517, "MSR": -0.0619236896596848, "NCL": 0.4227708656191826, "NIU": -0.0619236896596848, "PRI": 0.4235680257678032, "PYF": 0.2836280335187912, "SXM": 0.1769723899846431, "VGB": 0.770766201376915, "VIR": 0.8014232873916626}, "2015": {"ATG": 0.689632534980774, "BHS": 1.13578915596008, "BRB": 1.49052822589874, "BLZ": -0.22251595556736, "CPV": 0.950176060199738, "COM": -0.719113647937775, "CUB": 0.0704845190048218, "DMA": 0.62342357635498, "DOM": -0.818446099758148, "FJI": 0.169919162988663, "GRD": 0.556013345718384, "GNB": -1.48259282112122, "GUY": -0.635323405265808, "HTI": -1.23752248287201, "JAM": -0.23160508275032, "KIR": 0.220114186406136, "MDV": -0.479389578104019, "MHL": -0.115136079490185, "MUS": 0.294029533863068, "FSM": 0.680445671081543, "NRU": -0.524690091609955, "PLW": -0.524690091609955, "PNG": -0.939802765846252, "KNA": 0.504500687122345, "LCA": 0.617763936519623, "VCT": 0.674700796604156, "WSM": 0.291006714105606, "STP": -0.0451635457575321, "SYC": 0.883609056472778, "SGP": 2.0927152633667, "SLB": -0.340838402509689, "SUR": -0.239112019538879, "TLS": -0.6002184635400772, "TON": -0.467394769191742, "TTO": -0.300731390714645, "TUV": -0.0329970270395279, "VUT": -0.116813756525517, "ABW": 0.5703120852708816,