{"data": {"2010": {"ATG": 0.368751583729196, "BHS": 0.560970039337444, "BRB": 0.259598364131967, "BLZ": 0.516913283844944, "CPV": 0.377471137143454, "COM": 0.475501430338097, "CUB": 0.568344702358694, "DMA": 0.315619067580884, "DOM": 0.564354792642182, "FJI": 0.550507471591372, "GRD": 0.35572630220504, "GNB": 0.610354843355087, "GUY": 0.567016270910922, "HTI": 0.595363435918111, "JAM": 0.504441630518191, "KIR": 0.543835670730673, "MDV": 0.458690731661371, "MHL": 0.5512630754189931, "MUS": 0.367754948548345, "FSM": 0.535616377742493, "NRU": 0.4923086777152142, "PLW": 0.5594869072300542, "PNG": 0.597605943233075, "KNA": 0.365253753418753, "LCA": 0.260082956824157, "VCT": 0.349410635919976, "WSM": 0.558706480852401, "STP": 0.613915678446929, "SYC": 0.40385141188197, "SGP": 0.434265037344559, "SLB": 0.639584745089782, "SUR": 0.573317604607457, "TLS": 0.585378633670692, "TON": 0.515565266972032, "TTO": 0.471086935194595, "TUV": 0.5619189579480077, "VUT": 0.525607965850776, "ABW": 0.3473080076120123, "AIA": 0.5007285526048911, "ASM": 0.5486029697024296, "COK": 0.5007285526048911, "CUW": 0.4772001185019965, "GUM": 0.5342284209415209, "MNP": 0.5467080582387785, "MSR": 0.5007285526048911, "NCL": 0.5086306549951126, "NIU": 0.5007285526048911, "PRI": 0.4678200703940282, "PYF": 0.3772235822824828, "SXM": 0.4942150198802666, "VGB": 0.3611576029829752, "VIR": 0.5572098010627465}, "2011": {"ATG": 0.36666725342028, "BHS": 0.551616575473267, "BRB": 0.258914925757335, "BLZ": 0.513469031815145, "CPV": 0.37393517219748, "COM": 0.471035632476697, "CUB": 0.564884197316748, "DMA": 0.316413881621341, "DOM": 0.55927676454752, "FJI": 0.546844836868703, "GRD": 0.354663084426015, "GNB": 0.586860529370181, "GUY": 0.56105402173418, "HTI": 0.604073018528809, "JAM": 0.498377538571429, "KIR": 0.546535904799815, "MDV": 0.448003747595392, "MHL": 0.548746023864525, "MUS": 0.354959108496351, "FSM": 0.53272168603537, "NRU": 0.4960011340064525, "PLW": 0.5599986444737416, "PNG": 0.590396855400551, "KNA": 0.364876553535146, "LCA": 0.255840802025522, "VCT": 0.349302198003422, "WSM": 0.557192826813365, "STP": 0.615438600351978, "SYC": 0.404487103529643, "SGP": 0.436368845511003, "SLB": 0.644408430820761, "SUR": 0.571841010541613, "TLS": 0.583052342814104, "TON": 0.514787622527385, "TTO": 0.471636606711969, "TUV": 0.5788113084390493, "VUT": 0.526655680468201, "ABW": 0.5270657322208433, "AIA": 0.497112324342335, "ASM": 0.542750664437395, "COK": 0.497112324342335, "CUW": 0.5100617550763399, "GUM": 0.4626460229485514, "MNP": 0.503216512273506, "MSR": 0.497112324342335, "NCL": 0.5544750434715222, "NIU": 0.497112324342335, "PRI": 0.4061868352257195, "PYF": 0.3998071791666214, "SXM": 0.5500971476066385, "VGB": 0.3375940872168392, "VIR": 0.5594986716334237}, "2012": {"ATG": 0.365110724058871, "BHS": 0.541835756428347, "BRB": 0.258507469648165, "BLZ": 0.510324383153347, "CPV": 0.371256938766551, "COM": 0.466548297448518, "CUB": 0.561468106351993, "DMA": 0.317211389946682, "DOM": 0.554178743852941, "FJI": 0.543291464911308, "GRD": 0.353186723809534, "GNB": 0.563235760197088, "GUY": 0.555904907047252, "HTI": 0.612704036836647, "JAM": 0.492467423900116, "KIR": 0.546812308155947, "MDV": 0.43748670332142, "MHL": 0.5443041733404353, "MUS": 0.34282270178322, "FSM": 0.529636776718213, "NRU": 0.4998200200243999, "PLW": 0.5600616921546236, "PNG": 0.582908962578617, "KNA": 0.364553239349197, "LCA": 0.2520901325836, "VCT": 0.348906713523665, "WSM": 0.556029317636744, "STP": 0.617122153388249, "SYC": 0.404928485877528, "SGP": 0.438534177564094, "SLB": 0.649425048593108, "SUR": 0.570589861584718, "TLS": 0.581198767056436, "TON": 0.51417975277041, "TTO": 0.47239710314988, "TUV": 0.5862994304380511, "VUT": 0.526678038347332, "ABW": 0.359269556700343, "AIA": 0.5013866493157777, "ASM": 0.5518472666452593, "COK": 0.5013866493157777, "CUW": 0.4863232031243961, "GUM": 0.4977248838742271, "MNP": 0.5255279997066554, "MSR": 0.5013866493157777, "NCL": 0.5325241070260516, "NIU": 0.5013866493157777, "PRI": 0.4615002452737083, "PYF": 0.557640145411352, "SXM": 0.5458509033981558, "VGB": 0.3429431155965132, "VIR": 0.4342100232388113}, "2013": {"ATG": 0.363548742812176, "BHS": 0.540342382039559, "BRB": 0.258290014002814, "BLZ": 0.507319491977556, "CPV": 0.36934121355776, "COM": 0.458221637265084, "CUB": 0.566965707151291, "DMA": 0.318011592556905, "DOM": 0.554939605638064, "FJI": 0.539748131794651, "GRD": 0.351879400320122, "GNB": 0.571910422311879, "GUY": 0.549297936924028, "HTI": 0.608303129948844, "JAM": 0.478806709552834, "KIR": 0.545989218075032, "MDV": 0.432138649763149, "MHL": 0.5421125976788449, "MUS": 0.349776530777417, "FSM": 0.526720845621449, "NRU": 0.4986844632205955, "PLW": 0.5608315980097295, "PNG": 0.580858355956, "KNA": 0.364289199430673, "LCA": 0.248731361192749, "VCT": 0.348376215642864, "WSM": 0.555515662836533, "STP": 0.611651990350538, "SYC": 0.40564594305497, "SGP": 0.436089254328603, "SLB": 0.641008252698133, "SUR": 0.569485360048042, "TLS": 0.579543222386383, "TON": 0.513408524700564, "TTO": 0.473331679473924, "TUV": 0.5785365496817707, "VUT": 0.526909743341713, "ABW": 0.3666102002479694, "AIA": 0.5019961499179488, "ASM": 0.4792567572132781, "COK": 0.5019961499179488, "CUW": 0.5218344113040616, "GUM": 0.4591687230562437, "MNP": 0.5340383384065657, "MSR": 0.5019961499179488, "NCL": 0.530448224230613, "NIU": 0.5019961499179488, "PRI": 0.4498362531487624, "PYF": 0.5079818359311689, "SXM": 0.5233016951394963, "VGB": 0.4553562397527745, "VIR": 0.4438366613335407}, "2014": {"ATG": 0.362217061525371, "BHS": 0.538951327663288, "BRB": 0.258168538521725, "BLZ": 0.504330429995625, "CPV": 0.36791267099207, "COM": 0.449907564510622, "CUB": 0.572556509893367, "DMA": 0.318814489452011, "DOM": 0.555788009063286, "FJI": 0.536381339143503, "GRD": 0.351224527511845, "GNB": 0.580586431654584, "GUY": 0.54294099793698, "HTI": 0.603931093619737, "JAM": 0.465384692775041, "KIR": 0.546187438167841, "MDV": 0.427530659591086, "MHL": 0.540245664244382, "MUS": 0.356868160039707, "FSM": 0.524335182537953, "NRU": 0.4961093548526237, "PLW": 0.5586795811681893, "PNG": 0.578797433110409, "KNA": 0.364076350924923, "LCA": 0.245730965806889, "VCT": 0.348075299273118, "WSM": 0.555764642621931, "STP": 0.605854261601254, "SYC": 0.406914010342509, "SGP": 0.433352274423451, "SLB": 0.632532424508977, "SUR": 0.56843136272211, "TLS": 0.57770314650715, "TON": 0.512510653391716, "TTO": 0.474351605773243, "TUV": 0.5773290878080998, "VUT": 0.528126691927376, "ABW": 0.3419778300333988, "AIA": 0.5069043380437941, "ASM": 0.4812717709848265, "COK": 0.5069043380437941, "CUW": 0.4493124505488079, "GUM": 0.5214951242764239, "MNP": 0.5556584937840595, "MSR": 0.5069043380437941, "NCL": 0.5412634164601359, "NIU": 0.5069043380437941, "PRI": 0.427611507894176, "PYF": 0.3849712142034434, "SXM": 0.4144608274393685, "VGB": 0.4519040482990588, "VIR": 0.4403164538654681}, "2015": {"ATG": 0.361223113820123, "BHS": 0.537693762674684, "BRB": 0.258130333098802, "BLZ": 0.501348305172489, "CPV": 0.366786360242031, "COM": 0.447929319515854, "CUB": 0.563147311898621, "DMA": 0.319620080632, "DOM": 0.563581799700617, "FJI": 0.543144882241893, "GRD": 0.351297230413825, "GNB": 0.588929553620138, "GUY": 0.545384321212134, "HTI": 0.615531595364203, "JAM": 0.477452121420178, "KIR": 0.548246250353548, "MDV": 0.425499144441177, "MHL": 0.5404135907458529, "MUS": 0.35366568127517, "FSM": 0.522562287263057, "NRU": 0.4927977730363721, "PLW": 0.5623842884184372, "PNG": 0.575389720114911, "KNA": 0.363920082401714, "LCA": 0.243110304223306, "VCT": 0.348194808512167, "WSM": 0.55648528144928, "STP": 0.617024411407515, "SYC": 0.408604516982619, "SGP": 0.435138124348984, "SLB": 0.638659341487042, "SUR": 0.567353339327495, "TLS": 0.575572186035012, "TON": 0.511683413945892, "TTO": 0.475382967497034, "TUV": 0.5860542279228174, "VUT": 0.530088744377197, "ABW": 0.3516036719470257, "AIA": 0.5107163586334045, "ASM": 0.5061292941661617, "COK": 0.5107163586334045, "CUW": 0.50256971189804,