{"data": {"2010": {"ATG": 0.316978688599082, "BHS": 0.329975038175251, "BRB": 0.329938929079045, "BLZ": 0.396915624689888, "CPV": 0.376389920715147, "COM": 0.439941307134199, "CUB": 0.302816307958288, "DMA": 0.3536723123666859, "DOM": 0.364621235774159, "FJI": 0.338191338166915, "GRD": 0.337635198102285, "GNB": 0.458523222463696, "GUY": 0.368338323752796, "HTI": 0.407472288061438, "JAM": 0.352529123346356, "KIR": 0.396679199821233, "MDV": 0.298468285693974, "MHL": 0.3342241498218827, "MUS": 0.295722201521689, "FSM": 0.389044902877244, "NRU": 0.230783487219829, "PLW": 0.361478964410039, "PNG": 0.416200271745859, "KNA": 0.3554241601422801, "LCA": 0.317264554671569, "VCT": 0.340612442843286, "WSM": 0.432742311063786, "STP": 0.46409345182984, "SYC": 0.303854751051893, "SGP": 0.212539747254623, "SLB": 0.44090773896916, "SUR": 0.355772011089881, "TLS": 0.465773467956321, "TON": 0.431250360625469, "TTO": 0.290182487330092, "TUV": 0.3781840637488588, "VUT": 0.421195456604477, "ABW": 0.3363808469586321, "AIA": 0.3604784833401033, "ASM": 0.3637155436105236, "COK": 0.3604784833401033, "CUW": 0.3452597344659681, "GUM": 0.3294383834769699, "MNP": 0.3415106656235686, "MSR": 0.3604784833401033, "NCL": 0.3311320317689552, "NIU": 0.3604784833401033, "PRI": 0.3221023346355068, "PYF": 0.3988512202612527, "SXM": 0.3396945616952854, "VGB": 0.3632614729439778, "VIR": 0.3391846903600621}, "2011": {"ATG": 0.315126662409107, "BHS": 0.326310285946304, "BRB": 0.329308413460689, "BLZ": 0.390065316727078, "CPV": 0.367209440781627, "COM": 0.438175181758611, "CUB": 0.303342333329863, "DMA": 0.3542918910120088, "DOM": 0.361666736810204, "FJI": 0.339494283970449, "GRD": 0.335546275141391, "GNB": 0.457865026561287, "GUY": 0.36327104841841, "HTI": 0.404156204951922, "JAM": 0.347453881537718, "KIR": 0.397353143380948, "MDV": 0.28699194470361, "MHL": 0.3360557511393968, "MUS": 0.293197077724846, "FSM": 0.383257612373127, "NRU": 0.2321523811369398, "PLW": 0.3664330539399221, "PNG": 0.413865182123763, "KNA": 0.3534335561537977, "LCA": 0.31051474274256, "VCT": 0.338703423316961, "WSM": 0.430679205628664, "STP": 0.463777069649476, "SYC": 0.303472894877181, "SGP": 0.213991051052923, "SLB": 0.440248854615057, "SUR": 0.353126710876174, "TLS": 0.459659111836579, "TON": 0.429472200227882, "TTO": 0.292304618097289, "TUV": 0.378187716817873, "VUT": 0.422854858584068, "ABW": 0.3762345017408107, "AIA": 0.3624635674891091, "ASM": 0.3780879698925596, "COK": 0.3624635674891091, "CUW": 0.336936731809809, "GUM": 0.3438247702470729, "MNP": 0.3418699474746723, "MSR": 0.3624635674891091, "NCL": 0.3333584177514697, "NIU": 0.3624635674891091, "PRI": 0.3229828374561548, "PYF": 0.3937328128542431, "SXM": 0.3559008896069023, "VGB": 0.3765198874346358, "VIR": 0.3632955487944335}, "2012": {"ATG": 0.31278965589709, "BHS": 0.321595559760606, "BRB": 0.329128201874509, "BLZ": 0.383733727810651, "CPV": 0.359743485704672, "COM": 0.436289062553964, "CUB": 0.303974361434344, "DMA": 0.3493844679369822, "DOM": 0.359088929963762, "FJI": 0.34105371941429, "GRD": 0.332567056940231, "GNB": 0.456882613417372, "GUY": 0.359141327960456, "HTI": 0.400644039126207, "JAM": 0.342681831807953, "KIR": 0.394161887750305, "MDV": 0.275908336836699, "MHL": 0.3432601632854265, "MUS": 0.292250105306154, "FSM": 0.377040552695539, "NRU": 0.2373960547713351, "PLW": 0.3624577967066349, "PNG": 0.410860383847414, "KNA": 0.3534230516884908, "LCA": 0.304546947001348, "VCT": 0.33621063309817, "WSM": 0.429363950309114, "STP": 0.463912655782255, "SYC": 0.30263598371543, "SGP": 0.2155891934334, "SLB": 0.440041865759815, "SUR": 0.350929800737189, "TLS": 0.454476369689513, "TON": 0.4282974974936, "TTO": 0.294827036203385, "TUV": 0.3731913412760259, "VUT": 0.422470631144814, "ABW": 0.3604446820515997, "AIA": 0.3530305444703885, "ASM": 0.3557691534626898, "COK": 0.3530305444703885, "CUW": 0.3443027743821456, "GUM": 0.3442335383088196, "MNP": 0.3435896848874254, "MSR": 0.3530305444703885, "NCL": 0.3362039511320164, "NIU": 0.3530305444703885, "PRI": 0.3299549617081478, "PYF": 0.3788960348786764, "SXM": 0.3690788381452156, "VGB": 0.3503079017143227, "VIR": 0.3417347017112223}, "2013": {"ATG": 0.31043751912234, "BHS": 0.316271253836789, "BRB": 0.329227284238962, "BLZ": 0.377602938836903, "CPV": 0.353806951859118, "COM": 0.434346363139831, "CUB": 0.304766145548375, "DMA": 0.3530363401187422, "DOM": 0.356879399281386, "FJI": 0.343159952310977, "GRD": 0.329851160210779, "GNB": 0.455755329120798, "GUY": 0.355870325371896, "HTI": 0.397046249402082, "JAM": 0.338319494933383, "KIR": 0.38922977106312, "MDV": 0.266051160630713, "MHL": 0.3421702168094923, "MUS": 0.292489079630285, "FSM": 0.371108132092215, "NRU": 0.2261458460886731, "PLW": 0.3587397930793584, "PNG": 0.407408087432817, "KNA": 0.3486395837818224, "LCA": 0.299155554804437, "VCT": 0.333440739445048, "WSM": 0.429366918696715, "STP": 0.464034526022063, "SYC": 0.302275282402698, "SGP": 0.216311861023001, "SLB": 0.440070291387205, "SUR": 0.349024559146779, "TLS": 0.4496789196857, "TON": 0.426990802609858, "TTO": 0.297662042560295, "TUV": 0.3741439207846163, "VUT": 0.422502776316559, "ABW": 0.3681012573959766, "AIA": 0.3492179387969634, "ASM": 0.3553816008005174, "COK": 0.3492179387969634, "CUW": 0.3942999327140623, "GUM": 0.347992842847761, "MNP": 0.3369295486133032, "MSR": 0.3492179387969634, "NCL": 0.3481609270079953, "NIU": 0.3492179387969634, "PRI": 0.3342262376515719, "PYF": 0.3575457528545251, "SXM": 0.3572667921275064, "VGB": 0.3359395590658719, "VIR": 0.339832806352114}, "2014": {"ATG": 0.308539141332296, "BHS": 0.311156858671516, "BRB": 0.329418662622092, "BLZ": 0.371430754515148, "CPV": 0.348852241394946, "COM": 0.432369401756673, "CUB": 0.305831817445341, "DMA": 0.3526279127833807, "DOM": 0.354990264316934, "FJI": 0.345687532964858, "GRD": 0.328368625002296, "GNB": 0.454618399385029, "GUY": 0.353136052817731, "HTI": 0.393513077863523, "JAM": 0.334458264452606, "KIR": 0.385918402793648, "MDV": 0.257947427100215, "MHL": 0.3403834824421705, "MUS": 0.293061227736001, "FSM": 0.366174636561621, "NRU": 0.2306127747475733, "PLW": 0.3630486589317546, "PNG": 0.403871152033603, "KNA": 0.3468009436548272, "LCA": 0.294291515233095, "VCT": 0.331110314988839, "WSM": 0.430873837926137, "STP": 0.463558936682216, "SYC": 0.302945390861328, "SGP": 0.216337479228598, "SLB": 0.439957825096793, "SUR": 0.347146887702816, "TLS": 0.444501592821785, "TON": 0.425436512649958, "TTO": 0.300597866179272, "TUV": 0.3710376672880728, "VUT": 0.42449448250773, "ABW": 0.3340581725049616, "AIA": 0.3545295685351147, "ASM": 0.3456370365365678, "COK": 0.3545295685351147, "CUW": 0.3451546058244212, "GUM": 0.3492903230241447, "MNP": 0.346777631756209, "MSR": 0.3545295685351147, "NCL": 0.3567836349218661, "NIU": 0.3545295685351147, "PRI": 0.3351055171312244, "PYF": 0.3498493252784093, "SXM": 0.3720313717201196, "VGB": 0.3405519331376473, "VIR": 0.3469754327670843}, "2015": {"ATG": 0.307312485304491, "BHS": 0.306822979856015, "BRB": 0.329681344716883, "BLZ": 0.365195202433692, "CPV": 0.344511503726586, "COM": 0.43035203441108, "CUB": 0.307213976146646, "DMA": 0.3517084502536035, "DOM": 0.353381548540706, "FJI": 0.348204695456163, "GRD": 0.328260294345752, "GNB": 0.453489001279068, "GUY": 0.350751597535677, "HTI": 0.390122538904527, "JAM": 0.331096868545749, "KIR": 0.385567474984224, "MDV": 0.251565677104514, "MHL": 0.3445186247579699, "MUS": 0.293543402866, "FSM": 0.362404150787456, "NRU": 0.2335651526457584, "PLW": 0.3648182616816007, "PNG": 0.400463259032225, "KNA": 0.3429816605011674, "LCA": 0.289980237374808, "VCT": 0.329607505405505, "WSM": 0.433314557678295, "STP": 0.462197641301296, "SYC": 0.304459980205942, "SGP": 0.216793642232901, "SLB": 0.439525930249138, "SUR": 0.345144265420474, "TLS": 0.438732861769018, "TON": 0.424018416169714, "TTO": 0.303462382728806, "TUV": 0.3663580277583952, "VUT": 0.427968133367757, "ABW": 0.3308877222527745, "AIA": 0.3459245016826954, "ASM": 0.353257979257847, "COK": 0.3459245016826954,