{"data": {"2010": {"ATG": 0.727167322392468, "BHS": 0.737857839534295, "BRB": 0.767306724247418, "BLZ": 0.40326953877696, "CPV": 0.623721029075107, "COM": 0.243046006606957, "CUB": 0.499353058353448, "DMA": 0.590009335442658, "DOM": 0.234642088973656, "FJI": 0.322663004054418, "GRD": 0.525058201895293, "GNB": 0.16327466000892, "GUY": 0.299874122148587, "HTI": 0.156007193082451, "JAM": 0.374798911558115, "KIR": 0.410057954401826, "MDV": 0.302333926153407, "MHL": 0.351145142993922, "MUS": 0.555824088847481, "FSM": 0.393467965231507, "NRU": 0.430842044786727, "PLW": 0.313278813096645, "PNG": 0.188780621790908, "KNA": 0.658174984812034, "LCA": 0.702787414954479, "VCT": 0.658174984812034, "WSM": 0.455297645412099, "STP": 0.369840620756183, "SYC": 0.530488295878413, "SGP": 0.926642772677769, "SLB": 0.348213068517325, "SUR": 0.352234782780961, "TLS": 0.2689889009685603, "TON": 0.3512210964741, "TTO": 0.387954703756597, "TUV": 0.369045121633625, "VUT": 0.494640647672121, "ABW": 0.5948496371723935, "AIA": 0.4118648144329738, "ASM": 0.4941306152433835, "COK": 0.4118648144329738, "CUW": 0.6273931115146101, "GUM": 0.6191987492466074, "MNP": 0.5467808337430037, "MSR": 0.4118648144329738, "NCL": 0.6328249624830481, "NIU": 0.4118648144329738, "PRI": 0.6206524705742027, "PYF": 0.5341830393327412, "SXM": 0.5302125497224481, "VGB": 0.6702841166060428, "VIR": 0.6971462608894391}, "2011": {"ATG": 0.720576110216946, "BHS": 0.737635995886423, "BRB": 0.822506308218268, "BLZ": 0.352048937562665, "CPV": 0.634617972686327, "COM": 0.246775108280439, "CUB": 0.49008993999907, "DMA": 0.590152155818176, "DOM": 0.24185993441505, "FJI": 0.39893610417232, "GRD": 0.524286237846079, "GNB": 0.163085069644171, "GUY": 0.28853201774138, "HTI": 0.147759111743493, "JAM": 0.390565596110527, "KIR": 0.4494908128897, "MDV": 0.300748740048144, "MHL": 0.351741801444642, "MUS": 0.550636945038878, "FSM": 0.348878913261917, "NRU": 0.418493645236862, "PLW": 0.306690984514277, "PNG": 0.193619460157536, "KNA": 0.660691013765986, "LCA": 0.704118667850997, "VCT": 0.660691013765986, "WSM": 0.4499481044811, "STP": 0.386721643279126, "SYC": 0.524531978120596, "SGP": 0.910661079881395, "SLB": 0.349161838952318, "SUR": 0.364253285196082, "TLS": 0.3153003536646169, "TON": 0.351811110530201, "TTO": 0.402647829116649, "TUV": 0.307122651868213, "VUT": 0.496250630876401, "ABW": 0.6236106008464661, "AIA": 0.4135488587124953, "ASM": 0.4981290631632816, "COK": 0.4135488587124953, "CUW": 0.6518363644415812, "GUM": 0.5747650750944816, "MNP": 0.4932248253779446, "MSR": 0.4135488587124953, "NCL": 0.5544972830292711, "NIU": 0.4135488587124953, "PRI": 0.5975495557096601, "PYF": 0.5270138294273917, "SXM": 0.4933913478371441, "VGB": 0.6632139583477518, "VIR": 0.585049042317617}, "2012": {"ATG": 0.718080109951498, "BHS": 0.730800128096288, "BRB": 0.806890425501029, "BLZ": 0.396532173795971, "CPV": 0.626441806345394, "COM": 0.248434310485931, "CUB": 0.481603281234004, "DMA": 0.579776217334956, "DOM": 0.230904200872793, "FJI": 0.402546568610865, "GRD": 0.523199776999382, "GNB": 0.134999636536606, "GUY": 0.255083098319141, "HTI": 0.144882020655636, "JAM": 0.368742726639073, "KIR": 0.429242720583055, "MDV": 0.266878767931134, "MHL": 0.36734191225186, "MUS": 0.497230058302585, "FSM": 0.393862778024938, "NRU": 0.423750137356146, "PLW": 0.330013321260819, "PNG": 0.213022238502278, "KNA": 0.64372520017228, "LCA": 0.6595298409995, "VCT": 0.64372520017228, "WSM": 0.452200496272154, "STP": 0.386956301603889, "SYC": 0.523411463046033, "SGP": 0.913946494259133, "SLB": 0.34577943960712, "SUR": 0.351320496344738, "TLS": 0.2379103646061759, "TON": 0.354236150844076, "TTO": 0.392184580627642, "TUV": 0.347530101154155, "VUT": 0.504824383056363, "ABW": 0.6430262984320423, "AIA": 0.4152189435559399, "ASM": 0.5120757341469377, "COK": 0.4152189435559399, "CUW": 0.6960542984294246, "GUM": 0.6879496073012713, "MNP": 0.5024102932970349, "MSR": 0.4152189435559399, "NCL": 0.5535060227071293, "NIU": 0.4152189435559399, "PRI": 0.5778397874781527, "PYF": 0.577577068264976, "SXM": 0.400068702594822, "VGB": 0.6435567380000868, "VIR": 0.5695471867442178}, "2013": {"ATG": 0.716346291330864, "BHS": 0.734908710656725, "BRB": 0.798437118322506, "BLZ": 0.405562695702663, "CPV": 0.619276665824771, "COM": 0.258372210091011, "CUB": 0.455255060572867, "DMA": 0.580348276517711, "DOM": 0.227556340100447, "FJI": 0.40002978244151, "GRD": 0.523851937292633, "GNB": 0.124321698720937, "GUY": 0.278772288874157, "HTI": 0.168980926139655, "JAM": 0.364715670937053, "KIR": 0.418022282911938, "MDV": 0.256583012419534, "MHL": 0.419075636902744, "MUS": 0.494731991043739, "FSM": 0.380924105405258, "NRU": 0.280500336285501, "PLW": 0.280500336285501, "PNG": 0.207656569224278, "KNA": 0.643058195728421, "LCA": 0.66645365492458, "VCT": 0.643058195728421, "WSM": 0.460986921948583, "STP": 0.38757677482013, "SYC": 0.528916869263855, "SGP": 0.903419262773992, "SLB": 0.336127167109554, "SUR": 0.36471194625588, "TLS": 0.2460386548503609, "TON": 0.363044701194889, "TTO": 0.37816584938339, "TUV": 0.33701191532329, "VUT": 0.493761022600438, "ABW": 0.5950640266417601, "AIA": 0.4119161336197114, "ASM": 0.4591032008983948, "COK": 0.4119161336197114, "CUW": 0.5276722866284329, "GUM": 0.6367213721550827, "MNP": 0.4959186854995753, "MSR": 0.4119161336197114, "NCL": 0.5043923298568378, "NIU": 0.4119161336197114, "PRI": 0.5266130671720742, "PYF": 0.5305622631757673, "SXM": 0.4058312145505514, "VGB": 0.6470187542745169, "VIR": 0.5585926814872051}, "2014": {"ATG": 0.574223222516656, "BHS": 0.728335808086089, "BRB": 0.688247542147019, "BLZ": 0.38237953480615, "CPV": 0.642463652023422, "COM": 0.287615950825696, "CUB": 0.443406256269198, "DMA": 0.570594946461733, "DOM": 0.240943144392765, "FJI": 0.468781560874443, "GRD": 0.484349800417121, "GNB": 0.0755943827114539, "GUY": 0.258017314828499, "HTI": 0.145309253865319, "JAM": 0.359303156630457, "KIR": 0.485384862710162, "MDV": 0.341542546555514, "MHL": 0.403085293261477, "MUS": 0.508178833649245, "FSM": 0.603653592972081, "NRU": 0.319579779832869, "PLW": 0.319579779832869, "PNG": 0.219354128278348, "KNA": 0.484349800417121, "LCA": 0.522629102633986, "VCT": 0.570594946461733, "WSM": 0.495515142779991, "STP": 0.427312336214437, "SYC": 0.528009766141322, "SGP": 0.901885403593899, "SLB": 0.364122559801735, "SUR": 0.326281552279025, "TLS": 0.2893688901585251, "TON": 0.355760248085051, "TTO": 0.333086926800219, "TUV": 0.424395045265382, "VUT": 0.533443905428354, "ABW": 0.5244248312610303, "AIA": 0.4136154191157341, "ASM": 0.3851310975981227, "COK": 0.4136154191157341, "CUW": 0.5735589755374957, "GUM": 0.6248688094434551, "MNP": 0.5586248561836499, "MSR": 0.4136154191157341, "NCL": 0.5247397762959214, "NIU": 0.4136154191157341, "PRI": 0.524394113651675, "PYF": 0.4931698147772002, "SXM": 0.4684216575345378, "VGB": 0.6043765795922618, "VIR": 0.6114775718800709}, "2015": {"ATG": 0.585606352990846, "BHS": 0.687731735200436, "BRB": 0.768931612998149, "BLZ": 0.376815294315848, "CPV": 0.64524484280372, "COM": 0.263143935978925, "CUB": 0.4438831894142, "DMA": 0.570451102822157, "DOM": 0.240406708442764, "FJI": 0.466643808766738, "GRD": 0.555020881135683, "GNB": 0.0883833279232222, "GUY": 0.28232354725428, "HTI": 0.144480000672353, "JAM": 0.374734790421332, "KIR": 0.478133464440292, "MDV": 0.318016846309996, "MHL": 0.401394579639305, "MUS": 0.495052709286698, "FSM": 0.583503477133132, "NRU": 0.307647545399635, "PLW": 0.307647545399635, "PNG": 0.212628131761047, "KNA": 0.543229618380901, "LCA": 0.5691556095936, "VCT": 0.582188473669861, "WSM": 0.494360784952136, "STP": 0.41741131326064, "SYC": 0.63000763600571, "SGP": 0.906772403588879, "SLB": 0.349731251292042, "SUR": 0.373016450375023, "TLS": 0.2905152962832435, "TON": 0.320762461609862, "TTO": 0.358911758128101, "TUV": 0.420196232985711, "VUT": 0.40101055887081, "ABW": 0.5582497453709713, "AIA": 0.4137517076912801, "ASM": 0.3732395876435488, "COK": 0.4137517076912801, "CUW": 0.6673900832123758, "GUM": 0.5566345199849188,