{"data": {"2010": {"ATG": 0.467525600878719, "BHS": 0.496750285970286, "BRB": 0.358123489133129, "BLZ": 0.405602516083697, "CPV": 0.487429815046017, "COM": 0.358067773252284, "CUB": 0.61600160097878, "DMA": 0.356311017417467, "DOM": 0.460751004591443, "FJI": 0.804814761752071, "GRD": 0.238105796498314, "GNB": 0.370784638790533, "GUY": 0.337587070277056, "HTI": 0.407322886037145, "JAM": 0.521046958254023, "KIR": 1.0, "MDV": 0.672243940045164, "MHL": 0.869452005885416, "MUS": 1.0, "FSM": 0.879682123843895, "NRU": 1.0, "PLW": 0.304927330572555, "PNG": 0.807339032272003, "KNA": 0.290888065658323, "LCA": 0.317424743763801, "VCT": 0.294279912037132, "WSM": 0.753868842542373, "STP": 0.376235698643034, "SYC": 0.677102592266636, "SGP": 0.183388253273024, "SLB": 0.592205234563858, "SUR": 0.347132678842292, "TLS": 0.249749278536196, "TON": 0.885537976626619, "TTO": 0.317475911409475, "TUV": 1.0, "VUT": 0.461345686340058, "ABW": 0.3451703803006822, "AIA": 0.8678785348315284, "ASM": 0.1698527668051605, "COK": 0.8678785348315284, "CUW": 0.3934793453270279, "GUM": 0.3316930050819897, "MNP": 0.4978255410694265, "MSR": 0.8678785348315284, "NCL": 0.5163600208612402, "NIU": 0.8678785348315284, "PRI": 0.6367672167757146, "PYF": 0.4418361248126671, "SXM": 0.3498507550449386, "VGB": 0.3725836764394575, "VIR": 0.2185451821681896}, "2011": {"ATG": 0.467525600878719, "BHS": 0.496750285970286, "BRB": 0.358123489133129, "BLZ": 0.405602516083697, "CPV": 0.487429815046017, "COM": 0.358067773252284, "CUB": 0.61600160097878, "DMA": 0.356311017417467, "DOM": 0.460751004591443, "FJI": 0.804814761752071, "GRD": 0.238105796498314, "GNB": 0.370784638790533, "GUY": 0.337587070277056, "HTI": 0.407322886037145, "JAM": 0.521046958254023, "KIR": 1.0, "MDV": 0.672243940045164, "MHL": 0.869452005885416, "MUS": 1.0, "FSM": 0.879682123843895, "NRU": 1.0, "PLW": 0.304927330572555, "PNG": 0.807339032272003, "KNA": 0.290888065658323, "LCA": 0.317424743763801, "VCT": 0.294279912037132, "WSM": 0.753868842542373, "STP": 0.376235698643034, "SYC": 0.677102592266636, "SGP": 0.183388253273024, "SLB": 0.592205234563858, "SUR": 0.347132678842292, "TLS": 0.249749278536196, "TON": 0.885537976626619, "TTO": 0.317475911409475, "TUV": 1.0, "VUT": 0.461345686340058, "ABW": 0.5836460859025183, "AIA": 0.8678654745742349, "ASM": 0.2391277690224263, "COK": 0.8678654745742349, "CUW": 0.9992733898678964, "GUM": 0.461246482508623, "MNP": 0.5437344444671864, "MSR": 0.8678654745742349, "NCL": 0.4680254451016646, "NIU": 0.8678654745742349, "PRI": 0.4949043437920006, "PYF": 0.3177435600554462, "SXM": 0.3692362256489483, "VGB": 0.3212286569540847, "VIR": 0.4255690024128367}, "2012": {"ATG": 0.467525600878719, "BHS": 0.496750285970286, "BRB": 0.358123489133129, "BLZ": 0.405602516083697, "CPV": 0.487429815046017, "COM": 0.358067773252284, "CUB": 0.61600160097878, "DMA": 0.356311017417467, "DOM": 0.460751004591443, "FJI": 0.804814761752071, "GRD": 0.238105796498314, "GNB": 0.370784638790533, "GUY": 0.337587070277056, "HTI": 0.407322886037145, "JAM": 0.521046958254023, "KIR": 1.0, "MDV": 0.672243940045164, "MHL": 0.869452005885416, "MUS": 1.0, "FSM": 0.879682123843895, "NRU": 1.0, "PLW": 0.304927330572555, "PNG": 0.807339032272003, "KNA": 0.290888065658323, "LCA": 0.317424743763801, "VCT": 0.294279912037132, "WSM": 0.753868842542373, "STP": 0.376235698643034, "SYC": 0.677102592266636, "SGP": 0.183388253273024, "SLB": 0.592205234563858, "SUR": 0.347132678842292, "TLS": 0.249749278536196, "TON": 0.885537976626619, "TTO": 0.317475911409475, "TUV": 1.0, "VUT": 0.461345686340058, "ABW": 0.4181237415601802, "AIA": 0.8686741280464717, "ASM": 0.2381971841876068, "COK": 0.8686741280464717, "CUW": 0.999461504874571, "GUM": 0.7448531875169155, "MNP": 0.5431981757028729, "MSR": 0.8686741280464717, "NCL": 0.3661313620139848, "NIU": 0.8686741280464717, "PRI": 0.604910993311822, "PYF": 0.3579006623016972, "SXM": 0.4618183002790321, "VGB": 0.3453181626949186, "VIR": 0.3940660653899756}, "2013": {"ATG": 0.467525600878719, "BHS": 0.496750285970286, "BRB": 0.358123489133129, "BLZ": 0.405602516083697, "CPV": 0.487429815046017, "COM": 0.358067773252284, "CUB": 0.61600160097878, "DMA": 0.356311017417467, "DOM": 0.460751004591443, "FJI": 0.804814761752071, "GRD": 0.238105796498314, "GNB": 0.370784638790533, "GUY": 0.337587070277056, "HTI": 0.407322886037145, "JAM": 0.521046958254023, "KIR": 1.0, "MDV": 0.672243940045164, "MHL": 0.869452005885416, "MUS": 1.0, "FSM": 0.879682123843895, "NRU": 1.0, "PLW": 0.304927330572555, "PNG": 0.807339032272003, "KNA": 0.290888065658323, "LCA": 0.317424743763801, "VCT": 0.294279912037132, "WSM": 0.753868842542373, "STP": 0.376235698643034, "SYC": 0.677102592266636, "SGP": 0.183388253273024, "SLB": 0.592205234563858, "SUR": 0.347132678842292, "TLS": 0.249749278536196, "TON": 0.885537976626619, "TTO": 0.317475911409475, "TUV": 1.0, "VUT": 0.461345686340058, "ABW": 0.3574548010440952, "AIA": 0.868527097248097, "ASM": 0.5272989736907352, "COK": 0.868527097248097, "CUW": 0.4983088433610547, "GUM": 0.3667831151317512, "MNP": 0.4384740398106996, "MSR": 0.868527097248097, "NCL": 0.4175467501722629, "NIU": 0.868527097248097, "PRI": 0.4667864990187187, "PYF": 0.3701114013258973, "SXM": 0.6053084976951841, "VGB": 0.3453104534363036, "VIR": 0.3609405543768049}, "2014": {"ATG": 0.467525600878719, "BHS": 0.496750285970286, "BRB": 0.358123489133129, "BLZ": 0.405602516083697, "CPV": 0.487429815046017, "COM": 0.358067773252284, "CUB": 0.61600160097878, "DMA": 0.356311017417467, "DOM": 0.460751004591443, "FJI": 0.804814761752071, "GRD": 0.238105796498314, "GNB": 0.370784638790533, "GUY": 0.337587070277056, "HTI": 0.407322886037145, "JAM": 0.521046958254023, "KIR": 1.0, "MDV": 0.672243940045164, "MHL": 0.869452005885416, "MUS": 1.0, "FSM": 0.879682123843895, "NRU": 1.0, "PLW": 0.304927330572555, "PNG": 0.807339032272003, "KNA": 0.290888065658323, "LCA": 0.317424743763801, "VCT": 0.294279912037132, "WSM": 0.753868842542373, "STP": 0.376235698643034, "SYC": 0.677102592266636, "SGP": 0.183388253273024, "SLB": 0.592205234563858, "SUR": 0.347132678842292, "TLS": 0.249749278536196, "TON": 0.885537976626619, "TTO": 0.317475911409475, "TUV": 1.0, "VUT": 0.461345686340058, "ABW": 0.3450089168150516, "AIA": 0.8685107145050109, "ASM": 0.6279533464777365, "COK": 0.8685107145050109, "CUW": 0.2378569489074015, "GUM": 0.4629337253912032, "MNP": 0.3380971684961933, "MSR": 0.8685107145050109, "NCL": 0.43904327645765, "NIU": 0.8685107145050109, "PRI": 0.3922902751909683, "PYF": 0.3730449797717227, "SXM": 0.3452636270811002, "VGB": 0.2859550532029805, "VIR": 0.4443952916669482}, "2015": {"ATG": 0.467525600878719, "BHS": 0.496750285970286, "BRB": 0.358123489133129, "BLZ": 0.405602516083697, "CPV": 0.487429815046017, "COM": 0.358067773252284, "CUB": 0.61600160097878, "DMA": 0.356311017417467, "DOM": 0.460751004591443, "FJI": 0.804814761752071, "GRD": 0.238105796498314, "GNB": 0.370784638790533, "GUY": 0.337587070277056, "HTI": 0.407322886037145, "JAM": 0.521046958254023, "KIR": 1.0, "MDV": 0.672243940045164, "MHL": 0.869452005885416, "MUS": 1.0, "FSM": 0.879682123843895, "NRU": 1.0, "PLW": 0.304927330572555, "PNG": 0.807339032272003, "KNA": 0.290888065658323, "LCA": 0.317424743763801, "VCT": 0.294279912037132, "WSM": 0.753868842542373, "STP": 0.376235698643034, "SYC": 0.677102592266636, "SGP": 0.183388253273024, "SLB": 0.592205234563858, "SUR": 0.347132678842292, "TLS": 0.249749278536196, "TON": 0.885537976626619, "TTO": 0.317475911409475, "TUV": 1.0, "VUT": 0.461345686340058, "ABW": 0.3455764205844011, "AIA": 0.8683191473878416, "ASM": 0.7001166667803724, "COK": 0.8683191473878416, "CUW": 0.999461504874571, "GUM": 0.4447117578701497, "MNP": 0.562928258412529, "MSR": 0.8683191473878416, "NCL": 0.5021005523831625, "NIU": 0.8683191473878416, "PRI": 0.6777983494454559, "PYF": 0.5888033797935573, "SXM": 0.3864752087071403, "VGB": 0.6290832895565731, "VIR": 0.823848712053512}}, "upperIntervals": {"2010": {"ABW": 0.3580691661493051, "AIA": 0.911798349445457,