{"data": {"2010": {"ATG": 0.210523767855182, "BHS": 0.227505558772398, "BRB": 0.10830154842902, "BLZ": 0.376976591697317, "CPV": 0.24687042649509, "COM": 0.45083036376067, "CUB": 0.0799190930338814, "DMA": 0.124254706393058, "DOM": 0.22093039413386, "FJI": 0.137855057523734, "GRD": 0.126487610050682, "GNB": 0.457702356058821, "GUY": 0.13517444393045, "HTI": 0.245346554013995, "JAM": 0.105877511718936, "KIR": 0.330599983873285, "MDV": 0.284388091325986, "MHL": 0.160075698504549, "MUS": 0.105997425896661, "FSM": 0.176492157722797, "NRU": 0.138884087548695, "PLW": 0.219714816385362, "PNG": 0.39281651969198, "KNA": 0.208978946086937, "LCA": 0.166782187883579, "VCT": 0.103106210731457, "WSM": 0.185611517793352, "STP": 0.422478700932118, "SYC": 0.130878255778445, "SGP": 0.217148852018021, "SLB": 0.375838118887618, "SUR": 0.178885477880035, "TLS": 0.3959312750281052, "TON": 0.202075272561548, "TTO": 0.10183330561949, "TUV": 0.14308790150157, "VUT": 0.414694812784171, "ABW": 0.1612183583388545, "AIA": 0.2680770391809112, "ASM": 0.1650578557626804, "COK": 0.2680770391809112, "CUW": 0.1350232551315515, "GUM": 0.2150870693301315, "MNP": 0.1619134632568363, "MSR": 0.2680770391809112, "NCL": 0.1998994368860024, "NIU": 0.2680770391809112, "PRI": 0.1398367578061246, "PYF": 0.1476977605280552, "SXM": 0.2840310416086085, "VGB": 0.1850485272266064, "VIR": 0.1671248399278768}, "2011": {"ATG": 0.210523767855182, "BHS": 0.227505558772398, "BRB": 0.10830154842902, "BLZ": 0.376976591697317, "CPV": 0.24687042649509, "COM": 0.45083036376067, "CUB": 0.0799190930338814, "DMA": 0.124254706393058, "DOM": 0.22093039413386, "FJI": 0.137855057523734, "GRD": 0.126487610050682, "GNB": 0.457702356058821, "GUY": 0.13517444393045, "HTI": 0.245346554013995, "JAM": 0.105877511718936, "KIR": 0.330599983873285, "MDV": 0.284388091325986, "MHL": 0.160075698504549, "MUS": 0.105997425896661, "FSM": 0.176492157722797, "NRU": 0.138884087548695, "PLW": 0.219714816385362, "PNG": 0.39281651969198, "KNA": 0.208978946086937, "LCA": 0.166782187883579, "VCT": 0.103106210731457, "WSM": 0.185611517793352, "STP": 0.422478700932118, "SYC": 0.130878255778445, "SGP": 0.217148852018021, "SLB": 0.375838118887618, "SUR": 0.178885477880035, "TLS": 0.3231462045474193, "TON": 0.202075272561548, "TTO": 0.10183330561949, "TUV": 0.14308790150157, "VUT": 0.414694812784171, "ABW": 0.1040047033882644, "AIA": 0.2690846389687778, "ASM": 0.1501339208588113, "COK": 0.2690846389687778, "CUW": 0.1404021007175621, "GUM": 0.2089644760680906, "MNP": 0.1772798023058215, "MSR": 0.2690846389687778, "NCL": 0.1772301717967672, "NIU": 0.2690846389687778, "PRI": 0.1669345049510016, "PYF": 0.1384027190823483, "SXM": 0.1657798521853384, "VGB": 0.1652187962283257, "VIR": 0.1782797213711903}, "2012": {"ATG": 0.210523767855182, "BHS": 0.227505558772398, "BRB": 0.10830154842902, "BLZ": 0.376976591697317, "CPV": 0.24687042649509, "COM": 0.45083036376067, "CUB": 0.0799190930338814, "DMA": 0.124254706393058, "DOM": 0.22093039413386, "FJI": 0.137855057523734, "GRD": 0.126487610050682, "GNB": 0.457702356058821, "GUY": 0.13517444393045, "HTI": 0.245346554013995, "JAM": 0.105877511718936, "KIR": 0.330599983873285, "MDV": 0.284388091325986, "MHL": 0.160075698504549, "MUS": 0.105997425896661, "FSM": 0.176492157722797, "NRU": 0.138884087548695, "PLW": 0.219714816385362, "PNG": 0.39281651969198, "KNA": 0.208978946086937, "LCA": 0.166782187883579, "VCT": 0.103106210731457, "WSM": 0.185611517793352, "STP": 0.422478700932118, "SYC": 0.130878255778445, "SGP": 0.217148852018021, "SLB": 0.375838118887618, "SUR": 0.178885477880035, "TLS": 0.340898444162041, "TON": 0.202075272561548, "TTO": 0.10183330561949, "TUV": 0.14308790150157, "VUT": 0.414694812784171, "ABW": 0.123640235477266, "AIA": 0.2690799066342808, "ASM": 0.1498673171439914, "COK": 0.2690799066342808, "CUW": 0.1309920672571974, "GUM": 0.2094806077128206, "MNP": 0.1770466584106102, "MSR": 0.2690799066342808, "NCL": 0.1676892427790309, "NIU": 0.2690799066342808, "PRI": 0.0942951121044808, "PYF": 0.1501611185255237, "SXM": 0.1894525100664127, "VGB": 0.1646847654836388, "VIR": 0.1441591023256949}, "2013": {"ATG": 0.210523767855182, "BHS": 0.227505558772398, "BRB": 0.10830154842902, "BLZ": 0.376976591697317, "CPV": 0.24687042649509, "COM": 0.45083036376067, "CUB": 0.0799190930338814, "DMA": 0.124254706393058, "DOM": 0.22093039413386, "FJI": 0.137855057523734, "GRD": 0.126487610050682, "GNB": 0.457702356058821, "GUY": 0.13517444393045, "HTI": 0.245346554013995, "JAM": 0.105877511718936, "KIR": 0.330599983873285, "MDV": 0.284388091325986, "MHL": 0.160075698504549, "MUS": 0.105997425896661, "FSM": 0.176492157722797, "NRU": 0.138884087548695, "PLW": 0.219714816385362, "PNG": 0.39281651969198, "KNA": 0.208978946086937, "LCA": 0.166782187883579, "VCT": 0.103106210731457, "WSM": 0.185611517793352, "STP": 0.422478700932118, "SYC": 0.130878255778445, "SGP": 0.217148852018021, "SLB": 0.375838118887618, "SUR": 0.178885477880035, "TLS": 0.4041378867967612, "TON": 0.202075272561548, "TTO": 0.10183330561949, "TUV": 0.14308790150157, "VUT": 0.414694812784171, "ABW": 0.1505027081690747, "AIA": 0.2692903876684108, "ASM": 0.2259772572956415, "COK": 0.2692903876684108, "CUW": 0.1366185158564417, "GUM": 0.2186404021139733, "MNP": 0.1660289437693679, "MSR": 0.2692903876684108, "NCL": 0.1472707616334758, "NIU": 0.2692903876684108, "PRI": 0.0695283184608266, "PYF": 0.1566161051466399, "SXM": 0.2058491256193821, "VGB": 0.1648002877246139, "VIR": 0.1473424081515183}, "2014": {"ATG": 0.210523767855182, "BHS": 0.227505558772398, "BRB": 0.10830154842902, "BLZ": 0.376976591697317, "CPV": 0.24687042649509, "COM": 0.45083036376067, "CUB": 0.0799190930338814, "DMA": 0.124254706393058, "DOM": 0.22093039413386, "FJI": 0.137855057523734, "GRD": 0.126487610050682, "GNB": 0.457702356058821, "GUY": 0.13517444393045, "HTI": 0.245346554013995, "JAM": 0.105877511718936, "KIR": 0.330599983873285, "MDV": 0.284388091325986, "MHL": 0.160075698504549, "MUS": 0.105997425896661, "FSM": 0.176492157722797, "NRU": 0.138884087548695, "PLW": 0.219714816385362, "PNG": 0.39281651969198, "KNA": 0.208978946086937, "LCA": 0.166782187883579, "VCT": 0.103106210731457, "WSM": 0.185611517793352, "STP": 0.422478700932118, "SYC": 0.130878255778445, "SGP": 0.217148852018021, "SLB": 0.375838118887618, "SUR": 0.178885477880035, "TLS": 0.3773163502728542, "TON": 0.202075272561548, "TTO": 0.10183330561949, "TUV": 0.14308790150157, "VUT": 0.414694812784171, "ABW": 0.1609187786860543, "AIA": 0.2685824055025188, "ASM": 0.2084810050816558, "COK": 0.2685824055025188, "CUW": 0.1053009198133811, "GUM": 0.2479927581628427, "MNP": 0.1658647553318746, "MSR": 0.2685824055025188, "NCL": 0.1770554142466215, "NIU": 0.2685824055025188, "PRI": 0.0469741464862793, "PYF": 0.1404650874491148, "SXM": 0.1772154979490725, "VGB": 0.2010703140291594, "VIR": 0.1351244975452931}, "2015": {"ATG": 0.210523767855182, "BHS": 0.227505558772398, "BRB": 0.10830154842902, "BLZ": 0.376976591697317, "CPV": 0.24687042649509, "COM": 0.45083036376067, "CUB": 0.0799190930338814, "DMA": 0.124254706393058, "DOM": 0.22093039413386, "FJI": 0.137855057523734, "GRD": 0.126487610050682, "GNB": 0.457702356058821, "GUY": 0.13517444393045, "HTI": 0.245346554013995, "JAM": 0.105877511718936, "KIR": 0.330599983873285, "MDV": 0.284388091325986, "MHL": 0.160075698504549, "MUS": 0.105997425896661, "FSM": 0.176492157722797, "NRU": 0.138884087548695, "PLW": 0.219714816385362, "PNG": 0.39281651969198, "KNA": 0.208978946086937, "LCA": 0.166782187883579, "VCT": 0.103106210731457, "WSM": 0.185611517793352, "STP": 0.422478700932118, "SYC": 0.130878255778445, "SGP": 0.217148852018021, "SLB": 0.375838118887618, "SUR": 0.178885477880035, "TLS": 0.2660965405213031, "TON": 0.202075272561548, "TTO": 0.10183330561949, "TUV": 0.14308790150157, "VUT": 0.414694812784171, "ABW": 0.1801652203215507, "AIA": 0.2681368873671432, "ASM": 0.1482424037150728, "COK": 0.2681368873671432, "CUW": 0.1063298155341952, "GUM": 0.2460323645014217,