{"data": {"2010": {"ATG": 0.205056633868239, "BHS": 0.810613327010745, "BRB": 0.265753483710354, "BLZ": 0.409714513573807, "CPV": 0.588539589822069, "COM": 0.223754970955609, "CUB": 0.747782603541368, "DMA": 0.656144586103956, "DOM": 0.717132418713425, "FJI": 0.484540193341883, "GRD": 0.308808156139198, "GNB": 0.354567890590479, "GUY": 0.209324381122762, "HTI": 0.434297168845445, "JAM": 0.501481856685599, "KIR": 0.433014689241182, "MDV": 0.314940348532692, "MHL": 0.715138647900074, "MUS": 0.370130080074147, "FSM": 0.162594704113634, "NRU": 1.0, "PLW": 0.728599295175075, "PNG": 0.062593626399681, "KNA": 0.259847611247023, "LCA": 0.121124271195939, "VCT": 0.449945575445365, "WSM": 0.138669454353426, "STP": 0.622282813695589, "SYC": 0.497095560896227, "SGP": 1.0, "SLB": 0.138346140167477, "SUR": 0.637284591923612, "TLS": 0.221157680328487, "TON": 0.174352563342638, "TTO": 0.504521010033517, "TUV": 0.5128301846124, "VUT": 0.185916434060072, "ABW": 0.4308360548123749, "AIA": 0.5267376711188085, "ASM": 0.5663942429334226, "COK": 0.5267376711188085, "CUW": 0.8021258093023678, "GUM": 0.8256344987223821, "MNP": 0.6283372850836371, "MSR": 0.5267376711188085, "NCL": 0.7679937472277938, "NIU": 0.5267376711188085, "PRI": 0.7615510227914115, "PYF": 0.4433579111540781, "SXM": 0.8814037740450947, "VGB": 0.3748603161115232, "VIR": 0.7072827223576084}, "2011": {"ATG": 0.199290864218819, "BHS": 0.811141406847794, "BRB": 0.263921369989977, "BLZ": 0.409714513573807, "CPV": 0.593938936727414, "COM": 0.224477039304228, "CUB": 0.748774100378278, "DMA": 0.659323842265786, "DOM": 0.728707066570391, "FJI": 0.490058088782075, "GRD": 0.308743493302008, "GNB": 0.358846414984535, "GUY": 0.206802530472362, "HTI": 0.444891097005033, "JAM": 0.503497181778013, "KIR": 0.442121372145405, "MDV": 0.319412861438317, "MHL": 0.720203903479938, "MUS": 0.368933817586136, "FSM": 0.162670144090356, "NRU": 1.0, "PLW": 0.736078630010023, "PNG": 0.0623888607485801, "KNA": 0.258338811712595, "LCA": 0.121124271195939, "VCT": 0.454202545560357, "WSM": 0.136287706516936, "STP": 0.634266992854756, "SYC": 0.501233982476371, "SGP": 1.0, "SLB": 0.143303624352024, "SUR": 0.636551746435461, "TLS": 0.224897347745961, "TON": 0.174934528877345, "TTO": 0.50248413066204, "TUV": 0.523725872678874, "VUT": 0.186983370873703, "ABW": 0.4895641217583559, "AIA": 0.5291427132369542, "ASM": 0.6944585156728177, "COK": 0.5291427132369542, "CUW": 0.6516302685916363, "GUM": 0.8812746384036619, "MNP": 0.8445144133690443, "MSR": 0.5291427132369542, "NCL": 0.7976874410442525, "NIU": 0.5291427132369542, "PRI": 0.7967594218483609, "PYF": 0.5089991800583749, "SXM": 0.7374351633894437, "VGB": 0.2712796897515376, "VIR": 0.7161063787823009}, "2012": {"ATG": 0.197383310521721, "BHS": 0.811744926661566, "BRB": 0.262337130478828, "BLZ": 0.409908502085377, "CPV": 0.599316729353695, "COM": 0.225371541885353, "CUB": 0.749765597215187, "DMA": 0.662513875567147, "DOM": 0.739214777613726, "FJI": 0.495586761361799, "GRD": 0.308851264697324, "GNB": 0.363157270797185, "GUY": 0.206802530472362, "HTI": 0.455506579443684, "JAM": 0.505674163963401, "KIR": 0.451249609328692, "MDV": 0.323917705762537, "MHL": 0.725161387664486, "MUS": 0.367726777958594, "FSM": 0.162874909741456, "NRU": 1.0, "PLW": 0.743439416310123, "PNG": 0.0621948722370108, "KNA": 0.2570455549688, "LCA": 0.121124271195939, "VCT": 0.458491847093944, "WSM": 0.133776633006068, "STP": 0.646078737781418, "SYC": 0.505544838289021, "SGP": 1.0, "SLB": 0.148282662815635, "SUR": 0.635818900947311, "TLS": 0.228658569442499, "TON": 0.174848311761092, "TTO": 0.500705902639321, "TUV": 0.534589229326752, "VUT": 0.188061084826865, "ABW": 0.4702538820047683, "AIA": 0.5336884780630391, "ASM": 0.6936433963278724, "COK": 0.5336884780630391, "CUW": 0.6795223559818466, "GUM": 0.8054565280939356, "MNP": 0.8466314470229731, "MSR": 0.5336884780630391, "NCL": 0.6942372995574572, "NIU": 0.5336884780630391, "PRI": 0.6669090747968902, "PYF": 0.5769381637778837, "SXM": 0.5341699360568624, "VGB": 0.3374656713974417, "VIR": 0.8358525449890646}, "2013": {"ATG": 0.195486533964155, "BHS": 0.81243466359159, "BRB": 0.261000765176907, "BLZ": 0.410296479108515, "CPV": 0.604662190561381, "COM": 0.226449255838515, "CUB": 0.750261345633642, "DMA": 0.66571468600804, "DOM": 0.749420728750175, "FJI": 0.501083102522928, "GRD": 0.309142247464678, "GNB": 0.367489680888898, "GUY": 0.206802530472362, "HTI": 0.466100507603272, "JAM": 0.508023580381295, "KIR": 0.460356292232916, "MDV": 0.328422550086756, "MHL": 0.729989546174654, "MUS": 0.366541292610115, "FSM": 0.163209001066937, "NRU": 1.0, "PLW": 0.750638545517249, "PNG": 0.0621517636788843, "KNA": 0.255989395294701, "LCA": 0.121242819730787, "VCT": 0.462802702906595, "WSM": 0.131200896658009, "STP": 0.657373180010562, "SYC": 0.510038905473709, "SGP": 1.0, "SLB": 0.153272478418778, "SUR": 0.63508605545916, "TLS": 0.232441345418099, "TON": 0.174277123365916, "TTO": 0.499186325965362, "TUV": 0.545355591718846, "VUT": 0.189138798780028, "ABW": 0.470164429417921, "AIA": 0.5363965806182243, "ASM": 0.5889074467868838, "COK": 0.5363965806182243, "CUW": 0.4943233072401772, "GUM": 0.8230297291863269, "MNP": 0.752054796536428, "MSR": 0.5363965806182243, "NCL": 0.6477970393938356, "NIU": 0.5363965806182243, "PRI": 0.7044472074752448, "PYF": 0.6692341975973699, "SXM": 0.6190900817791322, "VGB": 0.3413503953015179, "VIR": 0.791464600194739}, "2014": {"ATG": 0.193600534546121, "BHS": 0.813210617637867, "BRB": 0.259912274084213, "BLZ": 0.410867667503691, "CPV": 0.609975320350473, "COM": 0.227688626884652, "CUB": 0.750627768377717, "DMA": 0.668926273588464, "DOM": 0.759346474258802, "FJI": 0.506579443684057, "GRD": 0.309594887325006, "GNB": 0.371854422399207, "GUY": 0.206953410425805, "HTI": 0.476705212902391, "JAM": 0.510545431031696, "KIR": 0.469473752276671, "MDV": 0.33295972582957, "MHL": 0.734709933289506, "MUS": 0.365345030122105, "FSM": 0.163683195206328, "NRU": 1.0, "PLW": 0.757697571910463, "PNG": 0.0622595350742006, "KNA": 0.255138001271702, "LCA": 0.121469139660951, "VCT": 0.467156667277371, "WSM": 0.128657491728545, "STP": 0.668204205239845, "SYC": 0.514694629751371, "SGP": 1.0, "SLB": 0.158262294021921, "SUR": 0.634536421343047, "TLS": 0.236256452812295, "TON": 0.173695157831208, "TTO": 0.497925400640162, "TUV": 0.555830971343586, "VUT": 0.19021651273319, "ABW": 0.4298640834908018, "AIA": 0.5373158215035075, "ASM": 0.6408592442489326, "COK": 0.5373158215035075, "CUW": 0.5583797475213024, "GUM": 0.7594111309641064, "MNP": 0.6791844928325015, "MSR": 0.5373158215035075, "NCL": 0.7497918451709483, "NIU": 0.5373158215035075, "PRI": 0.5960043812001257, "PYF": 0.5372267268544104, "SXM": 0.6538692276049654, "VGB": 0.429809026065135, "VIR": 0.8401697007213696}}, "upperIntervals": {"2010": {"ABW": 0.581385067287386, "AIA": 0.6233261519475617, "ASM": 0.6130654872135952, "COK": 0.6233261519475617, "CUW": 0.7900930948726403, "GUM": 0.8261543279862864, "MNP": 0.6309548079192354, "MSR": 0.6233261519475617, "NCL": 0.7655832231382149, "NIU": 0.6233261519475617, "PRI": 0.7605627425157899, "PYF": 0.5824894835651776, "SXM": 0.901026445664776, "VGB": 0.581385067287386, "VIR": 0.6962435073014064}, "2011": {"ABW": 0.65423853122485, "AIA": 0.6584284675319554, "ASM": 0.6930420740519541, "COK": 0.6584284675319554, "CUW": 0.6719394039919593, "GUM": 0.8851436745977699, "MNP": 0.8426856649694798, "MSR": 0.6584284675319554, "NCL": 0.7953535361370074, "NIU": 0.6584284675319554, "PRI": 0.7953535361370074, "PYF": 0.65423853122485, "SXM": 0.747678027816762, "VGB": 0.65423853122485, "VIR": 0.7015760168975278}, "2012": {"ABW": 0.6458243413101699, "AIA": 0.6420709423101816, "ASM": 0.6972171839460114, "COK": 0.6420709423101816, "CUW": 0.6783018713366836, "GUM": 0.8033889442710757, "MNP": 0.8439393360170399, "MSR": 0.6420709423101816, "NCL": 0.7016795075041126, "NIU": 0.6420709423101816, "PRI": 0.663607645225185, "PYF": 0.6457292606123721, "SXM": 0.6457292606123721, "VGB": 0.6458243413101699, "VIR": 0.8361692225548513},