{"data": {"2010": {"ATG": 0.0151248318679866, "BHS": 0.0, "BRB": 0.0, "BLZ": 0.100903695191318, "CPV": 0.189142346314411, "COM": 0.299184284292113, "CUB": 0.0218845272898818, "DMA": 0.0600251852376626, "DOM": 0.018559827909093, "FJI": 0.110013519984207, "GRD": 0.104141715068346, "GNB": 0.940707965796542, "GUY": 0.17615414747583, "HTI": 0.6260405324858, "JAM": 0.0780587460980109, "KIR": 0.368600036994445, "MDV": 0.0089134158960725, "MHL": 0.110193785654923, "MUS": 0.0, "FSM": 0.354951930184039, "NRU": 0.009938280825344, "PLW": 0.0152978441550854, "PNG": 0.805606289857677, "KNA": 0.0028636358516912, "LCA": 0.0580436829959568, "VCT": 0.0737121674186913, "WSM": 0.0330857367299216, "STP": 0.39658943841473, "SYC": 0.0300225946530811, "SGP": 0.0, "SLB": 0.661545272651738, "SUR": 0.0880911377247147, "TLS": 0.620466956163677, "TON": 0.0787747237771991, "TTO": 0.0, "TUV": 0.0298570648038174, "VUT": 0.559421013702412, "ABW": 0.25479808466015, "AIA": 0.1122143437423954, "ASM": 0.1830957101354857, "COK": 0.1122143437423954, "CUW": 0.002143997171837, "GUM": 0.0015288121721354, "MNP": 0.1311018305723733, "MSR": 0.1122143437423954, "NCL": -0.0022514424282721, "NIU": 0.1122143437423954, "PRI": 0.0165635709764267, "PYF": 0.4000123137830308, "SXM": 0.013619912000887, "VGB": 0.035201837621191, "VIR": 0.0633720569174702}, "2011": {"ATG": 0.0545208914473588, "BHS": 0.0, "BRB": 0.0, "BLZ": 0.0832452895745463, "CPV": 0.206469549772788, "COM": 0.304176215599621, "CUB": 0.0194921323190268, "DMA": 0.0464457058369672, "DOM": 0.0210271047527464, "FJI": 0.0985529448163318, "GRD": 0.112084353371503, "GNB": 0.86795266283572, "GUY": 0.162280409754535, "HTI": 0.620151892084809, "JAM": 0.0890670308041408, "KIR": 0.228942593703869, "MDV": 0.0054776026041696, "MHL": 0.100879853141538, "MUS": 0.0060045189306161, "FSM": 0.328726170489954, "NRU": 0.010007531551027, "PLW": 0.0142850427480383, "PNG": 0.686573473664452, "KNA": 0.0, "LCA": 0.0516918873280769, "VCT": 0.060375943599063, "WSM": 0.0333393438047957, "STP": 0.38688425843339, "SYC": 0.016747451958642, "SGP": 0.0, "SLB": 0.61941636081042, "SUR": 0.0582077927090597, "TLS": 0.475808909134715, "TON": 0.0783043698691241, "TTO": 0.0, "TUV": 0.0264193427267533, "VUT": 0.582649760949477, "ABW": 0.0784808311900803, "AIA": 0.1077286361552887, "ASM": 0.0579279115805774, "COK": 0.1077286361552887, "CUW": 0.0225738850533277, "GUM": 0.0032096158701902, "MNP": 0.0043738559891304, "MSR": 0.1077286361552887, "NCL": 0.0041087230333787, "NIU": 0.1077286361552887, "PRI": -0.0026832350283491, "PYF": 0.1113034107494487, "SXM": 0.0369436754935327, "VGB": 0.0310526679035889, "VIR": 0.0082305362759546}, "2012": {"ATG": 0.0, "BHS": 0.0, "BRB": 0.0, "BLZ": 0.0801377490858002, "CPV": 0.192677049947995, "COM": 0.30723121861653, "CUB": 0.0165994829328705, "DMA": 0.0323661247237846, "DOM": 0.0213455644217631, "FJI": 0.0887487370607786, "GRD": 0.0952484559435866, "GNB": 0.853817488354689, "GUY": 0.15006311579697, "HTI": 0.621467709318779, "JAM": 0.0690519677020867, "KIR": 0.203788012025568, "MDV": 0.0036981567245903, "MHL": 0.0937421190450105, "MUS": 0.026146157394344, "FSM": 0.306669699832665, "NRU": 0.0097939766670836, "PLW": 0.0237135834713752, "PNG": 0.664879309518794, "KNA": 0.0, "LCA": 0.046600845406412, "VCT": 0.0465395417155392, "WSM": 0.0271992723440149, "STP": 0.421317078298239, "SYC": 0.0139128296414162, "SGP": 0.0, "SLB": 0.57789738217982, "SUR": 0.058444558420575, "TLS": 0.443164750764209, "TON": 0.0720542271673947, "TTO": 0.0, "TUV": 0.0232997611352702, "VUT": 0.563855098728706, "ABW": 0.0675629484366804, "AIA": 0.0750154776476712, "ASM": 0.0437153852753123, "COK": 0.0750154776476712, "CUW": 0.0548526135791355, "GUM": 0.0058529550329865, "MNP": 0.0025107131381795, "MSR": 0.0750154776476712, "NCL": 0.1638879268289142, "NIU": 0.0750154776476712, "PRI": 0.0052922066247125, "PYF": 0.09910116098327, "SXM": 0.0115530703562751, "VGB": 0.0004587957225941, "VIR": 0.0297370329947999}, "2013": {"ATG": 0.0, "BHS": 0.0, "BRB": 0.0, "BLZ": 0.0681449282633061, "CPV": 0.171858464644074, "COM": 0.305205661613282, "CUB": 0.0132614757926778, "DMA": 0.0178411858565637, "DOM": 0.0161536270304957, "FJI": 0.0825621352959731, "GRD": 0.0901064177709255, "GNB": 0.839237003839249, "GUY": 0.140252418171866, "HTI": 0.606928897401, "JAM": 0.0610459424612649, "KIR": 0.178188225296043, "MDV": 0.0043253071774724, "MHL": 0.0887510276029739, "MUS": 0.026611137459848, "FSM": 0.28701974915643, "NRU": 0.0090264923290795, "PLW": 0.0108138024035268, "PNG": 0.642739883058356, "KNA": 0.0, "LCA": 0.0402113080917016, "VCT": 0.0322577820779794, "WSM": 0.0179740373038509, "STP": 0.366028222764589, "SYC": 0.0200150631020541, "SGP": 0.0, "SLB": 0.553416494771796, "SUR": 0.0582360427294592, "TLS": 0.410075272815369, "TON": 0.05560077393457, "TTO": 0.0, "TUV": 0.0180981846907981, "VUT": 0.683514404935147, "ABW": 0.0561557644919374, "AIA": 0.0961127453792468, "ASM": 0.0245431760292704, "COK": 0.0961127453792468, "CUW": 0.1023812320042694, "GUM": 0.0025391011570166, "MNP": 0.0190417829214607, "MSR": 0.0961127453792468, "NCL": 0.0565350247975241, "NIU": 0.0961127453792468, "PRI": -0.0020518421618721, "PYF": 0.0109811827297663, "SXM": 0.0690634242393179, "VGB": 0.0256202824201107, "VIR": 0.2021524647752633}, "2014": {"ATG": 0.0, "BHS": 0.0, "BRB": 0.0, "BLZ": 0.0557958517781441, "CPV": 0.150683700028894, "COM": 0.280705487839978, "CUB": 0.0095672893412244, "DMA": 0.0029600676780832, "DOM": 0.0153017258996829, "FJI": 0.0631349016724603, "GRD": 0.0846081239355977, "GNB": 0.828623612425039, "GUY": 0.131098663318454, "HTI": 0.599738465519411, "JAM": 0.0670504613918812, "KIR": 0.152232106552444, "MDV": 0.0, "MHL": 0.083291367579328, "MUS": 0.0267199382140911, "FSM": 0.266901306249993, "NRU": 0.0079026759770012, "PLW": 0.0018984287352298, "PNG": 0.605576675816417, "KNA": 0.0, "LCA": 0.0334539795634068, "VCT": 0.0176198431291597, "WSM": 0.0210158162571567, "STP": 0.314236490702249, "SYC": 0.0, "SGP": 0.0, "SLB": 0.499203896299122, "SUR": 0.0576712713756775, "TLS": 0.376629539203862, "TON": 0.0470562880346413, "TTO": 0.0, "TUV": 0.0133586711331356, "VUT": 0.509688662316395, "ABW": 0.099736887270688, "AIA": 0.3738435493328902, "ASM": 0.075825957911898, "COK": 0.3738435493328902, "CUW": 0.2395968068596814, "GUM": -0.0026107555001655, "MNP": 0.0456764731270164, "MSR": 0.3738435493328902, "NCL": 0.0265311362464122, "NIU": 0.3738435493328902, "PRI": 0.0057205005324883, "PYF": 0.0843333367384882, "SXM": 0.0438962684713486, "VGB": 0.1882873238061492, "VIR": 0.1815407250476789}}, "upperIntervals": {"2010": {"ABW": 0.5854474130487628, "AIA": 0.2634660642306119, "ASM": 0.2693135467108728, "COK": 0.2634660642306119, "CUW": 0.0479105624052648, "GUM": 0.2063952934933005, "MNP": 0.0315140644360931, "MSR": 0.2634660642306119, "NCL": 0.0531132129146865, "NIU": 0.2634660642306119, "PRI": 0.0700772068664549, "PYF": 0.5818959018610743, "SXM": 0.1887853336714562, "VGB": 0.6136170388436688, "VIR": 0.0827913170227477}, "2011": {"ABW": 0.3125115890204036, "AIA": 0.2373224552470366, "ASM": 0.1283132583228337, "COK": 0.2373224552470366, "CUW": -0.0033682486090645, "GUM": 0.1236077466954309, "MNP": 0.0874948777605928, "MSR": 0.2373224552470366, "NCL": 0.0955912721750301, "NIU": 0.2373224552470366, "PRI": 0.0464800473742046, "PYF": 0.2850954503313628, "SXM": 0.1121736061639099, "VGB": 0.4462284252965372, "VIR": 0.0568435706993728}, "2012": {"ABW": 0.2525557928834712, "AIA": 0.2404123083429327, "ASM": 0.2686401252534526, "COK": 0.2404123083429327, "CUW": 0.0288576941151867, "GUM": 0.197868399011259, "MNP": 0.1810601895629327, "MSR": 0.2404123083429327, "NCL": 0.1600765085336472, "NIU": 0.2404123083429327, "PRI": 0.114147830631687, "PYF": 0.335449874352855, "SXM": 0.355282844618899, "VGB": 0.5315646218059177, "VIR": 0.0757148786436363}, "2013": {"ABW": 0.590979385707296, "AIA": 0.2749103216811029, "ASM": 0.37085511708966, "COK": 0.2749103216811029, "CUW": 0.4694070831689749, "GUM": 0.2497170837157494, "MNP": 0.1980708224739376,