{"data": {"2010": {"ATG": 0.487678373454529, "BHS": 0.467871707263309, "BRB": 0.882450191583301, "BLZ": 0.350522883020728, "CPV": 0.34666528354977, "COM": 0.325237777244702, "CUB": 0.4916902694134052, "DMA": 0.436297741845554, "DOM": 0.369908130782348, "FJI": 0.45146880531117, "GRD": 0.371366886884811, "GNB": 0.169896460733528, "GUY": 0.302967434080433, "HTI": 0.239342513154276, "JAM": 0.31385947964549, "KIR": 0.371603066444256, "MDV": 0.515853205604958, "MHL": 0.440998178175712, "MUS": 0.575787242043296, "FSM": 0.345303777854138, "NRU": 0.6387087413114191, "PLW": 0.385046777445686, "PNG": 0.335092485136896, "KNA": 0.486641035781666, "LCA": 0.470335384236358, "VCT": 0.536109076056301, "WSM": 0.490984887286778, "STP": 0.212654222936833, "SYC": 0.453251729436402, "SGP": 0.755246659448525, "SLB": 0.299660920248183, "SUR": 0.241894178590648, "TLS": 0.376812909667339, "TON": 0.485895449329297, "TTO": 0.330845884038616, "TUV": 0.3344671703026932, "VUT": 0.381610596404329, "ABW": 0.3773551240041565, "AIA": 0.404995473554911, "ASM": 0.3745632198384389, "COK": 0.404995473554911, "CUW": 0.4871985315874243, "GUM": 0.4104047984390334, "MNP": 0.3432991678015102, "MSR": 0.404995473554911, "NCL": 0.4516185854673934, "NIU": 0.404995473554911, "PRI": 0.4365750204550895, "PYF": 0.3871720836142517, "SXM": 0.6171916080841184, "VGB": 0.3817229828330217, "VIR": 0.3168695343014105}, "2011": {"ATG": 0.470821636270512, "BHS": 0.456558243268651, "BRB": 0.882158440362808, "BLZ": 0.339566003851117, "CPV": 0.382323766054422, "COM": 0.322579599457991, "CUB": 0.5692851872809057, "DMA": 0.429036378135516, "DOM": 0.345336194656415, "FJI": 0.450885302870184, "GRD": 0.390979052262369, "GNB": 0.166978948528602, "GUY": 0.299790587457291, "HTI": 0.234822684722517, "JAM": 0.319143418416634, "KIR": 0.362304075162524, "MDV": 0.504405443429439, "MHL": 0.446152449737748, "MUS": 0.578996505468714, "FSM": 0.344558191401768, "NRU": 0.5107721505932405, "PLW": 0.375354153564876, "PNG": 0.32345485311947, "KNA": 0.480157675326275, "LCA": 0.461615264423857, "VCT": 0.535946992044917, "WSM": 0.514454652135294, "STP": 0.205781860854118, "SYC": 0.452797894204525, "SGP": 0.754792824216648, "SLB": 0.299790587457291, "SUR": 0.242218346613417, "TLS": 0.390395549821383, "TON": 0.482783436310708, "TTO": 0.329614045552091, "TUV": 0.4043935255723783, "VUT": 0.379600754663157, "ABW": 0.4010532024786872, "AIA": 0.407895854087279, "ASM": 0.4403136399013155, "COK": 0.407895854087279, "CUW": 0.5362888553230969, "GUM": 0.6071746369158832, "MNP": 0.3982656882916857, "MSR": 0.407895854087279, "NCL": 0.432397528542577, "NIU": 0.407895854087279, "PRI": 0.46404048806345, "PYF": 0.3204356419438097, "SXM": 0.3383196296556131, "VGB": 0.4513065728614189, "VIR": 0.421925963147754}, "2012": {"ATG": 0.461939432446625, "BHS": 0.447222204212888, "BRB": 0.453770398272833, "BLZ": 0.34186759681278, "CPV": 0.399828839283978, "COM": 0.316744575048139, "CUB": 0.4802343251047637, "DMA": 0.424400775409911, "DOM": 0.3454982786678, "FJI": 0.442683851894114, "GRD": 0.383814938959161, "GNB": 0.206948865736088, "GUY": 0.289417210728665, "HTI": 0.234859732496548, "JAM": 0.313178726797674, "KIR": 0.359451396562152, "MDV": 0.502946687326976, "MHL": 0.439604255677804, "MUS": 0.581233264825824, "FSM": 0.340927509546748, "NRU": 0.7544371655190486, "PLW": 0.373247061416873, "PNG": 0.318721999987033, "KNA": 0.461485597214749, "LCA": 0.459605422682685, "VCT": 0.535525573615317, "WSM": 0.521813266252164, "STP": 0.29107046764479, "SYC": 0.458146666580222, "SGP": 0.7606278486265, "SLB": 0.3007630915256, "SUR": 0.241018924929169, "TLS": 0.392081223539786, "TON": 0.480417009744491, "TTO": 0.331688720897816, "TUV": 0.420162129101831, "VUT": 0.366082948113667, "ABW": 0.4544445302431509, "AIA": 0.394682304484652, "ASM": 0.4602594510556063, "COK": 0.394682304484652, "CUW": 0.3832562709556562, "GUM": 0.4498520113123258, "MNP": 0.3510961926417329, "MSR": 0.394682304484652, "NCL": 0.3308537236892104, "NIU": 0.394682304484652, "PRI": 0.4114985683751805, "PYF": 0.3029702171305491, "SXM": 0.3606899356184795, "VGB": 0.4565362008119981, "VIR": 0.4439461596844927}, "2013": {"ATG": 0.44261901828956, "BHS": 0.44145201340759, "BRB": 0.459832340298623, "BLZ": 0.347767454827186, "CPV": 0.41204997374239, "COM": 0.334768317114127, "CUB": 0.5278919429256046, "DMA": 0.434806568940814, "DOM": 0.337361661296283, "FJI": 0.435390071381799, "GRD": 0.395582238185696, "GNB": 0.209574626720522, "GUY": 0.299012584202645, "HTI": 0.240713280793416, "JAM": 0.346989451572539, "KIR": 0.366823903594283, "MDV": 0.460253758728224, "MHL": 0.439215254050479, "MUS": 0.604573362465234, "FSM": 0.348286123663618, "NRU": 0.5043890069442157, "PLW": 0.37425198228746, "PNG": 0.321931263412452, "KNA": 0.455520905595789, "LCA": 0.471405138711498, "VCT": 0.495912241232876, "WSM": 0.53325639745593, "STP": 0.290908383633405, "SYC": 0.471405138711498, "SGP": 0.78406519667274, "SLB": 0.335449069961943, "SUR": 0.245233109225173, "TLS": 0.393766897258187, "TON": 0.485311946888311, "TTO": 0.354769484119008, "TUV": 0.4209213639171837, "VUT": 0.371237219675703, "ABW": 0.3989847789936697, "AIA": 0.4379769030925127, "ASM": 0.3749334018592186, "COK": 0.4379769030925127, "CUW": 0.3431599658819275, "GUM": 0.4795782560889289, "MNP": 0.4372530255618799, "MSR": 0.4379769030925127, "NCL": 0.3258005828338627, "NIU": 0.4379769030925127, "PRI": 0.4306383425735959, "PYF": 0.3470134344548176, "SXM": 0.3784829718358157, "VGB": 0.440533292608781, "VIR": 0.4764824056297069}, "2014": {"ATG": 0.466186033544907, "BHS": 0.463268521339981, "BRB": 0.48586303252702, "BLZ": 0.372144890139458, "CPV": 0.479023087246582, "COM": 0.359599587658276, "CUB": 0.4950759139105243, "DMA": 0.460124091519116, "DOM": 0.359048502019567, "FJI": 0.456785160884589, "GRD": 0.418403666988674, "GNB": 0.237939328712859, "GUY": 0.328673958286059, "HTI": 0.246418637994159, "JAM": 0.379017252222172, "KIR": 0.382124634269006, "MDV": 0.458016999371114, "MHL": 0.464727277442444, "MUS": 0.637865418403667, "FSM": 0.345952113899677, "NRU": 0.5263647502930989, "PLW": 0.404269941195921, "PNG": 0.34442852419266, "KNA": 0.483366938751694, "LCA": 0.495750157221491, "VCT": 0.537989250588365, "WSM": 0.554392152540505, "STP": 0.313049059588566, "SYC": 0.508295459702673, "SGP": 0.845138452162525, "SLB": 0.342386265649211, "SUR": 0.267049617157565, "TLS": 0.417528413327196, "TON": 0.517307330735667, "TTO": 0.381286428381558, "TUV": 0.3784503131088833, "VUT": 0.391594971505631, "ABW": 0.4142082063583125, "AIA": 0.3849140731590407, "ASM": 0.4553962931203266, "COK": 0.3849140731590407, "CUW": 0.4332980202214548, "GUM": 0.5198467061390007, "MNP": 0.4030626337421869, "MSR": 0.3849140731590407, "NCL": 0.4021331554963258, "NIU": 0.3849140731590407, "PRI": 0.4784109049312858, "PYF": 0.3749750655418666, "SXM": 0.3912890374899935, "VGB": 0.3937861872589771, "VIR": 0.5117564950531114}}, "upperIntervals": {"2010": {"CUB": 0.6787117486037808, "NRU": 0.866146969125635, "TUV": 0.6867659501914807, "ABW": 0.5968470202531753, "AIA": 0.667437597453854, "ASM": 0.566517040975022, "COK": 0.667437597453854, "CUW": 0.6775444565336706, "GUM": 0.6336997134946303, "MNP": 0.561956944461002, "MSR": 0.667437597453854, "NCL": 0.5887765346207738, "NIU": 0.667437597453854, "PRI": 0.6444568973507532, "PYF": 0.6067053328782865, "SXM": 0.6848854561453471, "VGB": 0.6081323494199424, "VIR": 0.5962407252437629}, "2011": {"CUB": 0.5553018990617775, "NRU": 0.8348743379690061, "TUV": 0.4975162860809897, "ABW": 0.4893905257333735, "AIA": 0.7619751818029447, "ASM": 0.5211304236800339, "COK": 0.7619751818029447, "CUW": 0.6003540778044516, "GUM": 0.5627235774450247, "MNP": 0.5227790412918744, "MSR": 0.7619751818029447, "NCL": 0.5403037029237251, "NIU": 0.7619751818029447, "PRI": 0.522435307526532, "PYF": 0.5234229445224611, "SXM": 0.5328047769494981, "VGB": 0.4963991362425988, "VIR": 0.5379069910048526}, "2012": {"CUB": 0.6029868165099798, "NRU": 0.6918638411229169, "TUV": 0.5999862261580856, "ABW": 0.4745666760901445,