{"data": {"2010": {"ATG": 0.445793759415805, "BHS": 0.357837088684789, "BRB": 0.370631553952529, "BLZ": 0.387921479637909, "CPV": 0.518515751896376, "COM": 0.603144589828531, "CUB": 0.232253957673539, "DMA": 0.368144101476281, "DOM": 0.3915299605484, "FJI": 0.374209103404682, "GRD": 0.338165425797448, "GNB": 0.826130952751643, "GUY": 0.593111313076776, "HTI": 0.721584598481753, "JAM": 0.504696860980057, "KIR": 0.394176179620758, "MDV": 0.511705295411431, "MHL": 0.62753155795646, "MUS": 0.429001200645341, "FSM": 0.61319621948319, "NRU": 0.663946028853689, "PLW": 0.513090314204871, "PNG": 0.700263144950365, "KNA": 0.352238775789819, "LCA": 0.405176649500501, "VCT": 0.469841079387996, "WSM": 0.506137563789692, "STP": 0.73302153094139, "SYC": 0.398839208236018, "SGP": 0.20560060856122, "SLB": 0.661143029465801, "SUR": 0.394424602415055, "TLS": 0.714554721006965, "TON": 0.581096375873062, "TTO": 0.364039021487474, "TUV": 0.516346491752007, "VUT": 0.652994963497513, "ABW": 0.4509080492321815, "AIA": 0.4112292696183105, "ASM": 0.5347836111735543, "COK": 0.4112292696183105, "CUW": 0.3117176519201928, "GUM": 0.32649471269296, "MNP": 0.511835521104446, "MSR": 0.4112292696183105, "NCL": 0.3401604610616877, "NIU": 0.4112292696183105, "PRI": 0.285469905961931, "PYF": 0.5009852478663146, "SXM": 0.3036096466756548, "VGB": 0.3951556060183069, "VIR": 0.3891222245650965}, "2011": {"ATG": 0.427839790380952, "BHS": 0.360877737937559, "BRB": 0.380863405454327, "BLZ": 0.402084869736294, "CPV": 0.506518223910747, "COM": 0.597343009171437, "CUB": 0.299699705120685, "DMA": 0.374393485505814, "DOM": 0.3759222949468, "FJI": 0.357529725411374, "GRD": 0.329067432368739, "GNB": 0.825433493295562, "GUY": 0.532154397882458, "HTI": 0.722507523335712, "JAM": 0.503528086283868, "KIR": 0.365500948760198, "MDV": 0.51448511600159, "MHL": 0.601771158058129, "MUS": 0.442015981491298, "FSM": 0.617044287770914, "NRU": 0.511086586339075, "PLW": 0.515710940316877, "PNG": 0.668159613042929, "KNA": 0.355677375380573, "LCA": 0.40203996916432, "VCT": 0.449100207989833, "WSM": 0.561429587502839, "STP": 0.733019066236731, "SYC": 0.53785079298891, "SGP": 0.215626873070243, "SLB": 0.667283417502741, "SUR": 0.384512308123206, "TLS": 0.714490330597747, "TON": 0.454773198159416, "TTO": 0.358146372144522, "TUV": 0.516387937016447, "VUT": 0.614971527480347, "ABW": 0.4425268936126038, "AIA": 0.4367383422434439, "ASM": 0.4188463194352759, "COK": 0.4367383422434439, "CUW": 0.3631326322413331, "GUM": 0.2706161754236728, "MNP": 0.4137822520790408, "MSR": 0.4367383422434439, "NCL": 0.3051424605767607, "NIU": 0.4367383422434439, "PRI": 0.2943528891727766, "PYF": 0.4558285290150883, "SXM": 0.3731295922629025, "VGB": 0.369567368748893, "VIR": 0.3221020350309138}, "2012": {"ATG": 0.410078509296515, "BHS": 0.364793461128179, "BRB": 0.359592060891015, "BLZ": 0.395993455754874, "CPV": 0.585831231588472, "COM": 0.593330553230813, "CUB": 0.230186083075485, "DMA": 0.380346003989131, "DOM": 0.392645345193771, "FJI": 0.365482281759034, "GRD": 0.329867221796863, "GNB": 0.781000967603168, "GUY": 0.500540691450652, "HTI": 0.728765434731555, "JAM": 0.509132783515256, "KIR": 0.410226994136754, "MDV": 0.508413360650229, "MHL": 0.608422009536567, "MUS": 0.425953330310999, "FSM": 0.620892356058637, "NRU": 0.51235639062612, "PLW": 0.518331566428882, "PNG": 0.668700549322062, "KNA": 0.340627703811226, "LCA": 0.383560551085083, "VCT": 0.36621290027122, "WSM": 0.468987168313915, "STP": 0.733016601532072, "SYC": 0.396107899504072, "SGP": 0.208354145797516, "SLB": 0.669304090213069, "SUR": 0.373328908225042, "TLS": 0.711280977043566, "TON": 0.591928321491155, "TTO": 0.353024144219904, "TUV": 0.507313504914711, "VUT": 0.648502461591218, "ABW": 0.3833127763243716, "AIA": 0.4429837949389549, "ASM": 0.4461732854262299, "COK": 0.4429837949389549, "CUW": 0.3342286774716957, "GUM": 0.3866202734361355, "MNP": 0.3516492078187159, "MSR": 0.4429837949389549, "NCL": 0.400376456080545, "NIU": 0.4429837949389549, "PRI": 0.258488970255234, "PYF": 0.4123084252488714, "SXM": 0.3801914340259817, "VGB": 0.363455874108868, "VIR": 0.2236611923721145}, "2013": {"ATG": 0.39503208792607, "BHS": 0.36841635854958, "BRB": 0.376441281311847, "BLZ": 0.231374077986632, "CPV": 0.611789996973173, "COM": 0.60911072598783, "CUB": 0.228431327827911, "DMA": 0.371721080880193, "DOM": 0.398177467884531, "FJI": 0.346450175555462, "GRD": 0.330735960513566, "GNB": 0.757676346920412, "GUY": 0.504084872335101, "HTI": 0.735023346127397, "JAM": 0.491703490289084, "KIR": 0.470284574786218, "MDV": 0.485711225162971, "MHL": 0.60977194881754, "MUS": 0.409816098216224, "FSM": 0.624740424346361, "NRU": 0.513626194913166, "PLW": 0.520952192540888, "PNG": 0.708559239433883, "KNA": 0.344124009975097, "LCA": 0.380940001912797, "VCT": 0.312731178676464, "WSM": 0.623122471600178, "STP": 0.733014136827413, "SYC": 0.383598458656176, "SGP": 0.205061762505132, "SLB": 0.663176410809527, "SUR": 0.3726139071504, "TLS": 0.708071623489385, "TON": 0.488723829653688, "TTO": 0.348375230157313, "TUV": 0.619901676218475, "VUT": 0.651009769055422, "ABW": 0.3585199040318705, "AIA": 0.4851371743327897, "ASM": 0.4724133293726358, "COK": 0.4851371743327897, "CUW": 0.4144699215995556, "GUM": 0.3008313239942231, "MNP": 0.3437399150783207, "MSR": 0.4851371743327897, "NCL": 0.4495891403551799, "NIU": 0.4851371743327897, "PRI": 0.249442951394565, "PYF": 0.3834362863318951, "SXM": 0.4865931846960997, "VGB": 0.3630450117712122, "VIR": 0.311398912570997}, "2014": {"ATG": 0.391004121429023, "BHS": 0.372387633163798, "BRB": 0.384212162782991, "BLZ": 0.284911235507163, "CPV": 0.619787357984515, "COM": 0.606042340507398, "CUB": 0.226858388761716, "DMA": 0.36775487193044, "DOM": 0.440550236272261, "FJI": 0.33821133306832, "GRD": 0.331609849247772, "GNB": 0.826640276157518, "GUY": 0.481162505822064, "HTI": 0.74128125752324, "JAM": 0.496359737853637, "KIR": 0.465391214338214, "MDV": 0.481131518713743, "MHL": 0.611121888098514, "MUS": 0.391749791108367, "FSM": 0.628588492634084, "NRU": 0.514895999200212, "PLW": 0.523572818652893, "PNG": 0.709540830070646, "KNA": 0.343036292426712, "LCA": 0.347998629877758, "VCT": 0.316152468522798, "WSM": 0.557167222857596, "STP": 0.733011672122753, "SYC": 0.335542676808251, "SGP": 0.200159618982299, "SLB": 0.662163956348797, "SUR": 0.377595975060581, "TLS": 0.700017738883776, "TON": 0.595260101547073, "TTO": 0.343926203466909, "TUV": 0.561422623892607, "VUT": 0.653517076519626, "ABW": 0.3335419555659858, "AIA": 0.4590422799840642, "ASM": 0.4992485224825421, "COK": 0.4590422799840642, "CUW": 0.3197599641001753, "GUM": 0.3797190067504435, "MNP": 0.3684518658946248, "MSR": 0.4590422799840642, "NCL": 0.4489798030672792, "NIU": 0.4590422799840642, "PRI": 0.2453992425295928, "PYF": 0.4699310840253885, "SXM": 0.3265755433800326, "VGB": 0.3133514015263761, "VIR": 0.2894182744843365}}, "upperIntervals": {"2010": {"ABW": 0.6204318121021222, "AIA": 0.4819807959248973, "ASM": 0.5594885920255027, "COK": 0.4819807959248973, "CUW": 0.484209979376677, "GUM": 0.5587987538821051, "MNP": 0.6137531380057706, "MSR": 0.4819807959248973, "NCL": 0.4818694866504854, "NIU": 0.4819807959248973, "PRI": 0.4795422739824101, "PYF": 0.6825227006295465, "SXM": 0.5442237487370237, "VGB": 0.6564206467769317, "VIR": 0.4886648387150966}, "2011": {"ABW": 0.531786365513951, "AIA": 0.5015422557244164, "ASM": 0.5357219289341828, "COK": 0.5015422557244164, "CUW": 0.460972261668732, "GUM": 0.5106709944753206, "MNP": 0.5083754886052968, "MSR": 0.5015422557244164, "NCL": 0.5126628930696852, "NIU": 0.5015422557244164, "PRI": 0.477269596118159, "PYF": 0.5793272729053988, "SXM": 0.5059283917787465, "VGB": 0.6529855193490323, "VIR": 0.4978927303231079}, "2012": {"ABW": 0.5300731115509545, "AIA": 0.5052570899803521, "ASM": 0.5255409718637325, "COK": 0.5052570899803521, "CUW": 0.5216954591411387, "GUM": 0.5451770182259111, "MNP": 0.412200261449361, "MSR": 0.5052570899803521, "NCL": 0.517760854112184, "NIU": 0.5052570899803521,