{"data": {"2010": {"ATG": 0.368751583729196, "BHS": 0.560970039337444, "BRB": 0.259598364131967, "BLZ": 0.516913283844944, "CPV": 0.377471137143454, "COM": 0.475501430338097, "CUB": 0.568344702358694, "DMA": 0.315619067580884, "DOM": 0.564354792642182, "FJI": 0.550507471591372, "GRD": 0.35572630220504, "GNB": 0.610354843355087, "GUY": 0.567016270910922, "HTI": 0.595363435918111, "JAM": 0.504441630518191, "KIR": 0.543835670730673, "MDV": 0.458690731661371, "MHL": 0.5313361613695432, "MUS": 0.367754948548345, "FSM": 0.535616377742493, "NRU": 0.4825390820079057, "PLW": 0.5777291458105833, "PNG": 0.597605943233075, "KNA": 0.365253753418753, "LCA": 0.260082956824157, "VCT": 0.349410635919976, "WSM": 0.558706480852401, "STP": 0.613915678446929, "SYC": 0.40385141188197, "SGP": 0.434265037344559, "SLB": 0.639584745089782, "SUR": 0.573317604607457, "TLS": 0.585378633670692, "TON": 0.515565266972032, "TTO": 0.471086935194595, "TUV": 0.5820308643439557, "VUT": 0.525607965850776, "ABW": 0.3380314634871869, "AIA": 0.5122849519336742, "ASM": 0.5332805416932587, "COK": 0.5122849519336742, "CUW": 0.4310992132128915, "GUM": 0.503511154816213, "MNP": 0.547799925532088, "MSR": 0.5122849519336742, "NCL": 0.5075179783570033, "NIU": 0.5122849519336742, "PRI": 0.4446993010774179, "PYF": 0.3718283788362783, "SXM": 0.5425142548142465, "VGB": 0.3505899990248529, "VIR": 0.518800558757353}, "2011": {"ATG": 0.36666725342028, "BHS": 0.551616575473267, "BRB": 0.258914925757335, "BLZ": 0.513469031815145, "CPV": 0.37393517219748, "COM": 0.471035632476697, "CUB": 0.564884197316748, "DMA": 0.316413881621341, "DOM": 0.55927676454752, "FJI": 0.546844836868703, "GRD": 0.354663084426015, "GNB": 0.586860529370181, "GUY": 0.56105402173418, "HTI": 0.604073018528809, "JAM": 0.498377538571429, "KIR": 0.546535904799815, "MDV": 0.448003747595392, "MHL": 0.5240787942975037, "MUS": 0.354959108496351, "FSM": 0.53272168603537, "NRU": 0.4738789134987895, "PLW": 0.5947742010321245, "PNG": 0.590396855400551, "KNA": 0.364876553535146, "LCA": 0.255840802025522, "VCT": 0.349302198003422, "WSM": 0.557192826813365, "STP": 0.615438600351978, "SYC": 0.404487103529643, "SGP": 0.436368845511003, "SLB": 0.644408430820761, "SUR": 0.571841010541613, "TLS": 0.583052342814104, "TON": 0.514787622527385, "TTO": 0.471636606711969, "TUV": 0.5345473715855633, "VUT": 0.526655680468201, "ABW": 0.5373371933571219, "AIA": 0.4740462777554609, "ASM": 0.537114248484958, "COK": 0.4740462777554609, "CUW": 0.5012465512467532, "GUM": 0.4711954057017699, "MNP": 0.5181869519030794, "MSR": 0.4740462777554609, "NCL": 0.5575187533209391, "NIU": 0.4740462777554609, "PRI": 0.4104395833909462, "PYF": 0.4037511337320407, "SXM": 0.5571494418234703, "VGB": 0.356741376972257, "VIR": 0.5483667333416246}, "2012": {"ATG": 0.365110724058871, "BHS": 0.541835756428347, "BRB": 0.258507469648165, "BLZ": 0.510324383153347, "CPV": 0.371256938766551, "COM": 0.466548297448518, "CUB": 0.561468106351993, "DMA": 0.317211389946682, "DOM": 0.554178743852941, "FJI": 0.543291464911308, "GRD": 0.353186723809534, "GNB": 0.563235760197088, "GUY": 0.555904907047252, "HTI": 0.612704036836647, "JAM": 0.492467423900116, "KIR": 0.546812308155947, "MDV": 0.43748670332142, "MHL": 0.5318508362937531, "MUS": 0.34282270178322, "FSM": 0.529636776718213, "NRU": 0.4731063413057201, "PLW": 0.573387459892306, "PNG": 0.582908962578617, "KNA": 0.364553239349197, "LCA": 0.2520901325836, "VCT": 0.348906713523665, "WSM": 0.556029317636744, "STP": 0.617122153388249, "SYC": 0.404928485877528, "SGP": 0.438534177564094, "SLB": 0.649425048593108, "SUR": 0.570589861584718, "TLS": 0.581198767056436, "TON": 0.51417975277041, "TTO": 0.47239710314988, "TUV": 0.5476473089187117, "VUT": 0.526678038347332, "ABW": 0.3639928137736262, "AIA": 0.487573743427058, "ASM": 0.5554804866076744, "COK": 0.487573743427058, "CUW": 0.5230915902796125, "GUM": 0.5212553120916423, "MNP": 0.540190493650894, "MSR": 0.487573743427058, "NCL": 0.5473413356371434, "NIU": 0.487573743427058, "PRI": 0.4507416664045081, "PYF": 0.5849494795913168, "SXM": 0.558736628024567, "VGB": 0.3437657584478452, "VIR": 0.4602143636882961}, "2013": {"ATG": 0.363548742812176, "BHS": 0.540342382039559, "BRB": 0.258290014002814, "BLZ": 0.507319491977556, "CPV": 0.36934121355776, "COM": 0.458221637265084, "CUB": 0.566965707151291, "DMA": 0.318011592556905, "DOM": 0.554939605638064, "FJI": 0.539748131794651, "GRD": 0.351879400320122, "GNB": 0.571910422311879, "GUY": 0.549297936924028, "HTI": 0.608303129948844, "JAM": 0.478806709552834, "KIR": 0.545989218075032, "MDV": 0.432138649763149, "MHL": 0.5393031107683028, "MUS": 0.349776530777417, "FSM": 0.526720845621449, "NRU": 0.4740836462427324, "PLW": 0.5797156807743707, "PNG": 0.580858355956, "KNA": 0.364289199430673, "LCA": 0.248731361192749, "VCT": 0.348376215642864, "WSM": 0.555515662836533, "STP": 0.611651990350538, "SYC": 0.40564594305497, "SGP": 0.436089254328603, "SLB": 0.641008252698133, "SUR": 0.569485360048042, "TLS": 0.579543222386383, "TON": 0.513408524700564, "TTO": 0.473331679473924, "TUV": 0.5323119496664603, "VUT": 0.526909743341713, "ABW": 0.3568071092782934, "AIA": 0.4874391844657941, "ASM": 0.4826316030053819, "COK": 0.4874391844657941, "CUW": 0.5253233024299873, "GUM": 0.4802504674029504, "MNP": 0.5195878063880565, "MSR": 0.4874391844657941, "NCL": 0.5370008447766877, "NIU": 0.4874391844657941, "PRI": 0.4932158101242095, "PYF": 0.4760717259004836, "SXM": 0.4588028406163307, "VGB": 0.4943517271964106, "VIR": 0.5174204902450363}, "2014": {"ATG": 0.362217061525371, "BHS": 0.538951327663288, "BRB": 0.258168538521725, "BLZ": 0.504330429995625, "CPV": 0.36791267099207, "COM": 0.449907564510622, "CUB": 0.572556509893367, "DMA": 0.318814489452011, "DOM": 0.555788009063286, "FJI": 0.536381339143503, "GRD": 0.351224527511845, "GNB": 0.580586431654584, "GUY": 0.54294099793698, "HTI": 0.603931093619737, "JAM": 0.465384692775041, "KIR": 0.546187438167841, "MDV": 0.427530659591086, "MHL": 0.541964277244133, "MUS": 0.356868160039707, "FSM": 0.524335182537953, "NRU": 0.4706449847794367, "PLW": 0.5577164248477902, "PNG": 0.578797433110409, "KNA": 0.364076350924923, "LCA": 0.245730965806889, "VCT": 0.348075299273118, "WSM": 0.555764642621931, "STP": 0.605854261601254, "SYC": 0.406914010342509, "SGP": 0.433352274423451, "SLB": 0.632532424508977, "SUR": 0.56843136272211, "TLS": 0.57770314650715, "TON": 0.512510653391716, "TTO": 0.474351605773243, "TUV": 0.5557720924977526, "VUT": 0.528126691927376, "ABW": 0.3133998348386911, "AIA": 0.4850719655715326, "ASM": 0.48370828780575, "COK": 0.4850719655715326, "CUW": 0.467884523921165, "GUM": 0.5326129547723726, "MNP": 0.5604083251667884, "MSR": 0.4850719655715326, "NCL": 0.5696897678504352, "NIU": 0.4850719655715326, "PRI": 0.421519734884711, "PYF": 0.3993690962143515, "SXM": 0.4065167584937403, "VGB": 0.4900351932610359, "VIR": 0.4384293848096287}}, "upperIntervals": {"2010": {"MHL": 0.5698480865857375, "NRU": 0.5807460444626632, "PLW": 0.5958161270721164, "TUV": 0.640206179511917, "ABW": 0.6083443801574351, "AIA": 0.5903614062032015, "ASM": 0.5723034918703733, "COK": 0.5903614062032015, "CUW": 0.5804876317717425, "GUM": 0.6080341122748423, "MNP": 0.5789998013550384, "MSR": 0.5903614062032015, "NCL": 0.6193111477147877, "NIU": 0.5903614062032015, "PRI": 0.5907722886013039, "PYF": 0.5671556079867301, "SXM": 0.6177805358731364, "VGB": 0.6083443801574351, "VIR": 0.6080104730048069}, "2011": {"MHL": 0.5511848660484184, "NRU": 0.518192577367963, "PLW": 0.5803841337772239, "TUV": 0.6074358304799233, "ABW": 0.5855227063103623, "AIA": 0.5719179534987315, "ASM": 0.5353423655527318, "COK": 0.5719179534987315, "CUW": 0.5774669886788955, "GUM": 0.576374381897319, "MNP": 0.5846616768980311, "MSR": 0.5719179534987315, "NCL": 0.5736405398033493, "NIU": 0.5719179534987315, "PRI": 0.5650037832179344, "PYF": 0.5820812615718498, "SXM": 0.5499077920625955, "VGB": 0.5880328139108519, "VIR": 0.6076640890017613}, "2012": {"MHL": 0.5558291389459182,