{"data": {"2010": {"ATG": 0.475050405397549, "BHS": 0.436143411306852, "BRB": 0.373609501639728, "BLZ": 0.464824109326525, "CPV": 0.426110018775532, "COM": 0.52961830128444, "CUB": 0.421389347777565, "DMA": 0.415377486258332, "DOM": 0.421818441946186, "FJI": 0.431723623100551, "GRD": 0.382255710920963, "GNB": 0.661522867671654, "GUY": 0.49375316808245, "HTI": 0.537709177658745, "JAM": 0.430721219114068, "KIR": 0.4602375646409689, "MDV": 0.535078207988865, "MHL": 0.4583370418885134, "MUS": 0.429282787754904, "FSM": 0.586518504967882, "NRU": 0.4189967098525297, "PLW": 0.4434503225724138, "PNG": 0.552871095305386, "KNA": 0.422161677258405, "LCA": 0.364165157037745, "VCT": 0.388747375259008, "WSM": 0.484491087708238, "STP": 0.521849223511314, "SYC": 0.461905284427388, "SGP": 0.386789172164201, "SLB": 0.594528903273214, "SUR": 0.390764528856373, "TLS": 0.527918384433483, "TON": 0.575788487234172, "TTO": 0.37943797561062, "TUV": 0.4673948831387956, "VUT": 0.562532378794039, "ABW": 0.4677653094556887, "AIA": 0.4288194709701922, "ASM": 0.4720963385525134, "COK": 0.4288194709701922, "CUW": 0.3968524137522183, "GUM": 0.4056860311104829, "MNP": 0.4408857573394716, "MSR": 0.4288194709701922, "NCL": 0.398896519295295, "NIU": 0.4288194709701922, "PRI": 0.3561789260306651, "PYF": 0.4702596764346528, "SXM": 0.4117000772109155, "VGB": 0.4499497568540376, "VIR": 0.4232562225425571}, "2011": {"ATG": 0.474826851391279, "BHS": 0.433300370374754, "BRB": 0.365784115985879, "BLZ": 0.460956593485487, "CPV": 0.422834183343986, "COM": 0.529233783329438, "CUB": 0.431994812072262, "DMA": 0.417507135772514, "DOM": 0.417447006289357, "FJI": 0.434120004601702, "GRD": 0.380833005534424, "GNB": 0.65420839583995, "GUY": 0.481686631149385, "HTI": 0.537719480064315, "JAM": 0.428552272491476, "KIR": 0.4647611380312482, "MDV": 0.533716875789119, "MHL": 0.4307402943563515, "MUS": 0.420757062299698, "FSM": 0.585994102868508, "NRU": 0.4210839680326444, "PLW": 0.4447579412229935, "PNG": 0.541205580257838, "KNA": 0.426034875687737, "LCA": 0.363207659998337, "VCT": 0.3921031759646679, "WSM": 0.488493656298681, "STP": 0.521014751272387, "SYC": 0.477414848659684, "SGP": 0.388948032025285, "SLB": 0.592074463757355, "SUR": 0.386181379197183, "TLS": 0.517984098717137, "TON": 0.54951432153581, "TTO": 0.376826749421661, "TUV": 0.4785197353089865, "VUT": 0.548808746854941, "ABW": 0.4382236895143583, "AIA": 0.4134702132749374, "ASM": 0.4842717730636496, "COK": 0.4134702132749374, "CUW": 0.374305330546457, "GUM": 0.3593376631477666, "MNP": 0.386098772618845, "MSR": 0.4134702132749374, "NCL": 0.4057694073086302, "NIU": 0.4134702132749374, "PRI": 0.324716186009059, "PYF": 0.4670600922252155, "SXM": 0.4547109181641757, "VGB": 0.4447388655097491, "VIR": 0.4122653777332075}, "2012": {"ATG": 0.475940631773924, "BHS": 0.431876752044974, "BRB": 0.355785779138877, "BLZ": 0.459014638956761, "CPV": 0.436600282810079, "COM": 0.52802868019493, "CUB": 0.419399356060417, "DMA": 0.420666600769084, "DOM": 0.420286549612259, "FJI": 0.433855880281444, "GRD": 0.380066783955556, "GNB": 0.64207691619246, "GUY": 0.47257092775425, "HTI": 0.538639702671685, "JAM": 0.425753001005963, "KIR": 0.4832931369056518, "MDV": 0.522148757387733, "MHL": 0.4183858287872095, "MUS": 0.413454075375033, "FSM": 0.586200326078687, "NRU": 0.4115128759744894, "PLW": 0.4334960905925971, "PNG": 0.53887136591676, "KNA": 0.423748107355887, "LCA": 0.356942967681444, "VCT": 0.3845425071852687, "WSM": 0.47217303028887, "STP": 0.51819052051822, "SYC": 0.451195005648819, "SGP": 0.387974216558743, "SLB": 0.592298474200583, "SUR": 0.387990654132501, "TLS": 0.512324764807754, "TON": 0.575603336626301, "TTO": 0.368039464097158, "TUV": 0.4728641183855627, "VUT": 0.554211344743595, "ABW": 0.4454524821656297, "AIA": 0.4066154060830094, "ASM": 0.4413166882391955, "COK": 0.4066154060830094, "CUW": 0.3896527171444951, "GUM": 0.3646528383328861, "MNP": 0.444308976531207, "MSR": 0.4066154060830094, "NCL": 0.4006003716812026, "NIU": 0.4066154060830094, "PRI": 0.3350679978305082, "PYF": 0.5116694160805799, "SXM": 0.5193858423764056, "VGB": 0.432011727817276, "VIR": 0.3877440223322407}, "2013": {"ATG": 0.470953093007517, "BHS": 0.431378872590969, "BRB": 0.355943862119264, "BLZ": 0.415409809128516, "CPV": 0.441308618899479, "COM": 0.526198753142058, "CUB": 0.42033770307383, "DMA": 0.416857068003516, "DOM": 0.420800174414769, "FJI": 0.428593687560886, "GRD": 0.37957052092241, "GNB": 0.638917223393175, "GUY": 0.471282190519166, "HTI": 0.537907176825724, "JAM": 0.421651832163668, "KIR": 0.4530728658919165, "MDV": 0.517673343350464, "MHL": 0.4392915426226208, "MUS": 0.41594601271229, "FSM": 0.583204747225015, "NRU": 0.3961696137764778, "PLW": 0.4566507944115755, "PNG": 0.544225616907172, "KNA": 0.422181245985234, "LCA": 0.35292785365019, "VCT": 0.4107240270355061, "WSM": 0.497952622865235, "STP": 0.515374171191586, "SYC": 0.454115220350298, "SGP": 0.385209955350161, "SLB": 0.588097898061054, "SUR": 0.385236012971699, "TLS": 0.506951716498016, "TON": 0.554957346975081, "TTO": 0.3667640323588, "TUV": 0.4327887246614121, "VUT": 0.560513664098234, "ABW": 0.4202235245405397, "AIA": 0.4203864234478168, "ASM": 0.4014790430468619, "COK": 0.4203864234478168, "CUW": 0.4874923987733176, "GUM": 0.3736239620824974, "MNP": 0.3971542012153728, "MSR": 0.4203864234478168, "NCL": 0.4165602006080365, "NIU": 0.4203864234478168, "PRI": 0.3725149239187123, "PYF": 0.4301615916094411, "SXM": 0.4688421684500717, "VGB": 0.3737939257757102, "VIR": 0.3131118523215774}, "2014": {"ATG": 0.462183661878832, "BHS": 0.431714212920378, "BRB": 0.360095511833746, "BLZ": 0.430247652128717, "CPV": 0.438264529708345, "COM": 0.523904163727188, "CUB": 0.420364680902208, "DMA": 0.417112390804788, "DOM": 0.427302295670801, "FJI": 0.427455412623649, "GRD": 0.378326085377741, "GNB": 0.65066844344406, "GUY": 0.466303853007459, "HTI": 0.536693005169196, "JAM": 0.42048256704522, "KIR": 0.4485330747027214, "MDV": 0.515804458197246, "MHL": 0.4418136277107138, "MUS": 0.410588295844664, "FSM": 0.582283308710708, "NRU": 0.408442668333244, "PLW": 0.4497694993977458, "PNG": 0.54178474676664, "KNA": 0.420631945634276, "LCA": 0.345925086502865, "VCT": 0.4337509960799222, "WSM": 0.484768760963474, "STP": 0.511565416497275, "SYC": 0.440909821996042, "SGP": 0.382975475363623, "SLB": 0.585089035382551, "SUR": 0.384215311835287, "TLS": 0.50502797401495, "TON": 0.574317861034357, "TTO": 0.365755523261358, "TUV": 0.4573192978290236, "VUT": 0.551853429462893, "ABW": 0.3807768914565793, "AIA": 0.4104513575807654, "ASM": 0.4269962580918702, "COK": 0.4104513575807654, "CUW": 0.4891683970158399, "GUM": 0.4425248201724361, "MNP": 0.4819515146098205, "MSR": 0.4104513575807654, "NCL": 0.3987147678045491, "NIU": 0.4104513575807654, "PRI": 0.345367770345701, "PYF": 0.4301681104051968, "SXM": 0.4400403424508164, "VGB": 0.3740975028060599, "VIR": 0.3747628325990077}}, "upperIntervals": {"2010": {"KIR": 0.650404863822089, "MHL": 0.5030321813481686, "NRU": 0.4852494493453581, "PLW": 0.4893081367883656, "VCT": 0.4248735199067422, "TUV": 0.5184327241235346, "ABW": 0.5306132321515946, "AIA": 0.4464925827703522, "ASM": 0.5293396345199151, "COK": 0.4464925827703522, "CUW": 0.417456792845834, "GUM": 0.4069411329266807, "MNP": 0.461739037343673, "MSR": 0.4464925827703522, "NCL": 0.4225305552019978, "NIU": 0.4464925827703522, "PRI": 0.4234106733279644, "PYF": 0.4894681678943622, "SXM": 0.4235415199154971, "VGB": 0.4932097450132681, "VIR": 0.4231517684807249}, "2011": {"KIR": 0.6487414547307323, "MHL": 0.4459448133994453, "NRU": 0.4336355593094878, "PLW": 0.4675135675922414, "VCT": 0.4249743884317438, "TUV": 0.4998019348761183, "ABW": 0.4744668723909195, "AIA": 0.4506695480404962, "ASM": 0.4495120364375874, "COK": 0.4506695480404962, "CUW": 0.4053777280788931, "GUM": 0.3960486189678551, "MNP": 0.3742988955501443, "MSR": 0.4506695480404962, "NCL": 0.4372442022653702, "NIU": 0.4506695480404962, "PRI": 0.4462662096930008, "PYF": 0.4689915451422176,