{"data": {"2010": {"ATG": 0.644668281078339, "BHS": 0.550784409046173, "BRB": 0.507416605949402, "BLZ": -0.410388052463531, "CPV": -0.0326267704367638, "COM": -1.42361378669739, "CUB": -1.67137920856476, "DMA": 0.484202235937119, "DOM": -0.15228171646595, "FJI": -0.667689681053162, "GRD": 0.364560455083847, "GNB": -1.13821291923523, "GUY": -0.578112244606018, "HTI": -1.02882242202759, "JAM": 0.278852492570877, "KIR": -1.33558237552643, "MDV": -0.363285571336746, "MHL": -0.982468485832214, "MUS": 0.889053285121918, "FSM": -0.875901460647583, "NRU": -1.0458117723465, "PLW": -0.872344851493835, "PNG": -0.558858513832092, "KNA": 0.483709514141083, "LCA": 0.484202235937119, "VCT": 0.453653067350388, "WSM": -0.252603858709335, "STP": -0.844986021518707, "SYC": -0.495318293571472, "SGP": 1.78608727455139, "SLB": -1.18954503536224, "SUR": -0.666396737098694, "TLS": -0.6592788077001099, "TON": -0.581013023853302, "TTO": 0.519766986370087, "TUV": -1.15212023258209, "VUT": -0.750156581401825, "ABW": 0.4227866808517204, "AIA": 0.1857642159703317, "ASM": -0.0791421837810708, "COK": 0.1857642159703317, "CUW": 0.3220204999720699, "GUM": 0.4148598383660413, "MNP": 0.5342795956578508, "MSR": 0.1857642159703317, "NCL": 0.7271714449223173, "NIU": 0.1857642159703317, "PRI": 0.7427549871432925, "PYF": 0.2840284751431494, "SXM": 0.239574325436519, "VGB": 0.4548399574651935, "VIR": 0.5944262586689626}, "2011": {"ATG": 0.635736644268036, "BHS": 0.528025209903717, "BRB": 0.647341549396515, "BLZ": -0.513800501823425, "CPV": 0.0736227259039879, "COM": -1.36131227016449, "CUB": -1.62652707099915, "DMA": 0.300636798143387, "DOM": -0.195434227585793, "FJI": -0.495104342699051, "GRD": 0.285654157400131, "GNB": -1.12360322475433, "GUY": -0.657311320304871, "HTI": -1.05269205570221, "JAM": 0.292572468519211, "KIR": -1.40458989143372, "MDV": -0.368263751268387, "MHL": -1.00459623336792, "MUS": 0.837895929813385, "FSM": -0.890871226787567, "NRU": -1.07976317405701, "PLW": -0.895604729652405, "PNG": -0.51607608795166, "KNA": 0.445314556360245, "LCA": 0.513033211231232, "VCT": 0.419262200593948, "WSM": -0.303922683000565, "STP": -0.728225350379944, "SYC": -0.37702864408493, "SGP": 1.78959619998932, "SLB": -1.04450440406799, "SUR": -0.580249667167664, "TLS": -0.8096363188374267, "TON": -0.586745798587799, "TTO": 0.423527866601944, "TUV": -1.2496030330658, "VUT": -0.667464375495911, "ABW": 0.2192072649539058, "AIA": 0.3390734878476419, "ASM": -0.2543031007123233, "COK": 0.3390734878476419, "CUW": 0.7288993692646818, "GUM": 0.5127759406401139, "MNP": -0.4939854627281634, "MSR": 0.3390734878476419, "NCL": 0.4127009055862242, "NIU": 0.3390734878476419, "PRI": 0.8849309891543544, "PYF": -0.2646488249722412, "SXM": -0.3345699510975831, "VGB": 0.3241291729001284, "VIR": 0.4969033190452152}, "2012": {"ATG": 0.604382276535034, "BHS": 0.395023912191391, "BRB": 0.453495353460312, "BLZ": -0.473247647285461, "CPV": 0.0563659965991974, "COM": -1.39106380939484, "CUB": -1.56055593490601, "DMA": 0.326926440000534, "DOM": -0.104274399578571, "FJI": -0.578681111335754, "GRD": 0.289291858673096, "GNB": -1.22623670101166, "GUY": -0.61951071023941, "HTI": -0.94038325548172, "JAM": 0.234975516796112, "KIR": -1.32737970352173, "MDV": -0.379721850156784, "MHL": -1.0472012758255, "MUS": 0.990624845027924, "FSM": -0.949270725250244, "NRU": -1.18647921085358, "PLW": -0.9931960105896, "PNG": -0.512268602848053, "KNA": 0.420863151550293, "LCA": 0.340100020170212, "VCT": 0.37804052233696, "WSM": -0.333490878343582, "STP": -0.784578621387482, "SYC": -0.28427055478096, "SGP": 1.96584606170654, "SLB": -1.04120421409607, "SUR": -0.473294138908386, "TLS": -0.7021104506725214, "TON": -0.627437591552734, "TTO": 0.239958256483078, "TUV": -1.23419106006622, "VUT": -0.730835139751434, "ABW": 0.0549498562714656, "AIA": -0.1025136996800202, "ASM": 0.332009550796884, "COK": -0.1025136996800202, "CUW": 0.7258545089030681, "GUM": 0.781005318671967, "MNP": -0.4774275568267915, "MSR": -0.1025136996800202, "NCL": 0.5073103969833038, "NIU": -0.1025136996800202, "PRI": 0.6212816194204827, "PYF": -0.0370404506289347, "SXM": -0.1585868961236156, "VGB": 0.4273465484785173, "VIR": 0.1926383452480173}, "2013": {"ATG": 0.606551170349121, "BHS": 0.190062671899796, "BRB": 0.457041263580322, "BLZ": -0.484414726495743, "CPV": -0.100720599293709, "COM": -1.20166230201721, "CUB": -1.58398795127869, "DMA": 0.310987025499344, "DOM": -0.0710711628198624, "FJI": -0.547449827194214, "GRD": 0.284135311841965, "GNB": -1.2612224817276, "GUY": -0.601704299449921, "HTI": -0.933410227298737, "JAM": 0.233197197318077, "KIR": -1.34734344482422, "MDV": -0.431079804897308, "MHL": -1.08805859088898, "MUS": 0.939968943595886, "FSM": -0.938380777835846, "NRU": -1.37845063209534, "PLW": -0.992690682411194, "PNG": -0.509556472301483, "KNA": 0.431958556175232, "LCA": 0.319709748029709, "VCT": 0.354590237140656, "WSM": -0.2487882822752, "STP": -0.792933344841003, "SYC": -0.284101158380508, "SGP": 1.97040200233459, "SLB": -1.10314106941223, "SUR": -0.444913148880005, "TLS": -0.729209194600828, "TON": -0.634065568447113, "TTO": 0.273381352424622, "TUV": -1.30201077461243, "VUT": -0.521671772003174, "ABW": 0.1481510809827633, "AIA": -0.0951768663979744, "ASM": -0.4493152220900162, "COK": -0.0951768663979744, "CUW": -0.0048626081288364, "GUM": 0.5938393245791231, "MNP": -0.2619943406623846, "MSR": -0.0951768663979744, "NCL": 0.3049194632343762, "NIU": -0.0951768663979744, "PRI": 0.5311398335468847, "PYF": 0.0397741909743477, "SXM": -0.6382187066147769, "VGB": 0.4235105551237541, "VIR": 0.2303455109962052}, "2014": {"ATG": 0.532966613769531, "BHS": 0.17197360098362, "BRB": 0.338593423366547, "BLZ": -0.496547847986221, "CPV": -0.183811575174332, "COM": -1.104208111763, "CUB": -1.32505214214325, "DMA": 0.273593693971634, "DOM": -0.0368151552975178, "FJI": -0.38262215256691, "GRD": 0.191698044538498, "GNB": -1.19096982479095, "GUY": -0.526135802268982, "HTI": -1.06534910202026, "JAM": 0.148624956607819, "KIR": -0.919148981571198, "MDV": -0.344271451234818, "MHL": -0.949930787086487, "MUS": 1.12727034091949, "FSM": -1.03333675861359, "NRU": -1.23894536495209, "PLW": -0.819757878780365, "PNG": -0.344881922006607, "KNA": 0.187145069241524, "LCA": 0.275463432073593, "VCT": 0.35674586892128, "WSM": -0.186836302280426, "STP": -0.799398303031921, "SYC": -0.332860678434372, "SGP": 2.23345708847046, "SLB": -1.08040106296539, "SUR": -0.633016526699066, "TLS": -0.8081482188854556, "TON": -0.406627029180527, "TTO": 0.230548322200775, "TUV": -0.878795325756073, "VUT": -0.322362959384918, "ABW": 0.137924738268487, "AIA": -0.0430854185889362, "ASM": -0.6318640959569212, "COK": -0.0430854185889362, "CUW": 0.650228225414062, "GUM": 0.8489786690978651, "MNP": 0.4122707502309725, "MSR": -0.0430854185889362, "NCL": 0.5532934191256373, "NIU": -0.0430854185889362, "PRI": 0.852196442048107, "PYF": -0.06289534052697, "SXM": 0.0016977235494862, "VGB": 0.5915614985382904, "VIR": 0.7037189066978402}}, "upperIntervals": {"2010": {"TLS": -0.108223485507076, "ABW": 0.8732702197732773, "AIA": 0.5192286461442124, "ASM": 0.7176225503568825, "COK": 0.5192286461442124, "CUW": 1.326523621926094, "GUM": 1.3062029910921191, "MNP": 1.0229364526161169, "MSR": 0.5192286461442124, "NCL": 1.3886484030419877, "NIU": 0.5192286461442124, "PRI": 1.385249721267335, "PYF": 0.9281695558241568, "SXM": 1.0278486446527595, "VGB": 1.1214103426185926, "VIR": 1.3001889584580666}, "2011": {"TLS": -0.0794192214422367, "ABW": 1.2755230222678793, "AIA": 0.4785442022147092, "ASM": 0.9251917151397904, "COK": 0.4785442022147092, "CUW": 1.3389050656115618, "GUM": 1.1355732478922729, "MNP": 0.6956908683286434, "MSR": 0.4785442022147092, "NCL": 1.1765129147282527, "NIU": 0.4785442022147092, "PRI": 1.1732275502384704, "PYF": 1.145757109437051, "SXM": 0.9539808968384624, "VGB": 1.006500578419649, "VIR": 1.176352190021604}, "2012": {"TLS": 0.0811232371142426, "ABW": 0.0811232371142426, "AIA": 0.0811232371142426, "ASM": 0.3525515706714197,