{"data": {"2010": {"ATG": 0.658003890048325, "BHS": 0.658003890048325, "BRB": 0.658003890048325, "BLZ": 0.656704905377728, "CPV": 0.65701385818134, "COM": 0.658003890048325, "CUB": 0.658003890048325, "DMA": 0.658003890048325, "DOM": 0.65896681611327, "FJI": 0.658003890048325, "GRD": 0.658003890048325, "GNB": 1.0, "GUY": 0.592162390171143, "HTI": 0.6310168168819, "JAM": 0.658003890048325, "KIR": 0.658003890048325, "MDV": 0.658003890048325, "MHL": 0.658003890048325, "MUS": 0.658003890048325, "FSM": 0.658003890048325, "NRU": 0.658003890048325, "PLW": 0.658003890048325, "PNG": 0.778053905000755, "KNA": 0.658003890048325, "LCA": 0.658003890048325, "VCT": 0.658003890048325, "WSM": 0.658003890048325, "STP": 0.658003890048325, "SYC": 0.658003890048325, "SGP": 0.658003890048325, "SLB": 0.746512302562009, "SUR": 0.656661132667972, "TLS": 0.327919080869955, "TON": 0.658003890048325, "TTO": 0.658003890048325, "TUV": 0.658003890048325, "VUT": 0.674523275154162, "ABW": 0.658003890048325, "AIA": 0.6586117974238125, "ASM": 0.658003890048325, "COK": 0.6586117974238125, "CUW": 0.658003890048325, "GUM": 0.658003890048325, "MNP": 0.658003890048325, "MSR": 0.6586117974238125, "NCL": 0.6586225506909974, "NIU": 0.6586117974238125, "PRI": 0.658003890048325, "PYF": 0.658003890048325, "SXM": 0.658003890048325, "VGB": 0.658003890048325, "VIR": 0.658003890048325}, "2011": {"ATG": 0.658003890048325, "BHS": 0.658003890048325, "BRB": 0.658003890048325, "BLZ": 0.656704905377728, "CPV": 0.65701385818134, "COM": 0.658003890048325, "CUB": 0.658003890048325, "DMA": 0.658003890048325, "DOM": 0.65896681611327, "FJI": 0.658003890048325, "GRD": 0.658003890048325, "GNB": 1.0, "GUY": 0.592162390171143, "HTI": 0.6310168168819, "JAM": 0.658003890048325, "KIR": 0.658003890048325, "MDV": 0.658003890048325, "MHL": 0.658003890048325, "MUS": 0.658003890048325, "FSM": 0.658003890048325, "NRU": 0.658003890048325, "PLW": 0.658003890048325, "PNG": 0.778053905000755, "KNA": 0.658003890048325, "LCA": 0.658003890048325, "VCT": 0.658003890048325, "WSM": 0.658003890048325, "STP": 0.658003890048325, "SYC": 0.658003890048325, "SGP": 0.658003890048325, "SLB": 0.746512302562009, "SUR": 0.656661132667972, "TLS": 0.327919080869955, "TON": 0.658003890048325, "TTO": 0.658003890048325, "TUV": 0.658003890048325, "VUT": 0.674523275154162, "ABW": 0.658003890048325, "AIA": 0.6948760918743677, "ASM": 0.658003890048325, "COK": 0.6948760918743677, "CUW": 0.722813816054363, "GUM": 0.658003890048325, "MNP": 0.658003890048325, "MSR": 0.6948760918743677, "NCL": 0.658003890048325, "NIU": 0.6948760918743677, "PRI": 0.6580039397024713, "PYF": 0.658003890048325, "SXM": 0.658003890048325, "VGB": 0.658003890048325, "VIR": 0.7094031884320737}, "2012": {"ATG": 0.658003890048325, "BHS": 0.658003890048325, "BRB": 0.658003890048325, "BLZ": 0.656704905377728, "CPV": 0.65701385818134, "COM": 0.658003890048325, "CUB": 0.658003890048325, "DMA": 0.658003890048325, "DOM": 0.65896681611327, "FJI": 0.658003890048325, "GRD": 0.658003890048325, "GNB": 1.0, "GUY": 0.592162390171143, "HTI": 0.6310168168819, "JAM": 0.658003890048325, "KIR": 0.658003890048325, "MDV": 0.658003890048325, "MHL": 0.658003890048325, "MUS": 0.658003890048325, "FSM": 0.658003890048325, "NRU": 0.658003890048325, "PLW": 0.658003890048325, "PNG": 0.778053905000755, "KNA": 0.658003890048325, "LCA": 0.658003890048325, "VCT": 0.658003890048325, "WSM": 0.658003890048325, "STP": 0.658003890048325, "SYC": 0.658003890048325, "SGP": 0.658003890048325, "SLB": 0.746512302562009, "SUR": 0.656661132667972, "TLS": 0.327919080869955, "TON": 0.658003890048325, "TTO": 0.658003890048325, "TUV": 0.658003890048325, "VUT": 0.674523275154162, "ABW": 0.658003890048325, "AIA": 0.6802252986333085, "ASM": 0.658003890048325, "COK": 0.6802252986333085, "CUW": 0.6682257483476945, "GUM": 0.658003890048325, "MNP": 0.658003890048325, "MSR": 0.6802252986333085, "NCL": 0.6580737840796275, "NIU": 0.6802252986333085, "PRI": 0.6586245975209861, "PYF": 0.658003890048325, "SXM": 0.6580233527600814, "VGB": 0.658003890048325, "VIR": 0.74676446770289}, "2013": {"ATG": 0.658003890048325, "BHS": 0.658003890048325, "BRB": 0.658003890048325, "BLZ": 0.656704905377728, "CPV": 0.65701385818134, "COM": 0.658003890048325, "CUB": 0.658003890048325, "DMA": 0.658003890048325, "DOM": 0.65896681611327, "FJI": 0.658003890048325, "GRD": 0.658003890048325, "GNB": 1.0, "GUY": 0.592162390171143, "HTI": 0.6310168168819, "JAM": 0.658003890048325, "KIR": 0.658003890048325, "MDV": 0.658003890048325, "MHL": 0.658003890048325, "MUS": 0.658003890048325, "FSM": 0.658003890048325, "NRU": 0.658003890048325, "PLW": 0.658003890048325, "PNG": 0.778053905000755, "KNA": 0.658003890048325, "LCA": 0.658003890048325, "VCT": 0.658003890048325, "WSM": 0.658003890048325, "STP": 0.658003890048325, "SYC": 0.658003890048325, "SGP": 0.658003890048325, "SLB": 0.746512302562009, "SUR": 0.656661132667972, "TLS": 0.327919080869955, "TON": 0.658003890048325, "TTO": 0.658003890048325, "TUV": 0.658003890048325, "VUT": 0.674523275154162, "ABW": 0.658003890048325, "AIA": 0.6520709382939524, "ASM": 0.658003890048325, "COK": 0.6520709382939524, "CUW": 0.658003890048325, "GUM": 0.658003890048325, "MNP": 0.658003890048325, "MSR": 0.6520709382939524, "NCL": 0.658050265759541, "NIU": 0.6520709382939524, "PRI": 0.6579956660166859, "PYF": 0.658003890048325, "SXM": 0.658003890048325, "VGB": 0.658003890048325, "VIR": 0.658003890048325}, "2014": {"ATG": 0.658003890048325, "BHS": 0.658003890048325, "BRB": 0.658003890048325, "BLZ": 0.656704905377728, "CPV": 0.65701385818134, "COM": 0.658003890048325, "CUB": 0.658003890048325, "DMA": 0.658003890048325, "DOM": 0.65896681611327, "FJI": 0.658003890048325, "GRD": 0.658003890048325, "GNB": 1.0, "GUY": 0.592162390171143, "HTI": 0.6310168168819, "JAM": 0.658003890048325, "KIR": 0.658003890048325, "MDV": 0.658003890048325, "MHL": 0.658003890048325, "MUS": 0.658003890048325, "FSM": 0.658003890048325, "NRU": 0.658003890048325, "PLW": 0.658003890048325, "PNG": 0.778053905000755, "KNA": 0.658003890048325, "LCA": 0.658003890048325, "VCT": 0.658003890048325, "WSM": 0.658003890048325, "STP": 0.658003890048325, "SYC": 0.658003890048325, "SGP": 0.658003890048325, "SLB": 0.746512302562009, "SUR": 0.656661132667972, "TLS": 0.327919080869955, "TON": 0.658003890048325, "TTO": 0.658003890048325, "TUV": 0.658003890048325, "VUT": 0.674523275154162, "ABW": 0.658003890048325, "AIA": 0.6396579760773518, "ASM": 0.658003890048325, "COK": 0.6396579760773518, "CUW": 0.658003890048325, "GUM": 0.658003890048325, "MNP": 0.658003890048325, "MSR": 0.6396579760773518, "NCL": 0.6542068210615177, "NIU": 0.6396579760773518, "PRI": 0.6576031840147956, "PYF": 0.658003890048325, "SXM": 0.658003890048325, "VGB": 0.6590974893548356, "VIR": 0.8174789746503262}}, "upperIntervals": {"2010": {"ABW": 1.0, "AIA": 1.0, "ASM": 1.0, "COK": 1.0, "CUW": 1.0, "GUM": 1.0, "MNP": 1.0, "MSR": 1.0, "NCL": 1.0, "NIU": 1.0, "PRI": 1.0, "PYF": 1.0, "SXM": 1.0, "VGB": 1.0, "VIR": 1.0}, "2011": {"ABW": 1.0, "AIA": 1.0, "ASM": 1.0, "COK": 1.0, "CUW": 1.0, "GUM": 1.0, "MNP": 1.0, "MSR": 1.0, "NCL": 1.0, "NIU": 1.0, "PRI": 1.0, "PYF": 1.0, "SXM": 1.0, "VGB": 1.0, "VIR": 1.0}, "2012": {"ABW": 1.0, "AIA": 1.0, "ASM": 1.0, "COK": 1.0, "CUW": 1.0, "GUM": 1.0, "MNP": 1.0, "MSR": 1.0, "NCL": 1.0, "NIU": 1.0, "PRI": 1.0, "PYF": 1.0, "SXM": 1.0, "VGB": 1.0, "VIR": 1.0}, "2013": {"ABW": 1.0, "AIA": 1.0, "ASM": 1.0, "COK": 1.0, "CUW": 1.0, "GUM": 1.0, "MNP": 1.0, "MSR": 1.0, "NCL": 1.0, "NIU": 1.0, "PRI": 1.0, "PYF": 1.0, "SXM": 1.0, "VGB": 1.0, "VIR": 1.0}, "2014": {"ABW": 1.0, "AIA": 1.0, "ASM": 1.0, "COK": 1.0, "CUW": 1.0, "GUM": 1.0, "MNP": 1.0, "MSR": 1.0, "NCL": 1.0, "NIU": 1.0, "PRI": 1.0, "PYF": 1.0, "SXM": 1.0, "VGB": 1.0, "VIR": 1.0}}, "lowerIntervals": {"2010": {"ABW": 0.6391919724610189, "AIA": 0.6551593367954249, "ASM": 0.658002643731256, "COK": 0.6551593367954249, "CUW": 0.656546359913319, "GUM": 0.5720982713132026, "MNP": 0.6568026148128483, "MSR": 0.6551593367954249, "NCL": 0.6551593367954249,