{"data": {"2010": {"ATG": 0.485014716930283, "BHS": 0.449320447545943, "BRB": 0.651693383974354, "BLZ": 0.334715681416096, "CPV": 0.397410755815868, "COM": 0.264216125449987, "CUB": 0.366342926612578, "DMA": 0.539674571117153, "DOM": 0.345577313412619, "FJI": 0.38348420933233, "GRD": 0.464954246254875, "GNB": 0.241948099418326, "GUY": 0.300153117222669, "HTI": 0.220698693584973, "JAM": 0.339788005836726, "KIR": 0.435866276554098, "MDV": 0.417459689732522, "MHL": 0.357668090781552, "MUS": 0.507869040472804, "FSM": 0.337007961639533, "NRU": 0.540795096674906, "PLW": 0.427219043322208, "PNG": 0.271785741462555, "KNA": 0.529989841159896, "LCA": 0.465306816503215, "VCT": 0.4957692109399, "WSM": 0.39231665547223, "STP": 0.310509964133954, "SYC": 0.41157407288954, "SGP": 0.754290422060681, "SLB": 0.35520479015887, "SUR": 0.308788196961839, "TLS": 0.361829002365499, "TON": 0.38699843775855, "TTO": 0.340297736490906, "TUV": 0.545016259266347, "VUT": 0.362851772591334, "ABW": 0.4796923447240029, "AIA": 0.3676480848542648, "ASM": 0.375647892791245, "COK": 0.3676480848542648, "CUW": 0.4808037626629915, "GUM": 0.4846733076948242, "MNP": 0.3566317980758351, "MSR": 0.3676480848542648, "NCL": 0.4440487777707669, "NIU": 0.3676480848542648, "PRI": 0.4918637551714526, "PYF": 0.3211228722860993, "SXM": 0.4698484946573708, "VGB": 0.4748571542333184, "VIR": 0.4112496693990024}, "2011": {"ATG": 0.478534929616741, "BHS": 0.449984365671028, "BRB": 0.659988748632463, "BLZ": 0.32444338513007, "CPV": 0.413202008968874, "COM": 0.268253756869498, "CUB": 0.349933293231446, "DMA": 0.535284961882699, "DOM": 0.341614136311953, "FJI": 0.396751783854396, "GRD": 0.475669593972997, "GNB": 0.241086068559295, "GUY": 0.297068356537032, "HTI": 0.217146940265687, "JAM": 0.351729098285341, "KIR": 0.432989600163326, "MDV": 0.411085365610449, "MHL": 0.365724588391706, "MUS": 0.515384380207148, "FSM": 0.332818391131542, "NRU": 0.523978492036803, "PLW": 0.422586311348738, "PNG": 0.272215408356774, "KNA": 0.536316050722302, "LCA": 0.465411216388811, "VCT": 0.498911017229164, "WSM": 0.404226373877093, "STP": 0.312357263122815, "SYC": 0.416110889839756, "SGP": 0.768083707110944, "SLB": 0.361291048397471, "SUR": 0.31272602144094, "TLS": 0.371376316590478, "TON": 0.391944599325922, "TTO": 0.344768377395718, "TUV": 0.493903581409805, "VUT": 0.361085128013931, "ABW": 0.3638108170224478, "AIA": 0.3794069734978451, "ASM": 0.397688113866368, "COK": 0.3794069734978451, "CUW": 0.4442022287091204, "GUM": 0.4494092323680788, "MNP": 0.4479712529503372, "MSR": 0.3794069734978451, "NCL": 0.4391348032783376, "NIU": 0.3794069734978451, "PRI": 0.4926677656338697, "PYF": 0.3942404151777648, "SXM": 0.3850306874831328, "VGB": 0.4918657513461865, "VIR": 0.3626201338532662}, "2012": {"ATG": 0.487560407703233, "BHS": 0.455165680361824, "BRB": 0.513875822738754, "BLZ": 0.330889288745347, "CPV": 0.419803610992761, "COM": 0.269031035119997, "CUB": 0.331928203659792, "DMA": 0.528611089134214, "DOM": 0.350695110273375, "FJI": 0.393926741011799, "GRD": 0.482536610787107, "GNB": 0.245623112777916, "GUY": 0.29083133523326, "HTI": 0.225549222457748, "JAM": 0.3513781182794, "KIR": 0.431661551697125, "MDV": 0.407535321892302, "MHL": 0.363662823365705, "MUS": 0.518947776287349, "FSM": 0.337304074550485, "NRU": 0.52691763211842, "PLW": 0.425666673680875, "PNG": 0.274828348387359, "KNA": 0.541729479754763, "LCA": 0.454031766180271, "VCT": 0.498498795609944, "WSM": 0.40756430556113, "STP": 0.340478097681416, "SYC": 0.416061207366975, "SGP": 0.776623380479085, "SLB": 0.358439433898341, "SUR": 0.313448048007394, "TLS": 0.37339862917394, "TON": 0.392287449547103, "TTO": 0.343471502889234, "TUV": 0.503628543353302, "VUT": 0.358630028445411, "ABW": 0.4514538696332756, "AIA": 0.3809197593461964, "ASM": 0.4158122242171611, "COK": 0.3809197593461964, "CUW": 0.4503426528874913, "GUM": 0.4527455539119358, "MNP": 0.4709362187084081, "MSR": 0.3809197593461964, "NCL": 0.3341279025613513, "NIU": 0.3809197593461964, "PRI": 0.483617764647368, "PYF": 0.3666331422077452, "SXM": 0.3994771172243471, "VGB": 0.4723560749438165, "VIR": 0.5387322245358706}, "2013": {"ATG": 0.481565930666113, "BHS": 0.44631707771414, "BRB": 0.517910762537485, "BLZ": 0.333529723071248, "CPV": 0.422398737071276, "COM": 0.284198885240625, "CUB": 0.315246251225271, "DMA": 0.536783678123223, "DOM": 0.350966879748256, "FJI": 0.391471486871458, "GRD": 0.494261802896227, "GNB": 0.244628819601568, "GUY": 0.297242296662881, "HTI": 0.232692254024425, "JAM": 0.363144914300582, "KIR": 0.434299644761678, "MDV": 0.397084441958681, "MHL": 0.370233729647363, "MUS": 0.526655985215549, "FSM": 0.340326568419035, "NRU": 0.477629128710722, "PLW": 0.427515810065716, "PNG": 0.275318953472922, "KNA": 0.552630041344799, "LCA": 0.460376863949228, "VCT": 0.485265642615262, "WSM": 0.414346294388167, "STP": 0.342343305595198, "SYC": 0.426846098274915, "SGP": 0.790195684600142, "SLB": 0.37585539772363, "SUR": 0.318717841399029, "TLS": 0.376216163543665, "TON": 0.397617732653053, "TTO": 0.351862581741057, "TUV": 0.498588930265113, "VUT": 0.361201733929335, "ABW": 0.4701012593924258, "AIA": 0.3729071193993881, "ASM": 0.4037202401752383, "COK": 0.3729071193993881, "CUW": 0.3635374122357572, "GUM": 0.4790601168449124, "MNP": 0.4790684092002599, "MSR": 0.3729071193993881, "NCL": 0.3462051152258747, "NIU": 0.3729071193993881, "PRI": 0.4789993250797421, "PYF": 0.3371159316309374, "SXM": 0.4031726008866978, "VGB": 0.4956822463097722, "VIR": 0.4956121044407739}, "2014": {"ATG": 0.456722421782363, "BHS": 0.452035684070136, "BRB": 0.514500439157772, "BLZ": 0.333875314893668, "CPV": 0.441656498943842, "COM": 0.299029889348935, "CUB": 0.316314969771636, "DMA": 0.542148449696059, "DOM": 0.362440305931044, "FJI": 0.421526460889324, "GRD": 0.510271469141993, "GNB": 0.258629542263413, "GUY": 0.310415474704263, "HTI": 0.232299265015713, "JAM": 0.373086474235262, "KIR": 0.442920992702608, "MDV": 0.41779173019517, "MHL": 0.374294299119367, "MUS": 0.538684713735127, "FSM": 0.349152427299013, "NRU": 0.394791996842784, "PLW": 0.429479970921824, "PNG": 0.292099501331732, "KNA": 0.543442385072877, "LCA": 0.456149361865576, "VCT": 0.490103116522151, "WSM": 0.430489775166561, "STP": 0.354530973289289, "SYC": 0.434881939491504, "SGP": 0.816407677108763, "SLB": 0.387596509798294, "SUR": 0.32137212498549, "TLS": 0.391546475399973, "TON": 0.405823959760389, "TTO": 0.361577063235777, "TUV": 0.536199121488016, "VUT": 0.370997517823613, "ABW": 0.480547155311228, "AIA": 0.395243118586484, "ASM": 0.3874465341714298, "COK": 0.395243118586484, "CUW": 0.4490137609956622, "GUM": 0.4295438932387446, "MNP": 0.3894275163142045, "MSR": 0.395243118586484, "NCL": 0.3570674949253887, "NIU": 0.395243118586484, "PRI": 0.5121922681527783, "PYF": 0.4002140513989773, "SXM": 0.4570428275179444, "VGB": 0.4673162298717552, "VIR": 0.5563780438909532}}, "upperIntervals": {"2010": {"ABW": 0.5430854678124027, "AIA": 0.5432529638029359, "ASM": 0.5443631117644251, "COK": 0.5432529638029359, "CUW": 0.639497940317388, "GUM": 0.641069612570259, "MNP": 0.5430854678124027, "MSR": 0.5432529638029359, "NCL": 0.545137201228545, "NIU": 0.5432529638029359, "PRI": 0.5618397664934799, "PYF": 0.535299652922847, "SXM": 0.6750473802046605, "VGB": 0.5430854678124027, "VIR": 0.5618397664934799}, "2011": {"ABW": 0.5335278883876172, "AIA": 0.5048111370815231, "ASM": 0.5410267279710391, "COK": 0.5048111370815231, "CUW": 0.5773981867588643, "GUM": 0.7095446307725916, "MNP": 0.709171385575799, "MSR": 0.5048111370815231, "NCL": 0.7036042145927098, "NIU": 0.5048111370815231, "PRI": 0.6964977261750498, "PYF": 0.5323461664116053, "SXM": 0.5398450059950272, "VGB": 0.5635898511214451, "VIR": 0.5812960259776047}, "2012": {"ABW": 0.5351705634161881, "AIA": 0.5122762100125666, "ASM": 0.5359710255669008, "COK": 0.5122762100125666, "CUW": 0.5365179387570014, "GUM": 0.6720405267081444, "MNP": 0.6712400645574317, "MSR": 0.5122762100125666, "NCL": 0.5164958553503094, "NIU": 0.5122762100125666,