{"data": {"2010": {"ATG": 0.316978688599082, "BHS": 0.329975038175251, "BRB": 0.329938929079045, "BLZ": 0.396915624689888, "CPV": 0.376389920715147, "COM": 0.439941307134199, "CUB": 0.302816307958288, "DMA": 0.3726799538896223, "DOM": 0.364621235774159, "FJI": 0.338191338166915, "GRD": 0.337635198102285, "GNB": 0.458523222463696, "GUY": 0.368338323752796, "HTI": 0.407472288061438, "JAM": 0.352529123346356, "KIR": 0.396679199821233, "MDV": 0.298468285693974, "MHL": 0.359177579653167, "MUS": 0.295722201521689, "FSM": 0.389044902877244, "NRU": 0.3184085425152693, "PLW": 0.4065344163105118, "PNG": 0.416200271745859, "KNA": 0.3452322491165527, "LCA": 0.317264554671569, "VCT": 0.340612442843286, "WSM": 0.432742311063786, "STP": 0.46409345182984, "SYC": 0.303854751051893, "SGP": 0.212539747254623, "SLB": 0.44090773896916, "SUR": 0.355772011089881, "TLS": 0.465773467956321, "TON": 0.431250360625469, "TTO": 0.290182487330092, "TUV": 0.4097864928800956, "VUT": 0.421195456604477, "ABW": 0.3309011241358622, "AIA": 0.359084926231418, "ASM": 0.3641578372763228, "COK": 0.359084926231418, "CUW": 0.3343813213514927, "GUM": 0.3252650399255374, "MNP": 0.3434568759847528, "MSR": 0.359084926231418, "NCL": 0.3300188262631935, "NIU": 0.359084926231418, "PRI": 0.3470161944788236, "PYF": 0.4297513742766417, "SXM": 0.3274649588708059, "VGB": 0.353214892619982, "VIR": 0.3246033006833556}, "2011": {"ATG": 0.315126662409107, "BHS": 0.326310285946304, "BRB": 0.329308413460689, "BLZ": 0.390065316727078, "CPV": 0.367209440781627, "COM": 0.438175181758611, "CUB": 0.303342333329863, "DMA": 0.3360460696161202, "DOM": 0.361666736810204, "FJI": 0.339494283970449, "GRD": 0.335546275141391, "GNB": 0.457865026561287, "GUY": 0.36327104841841, "HTI": 0.404156204951922, "JAM": 0.347453881537718, "KIR": 0.397353143380948, "MDV": 0.28699194470361, "MHL": 0.341402822749939, "MUS": 0.293197077724846, "FSM": 0.383257612373127, "NRU": 0.3281226731519504, "PLW": 0.3741692311367718, "PNG": 0.413865182123763, "KNA": 0.333525523696011, "LCA": 0.31051474274256, "VCT": 0.338703423316961, "WSM": 0.430679205628664, "STP": 0.463777069649476, "SYC": 0.303472894877181, "SGP": 0.213991051052923, "SLB": 0.440248854615057, "SUR": 0.353126710876174, "TLS": 0.459659111836579, "TON": 0.429472200227882, "TTO": 0.292304618097289, "TUV": 0.3880499576698339, "VUT": 0.422854858584068, "ABW": 0.3546818133964803, "AIA": 0.3453179813746552, "ASM": 0.3566493814138639, "COK": 0.3453179813746552, "CUW": 0.3341672492137496, "GUM": 0.3169620041856612, "MNP": 0.3369575078796289, "MSR": 0.3453179813746552, "NCL": 0.3319937622513857, "NIU": 0.3453179813746552, "PRI": 0.3382674775012009, "PYF": 0.4133683177472929, "SXM": 0.360643080865763, "VGB": 0.3435355765912645, "VIR": 0.3606388280331793}, "2012": {"ATG": 0.31278965589709, "BHS": 0.321595559760606, "BRB": 0.329128201874509, "BLZ": 0.383733727810651, "CPV": 0.359743485704672, "COM": 0.436289062553964, "CUB": 0.303974361434344, "DMA": 0.3627007689378091, "DOM": 0.359088929963762, "FJI": 0.34105371941429, "GRD": 0.332567056940231, "GNB": 0.456882613417372, "GUY": 0.359141327960456, "HTI": 0.400644039126207, "JAM": 0.342681831807953, "KIR": 0.394161887750305, "MDV": 0.275908336836699, "MHL": 0.3645757653126325, "MUS": 0.292250105306154, "FSM": 0.377040552695539, "NRU": 0.3254531678242253, "PLW": 0.3730917719261585, "PNG": 0.410860383847414, "KNA": 0.3321905730697166, "LCA": 0.304546947001348, "VCT": 0.33621063309817, "WSM": 0.429363950309114, "STP": 0.463912655782255, "SYC": 0.30263598371543, "SGP": 0.2155891934334, "SLB": 0.440041865759815, "SUR": 0.350929800737189, "TLS": 0.454476369689513, "TON": 0.4282974974936, "TTO": 0.294827036203385, "TUV": 0.3471421970242794, "VUT": 0.422470631144814, "ABW": 0.3257846166679378, "AIA": 0.3407256343135517, "ASM": 0.3672764702348498, "COK": 0.3407256343135517, "CUW": 0.3378347993526897, "GUM": 0.3403532604286488, "MNP": 0.3406934368302975, "MSR": 0.3407256343135517, "NCL": 0.3334102784924533, "NIU": 0.3407256343135517, "PRI": 0.3353049061027792, "PYF": 0.3613733770569142, "SXM": 0.3690602461354661, "VGB": 0.3291195212179301, "VIR": 0.3315896635544744}, "2013": {"ATG": 0.31043751912234, "BHS": 0.316271253836789, "BRB": 0.329227284238962, "BLZ": 0.377602938836903, "CPV": 0.353806951859118, "COM": 0.434346363139831, "CUB": 0.304766145548375, "DMA": 0.334557555948492, "DOM": 0.356879399281386, "FJI": 0.343159952310977, "GRD": 0.329851160210779, "GNB": 0.455755329120798, "GUY": 0.355870325371896, "HTI": 0.397046249402082, "JAM": 0.338319494933383, "KIR": 0.38922977106312, "MDV": 0.266051160630713, "MHL": 0.3250293644777158, "MUS": 0.292489079630285, "FSM": 0.371108132092215, "NRU": 0.3182705708529703, "PLW": 0.3556303315403007, "PNG": 0.407408087432817, "KNA": 0.3288085832842152, "LCA": 0.299155554804437, "VCT": 0.333440739445048, "WSM": 0.429366918696715, "STP": 0.464034526022063, "SYC": 0.302275282402698, "SGP": 0.216311861023001, "SLB": 0.440070291387205, "SUR": 0.349024559146779, "TLS": 0.4496789196857, "TON": 0.426990802609858, "TTO": 0.297662042560295, "TUV": 0.3588381323448408, "VUT": 0.422502776316559, "ABW": 0.3696236704411762, "AIA": 0.3634700488506235, "ASM": 0.3467414413743793, "COK": 0.3634700488506235, "CUW": 0.4101552086055098, "GUM": 0.3188494969151616, "MNP": 0.3354636900132541, "MSR": 0.3634700488506235, "NCL": 0.3534714043558294, "NIU": 0.3634700488506235, "PRI": 0.3452137541997402, "PYF": 0.3520304107528449, "SXM": 0.3753865677816762, "VGB": 0.3441447739517138, "VIR": 0.3272318584075996}, "2014": {"ATG": 0.308539141332296, "BHS": 0.311156858671516, "BRB": 0.329418662622092, "BLZ": 0.371430754515148, "CPV": 0.348852241394946, "COM": 0.432369401756673, "CUB": 0.305831817445341, "DMA": 0.3579692134910867, "DOM": 0.354990264316934, "FJI": 0.345687532964858, "GRD": 0.328368625002296, "GNB": 0.454618399385029, "GUY": 0.353136052817731, "HTI": 0.393513077863523, "JAM": 0.334458264452606, "KIR": 0.385918402793648, "MDV": 0.257947427100215, "MHL": 0.3644011994509206, "MUS": 0.293061227736001, "FSM": 0.366174636561621, "NRU": 0.3187321794119963, "PLW": 0.3571082605339504, "PNG": 0.403871152033603, "KNA": 0.3362800930604478, "LCA": 0.294291515233095, "VCT": 0.331110314988839, "WSM": 0.430873837926137, "STP": 0.463558936682216, "SYC": 0.302945390861328, "SGP": 0.216337479228598, "SLB": 0.439957825096793, "SUR": 0.347146887702816, "TLS": 0.444501592821785, "TON": 0.425436512649958, "TTO": 0.300597866179272, "TUV": 0.3924103196913922, "VUT": 0.42449448250773, "ABW": 0.3324587957396244, "AIA": 0.3435873842339595, "ASM": 0.3597289113561849, "COK": 0.3435873842339595, "CUW": 0.3530444490407904, "GUM": 0.3538448024117001, "MNP": 0.3712946659632421, "MSR": 0.3435873842339595, "NCL": 0.3442469939933709, "NIU": 0.3435873842339595, "PRI": 0.3380336431431792, "PYF": 0.3602427654219816, "SXM": 0.3648320135428848, "VGB": 0.3407613085813157, "VIR": 0.3737096542909961}}, "upperIntervals": {"2010": {"DMA": 0.3954707142011183, "MHL": 0.3709298592963787, "NRU": 0.42577071900336, "PLW": 0.400514370633858, "KNA": 0.4429253049641813, "TUV": 0.3957383476601033, "ABW": 0.4318776124844375, "AIA": 0.4296297879494208, "ASM": 0.4281830978426093, "COK": 0.4296297879494208, "CUW": 0.4008979682331098, "GUM": 0.3742699792189661, "MNP": 0.3944215539301154, "MSR": 0.4296297879494208, "NCL": 0.3521709544407023, "NIU": 0.4296297879494208, "PRI": 0.3712506262263772, "PYF": 0.4330496324563226, "SXM": 0.3920458685923764, "VGB": 0.4128547869607378, "VIR": 0.3743482073329215}, "2011": {"DMA": 0.4392060674929053, "MHL": 0.4198633188108465, "NRU": 0.4270833650667423, "PLW": 0.4314131843693234, "KNA": 0.4597809729703887, "TUV": 0.4560875292400717, "ABW": 0.4416699412510577, "AIA": 0.4149002700875601, "ASM": 0.4555964502727478, "COK": 0.4149002700875601, "CUW": 0.4046406715086725, "GUM": 0.4032216078614247, "MNP": 0.4000374109288682, "MSR": 0.4149002700875601, "NCL": 0.3868125851803215, "NIU": 0.4149002700875601, "PRI": 0.3969611672312788, "PYF": 0.435087259483466,