{"data": {"2010": {"ATG": 0.640218257682611, "BHS": 0.491460512270825, "BRB": 0.507145114856448, "BLZ": 0.536861176327755, "CPV": 0.571447254645764, "COM": 0.701073540510602, "CUB": 0.407670817375119, "DMA": 0.540854211265614, "DOM": 0.427354515709273, "FJI": 0.509103025427964, "GRD": 0.553901769562131, "GNB": 0.686567845261422, "GUY": 0.53208491626479, "HTI": 0.608631040379155, "JAM": 0.468014802893919, "KIR": 0.582128140772876, "MDV": 0.526193175934549, "MHL": 0.372200173334113, "MUS": 0.538956017682512, "FSM": 0.593230125542998, "NRU": 0.411605203854086, "PLW": 0.447286248239792, "PNG": 0.669723557031457, "KNA": 0.627079476573076, "LCA": 0.56117115461557, "VCT": 0.537046742409351, "WSM": 0.573569327721737, "STP": 0.420395806865247, "SYC": 0.451082953110099, "SGP": 0.26627663298349, "SLB": 0.570422401080923, "SUR": 0.396162012188663, "TLS": 0.726988525837803, "TON": 0.595004378876445, "TTO": 0.446085820457344, "TUV": 0.402159754477768, "VUT": 0.601867533358844, "ABW": 0.5459697730697277, "AIA": 0.4320481650280913, "ASM": 0.4829766719180386, "COK": 0.4320481650280913, "CUW": 0.4301178881553169, "GUM": 0.3990026201683005, "MNP": 0.4410086313625075, "MSR": 0.4320481650280913, "NCL": 0.3717839695925716, "NIU": 0.4320481650280913, "PRI": 0.4004358553854393, "PYF": 0.5845514635592453, "SXM": 0.3756448740484051, "VGB": 0.5618479350981954, "VIR": 0.4012859834930768}, "2011": {"ATG": 0.649277182185433, "BHS": 0.485459670215034, "BRB": 0.465758031509567, "BLZ": 0.506991546729196, "CPV": 0.562778735737487, "COM": 0.707255753286656, "CUB": 0.402164378007971, "DMA": 0.54170991589257, "DOM": 0.432340305279162, "FJI": 0.511894507337593, "GRD": 0.553914702129569, "GNB": 0.686025522889735, "GUY": 0.538128891839691, "HTI": 0.599545041632483, "JAM": 0.459290775943689, "KIR": 0.597617436647581, "MDV": 0.527148045378931, "MHL": 0.370933859439147, "MUS": 0.517804735145936, "FSM": 0.596735580488423, "NRU": 0.411605203854086, "PLW": 0.440308963862849, "PNG": 0.667792548100003, "KNA": 0.64022677954618, "LCA": 0.565350453470315, "VCT": 0.546028858694616, "WSM": 0.579355694413386, "STP": 0.416707108186775, "SYC": 0.391797912327413, "SGP": 0.266853516734685, "SLB": 0.557530059106279, "SUR": 0.391316763741223, "TLS": 0.706476000527805, "TON": 0.596769916635279, "TTO": 0.431475908870618, "TUV": 0.399980616864473, "VUT": 0.605150697845575, "ABW": 0.4977710314147757, "AIA": 0.4313025312220107, "ASM": 0.5376933611475974, "COK": 0.4313025312220107, "CUW": 0.3410632410620133, "GUM": 0.3915154647592989, "MNP": 0.4093502053761749, "MSR": 0.4313025312220107, "NCL": 0.4404089664858466, "NIU": 0.4313025312220107, "PRI": 0.3610201701809651, "PYF": 0.5442730085722932, "SXM": 0.4121485075419638, "VGB": 0.5752520311496636, "VIR": 0.4168934787163147}, "2012": {"ATG": 0.689017987637066, "BHS": 0.485388194565953, "BRB": 0.436974401477632, "BLZ": 0.507018755383596, "CPV": 0.570036699383328, "COM": 0.708912478232189, "CUB": 0.402413329718585, "DMA": 0.547328751087676, "DOM": 0.435242696077519, "FJI": 0.51028724734129, "GRD": 0.553893147850506, "GNB": 0.685477811948283, "GUY": 0.53116925719601, "HTI": 0.590454732029999, "JAM": 0.447429394495123, "KIR": 0.549324034163329, "MDV": 0.486610112449741, "MHL": 0.36969448839301, "MUS": 0.497483307090109, "FSM": 0.602311432022896, "NRU": 0.411605203854086, "PLW": 0.435738623954528, "PNG": 0.666404341116723, "KNA": 0.646452691974075, "LCA": 0.557529839887428, "VCT": 0.546703464464355, "WSM": 0.580115034210991, "STP": 0.400555253453875, "SYC": 0.403145985710931, "SGP": 0.266682119921996, "SLB": 0.561938765900894, "SUR": 0.406711080680992, "TLS": 0.685959164361993, "TON": 0.593709763092235, "TTO": 0.384090777214044, "TUV": 0.397807945534898, "VUT": 0.603604958634802, "ABW": 0.5296522873612157, "AIA": 0.4219167094957076, "ASM": 0.4422227649856239, "COK": 0.4219167094957076, "CUW": 0.3519323969629302, "GUM": 0.3653488409825408, "MNP": 0.4194408110838138, "MSR": 0.4219167094957076, "NCL": 0.4170802532619256, "NIU": 0.4219167094957076, "PRI": 0.3711085815782565, "PYF": 0.4210146160925402, "SXM": 0.4570611266727546, "VGB": 0.5858326590511556, "VIR": 0.3696148875520943}, "2013": {"ATG": 0.682632901612416, "BHS": 0.486012284177184, "BRB": 0.429303175439177, "BLZ": 0.458234494141837, "CPV": 0.582570558518118, "COM": 0.693052253396632, "CUB": 0.400338594528527, "DMA": 0.540731981504428, "DOM": 0.431040967101562, "FJI": 0.496197797389572, "GRD": 0.553834951297035, "GNB": 0.684926508626986, "GUY": 0.528571716762724, "HTI": 0.586040864430868, "JAM": 0.456038920552729, "KIR": 0.557128819823234, "MDV": 0.493841305834241, "MHL": 0.368487448765468, "MUS": 0.519245411667677, "FSM": 0.594309467086309, "NRU": 0.411605203854086, "PLW": 0.424152057518291, "PNG": 0.666411525876411, "KNA": 0.636952980246115, "LCA": 0.547841542357652, "VCT": 0.54757831144945, "WSM": 0.58577931588991, "STP": 0.390740913795082, "SYC": 0.426836618350118, "SGP": 0.26693764989298, "SLB": 0.561277784774749, "SUR": 0.401788715461652, "TLS": 0.66543801734037, "TON": 0.595359656859579, "TTO": 0.383017550975835, "TUV": 0.395654673056479, "VUT": 0.602059219424029, "ABW": 0.4875918853609201, "AIA": 0.4161162731504508, "ASM": 0.4132399869065514, "COK": 0.4161162731504508, "CUW": 0.550887612039962, "GUM": 0.402261128711009, "MNP": 0.4926562680879232, "MSR": 0.4161162731504508, "NCL": 0.4439059814106858, "NIU": 0.4161162731504508, "PRI": 0.2876313901944777, "PYF": 0.473348200730009, "SXM": 0.4253574560965711, "VGB": 0.3940075353622876, "VIR": 0.2712195847250337}, "2014": {"ATG": 0.642643954058955, "BHS": 0.48566111859917, "BRB": 0.456802720202282, "BLZ": 0.480083924781148, "CPV": 0.569408008116207, "COM": 0.707366381429276, "CUB": 0.3991212124341, "DMA": 0.54820800718361, "DOM": 0.427351414240821, "FJI": 0.5024739833072, "GRD": 0.553744423324969, "GNB": 0.684369816735924, "GUY": 0.533540942720747, "HTI": 0.581624841403832, "JAM": 0.458055315135618, "KIR": 0.5619331839381, "MDV": 0.494194282770962, "MHL": 0.367307351986755, "MUS": 0.497030819158227, "FSM": 0.594190918551461, "NRU": 0.411605203854086, "PLW": 0.424138475403226, "PNG": 0.666393563977191, "KNA": 0.632056344896421, "LCA": 0.553269373908682, "VCT": 0.549713488559483, "WSM": 0.579299107552964, "STP": 0.384933673197778, "SYC": 0.411121618010903, "SGP": 0.267576352907991, "SLB": 0.575757755028904, "SUR": 0.395808364715508, "TLS": 0.677482680816183, "TON": 0.587952388091725, "TTO": 0.386972410806687, "TUV": 0.393559597131531, "VUT": 0.601879600431835, "ABW": 0.5168818745406693, "AIA": 0.4355765088118945, "ASM": 0.384295523035587, "COK": 0.4355765088118945, "CUW": 0.3792335425192051, "GUM": 0.3246244897744381, "MNP": 0.416793687981733, "MSR": 0.4355765088118945, "NCL": 0.4347052927257221, "NIU": 0.4355765088118945, "PRI": 0.3201005902176577, "PYF": 0.4530056951371399, "SXM": 0.4713863890946123, "VGB": 0.4495831416051726, "VIR": 0.3526872157601143}}, "upperIntervals": {"2010": {"ABW": 0.6398844677185616, "AIA": 0.5800322582006295, "ASM": 0.5900677170720435, "COK": 0.5800322582006295, "CUW": 0.4771431081348168, "GUM": 0.4870168530373053, "MNP": 0.5141208766293823, "MSR": 0.5800322582006295, "NCL": 0.4784354388816365, "NIU": 0.5800322582006295, "PRI": 0.4653068325247778, "PYF": 0.6359284122059414, "SXM": 0.487487829885506, "VGB": 0.6381309256294126, "VIR": 0.4995308360622948}, "2011": {"ABW": 0.6617285638481071, "AIA": 0.5844524594935053, "ASM": 0.5939735674004972, "COK": 0.5844524594935053, "CUW": 0.4659800013423538, "GUM": 0.4918428304763873, "MNP": 0.4918428304763873, "MSR": 0.5844524594935053, "NCL": 0.4918428304763873, "NIU": 0.5844524594935053, "PRI": 0.4569681933606764, "PYF": 0.6107274691927019, "SXM": 0.5091186116160736, "VGB": 0.6644329725443626, "VIR": 0.4805108476992533}, "2012": {"ABW": 0.60861017164649, "AIA": 0.5676710904783819, "ASM": 0.5835793136645238, "COK": 0.5676710904783819, "CUW": 0.4576495192224417, "GUM": 0.493321476968679, "MNP": 0.4969048151393578, "MSR": 0.5676710904783819, "NCL": 0.5090339780029347, "NIU": 0.5676710904783819,