{"data": {"2010": {"ATG": 0.698269055027264, "BHS": 0.651907838380486, "BRB": 0.722121849662501, "BLZ": 0.44393566961931, "CPV": 0.603375654000659, "COM": 0.305507806220595, "CUB": 0.369815203887313, "DMA": 0.648607912799258, "DOM": 0.352125909802057, "FJI": 0.34427545068086, "GRD": 0.531659037116147, "GNB": 0.249684715876374, "GUY": 0.417524312396737, "HTI": 0.242070226687546, "JAM": 0.421577080811017, "KIR": 0.521210013245645, "MDV": 0.444420939404051, "MHL": 0.459450780215859, "MUS": 0.678465883085256, "FSM": 0.490536798563151, "NRU": 0.601393406185821, "PLW": 0.658099971411874, "PNG": 0.332378368682056, "KNA": 0.647438941846205, "LCA": 0.67602243404526, "VCT": 0.682229519465021, "WSM": 0.640961196019252, "STP": 0.380495761435612, "SYC": 0.516550893967233, "SGP": 0.828832318150593, "SLB": 0.382779403177227, "SUR": 0.50013738382251, "TLS": 0.3268771586995173, "TON": 0.52401939966756, "TTO": 0.477256171251046, "TUV": 0.706111880376411, "VUT": 0.562039589582268, "ABW": 0.651611004766116, "AIA": 0.4955874555935949, "ASM": 0.6070209286293813, "COK": 0.4955874555935949, "CUW": 0.6391236025560267, "GUM": 0.7097666597159575, "MNP": 0.5949749719948493, "MSR": 0.4955874555935949, "NCL": 0.6997345673773987, "NIU": 0.4955874555935949, "PRI": 0.7225466180664104, "PYF": 0.6385694394638393, "SXM": 0.6509106302670122, "VGB": 0.663567274845737, "VIR": 0.7069063002595427}, "2011": {"ATG": 0.696358651045712, "BHS": 0.631286160326115, "BRB": 0.722271677029532, "BLZ": 0.415441547413685, "CPV": 0.610440336515348, "COM": 0.314015073221415, "CUB": 0.37515404695204, "DMA": 0.637479647359884, "DOM": 0.358965711196988, "FJI": 0.348953867411324, "GRD": 0.53731850590226, "GNB": 0.254593511443165, "GUY": 0.410372804479301, "HTI": 0.234751143466684, "JAM": 0.432317039377611, "KIR": 0.530050495417799, "MDV": 0.401927529777197, "MHL": 0.534511330677123, "MUS": 0.686983982105131, "FSM": 0.498418305630133, "NRU": 0.620517919451145, "PLW": 0.685687046254542, "PNG": 0.352658861481027, "KNA": 0.651611090082572, "LCA": 0.664542314745511, "VCT": 0.691494105677458, "WSM": 0.645295369316522, "STP": 0.38090833529936, "SYC": 0.508158885324893, "SGP": 0.837458807395635, "SLB": 0.407957112488137, "SUR": 0.502011242141709, "TLS": 0.4213790454829719, "TON": 0.507162837474005, "TTO": 0.480272555893802, "TUV": 0.603208936621156, "VUT": 0.564236505136828, "ABW": 0.6235346143838483, "AIA": 0.4934581030888205, "ASM": 0.6759799343553347, "COK": 0.4934581030888205, "CUW": 0.5880320928191034, "GUM": 0.6674915088107093, "MNP": 0.6354849387910444, "MSR": 0.4934581030888205, "NCL": 0.6386307496868784, "NIU": 0.4934581030888205, "PRI": 0.7352024967500649, "PYF": 0.6098499386852653, "SXM": 0.6330913513534907, "VGB": 0.645822677598505, "VIR": 0.7133901549762047}, "2012": {"ATG": 0.696764851760318, "BHS": 0.631783359338739, "BRB": 0.712456793900714, "BLZ": 0.420769762726957, "CPV": 0.613067276222976, "COM": 0.311503562216852, "CUB": 0.372258617910006, "DMA": 0.635167279757389, "DOM": 0.375735824423803, "FJI": 0.355477859423084, "GRD": 0.534987237710479, "GNB": 0.212215477993423, "GUY": 0.407864911929382, "HTI": 0.250466652251988, "JAM": 0.436831481750639, "KIR": 0.538165434392211, "MDV": 0.404319620106151, "MHL": 0.515999837977857, "MUS": 0.701351278035845, "FSM": 0.507381641997405, "NRU": 0.653847913690099, "PLW": 0.687416130641247, "PNG": 0.346655623454365, "KNA": 0.648992075957853, "LCA": 0.639914120297882, "VCT": 0.688454113536275, "WSM": 0.642809117459847, "STP": 0.363977282548034, "SYC": 0.507627752174715, "SGP": 0.849442428822547, "SLB": 0.404673283193847, "SUR": 0.499181040851279, "TLS": 0.3436841003687581, "TON": 0.503060188370679, "TTO": 0.482783112676856, "TUV": 0.600793075379694, "VUT": 0.566149675485315, "ABW": 0.6194534585419991, "AIA": 0.4793679900546169, "ASM": 0.6637274415957362, "COK": 0.4793679900546169, "CUW": 0.6743542954788179, "GUM": 0.6543565351625082, "MNP": 0.6331493210065015, "MSR": 0.4793679900546169, "NCL": 0.6028776428649807, "NIU": 0.4793679900546169, "PRI": 0.7155693610801949, "PYF": 0.6338622040524673, "SXM": 0.5183217139229713, "VGB": 0.6661710351005725, "VIR": 0.7137232501431781}, "2013": {"ATG": 0.67449138417936, "BHS": 0.635345109294372, "BRB": 0.715297537587923, "BLZ": 0.418959426524897, "CPV": 0.615382258450761, "COM": 0.326967460007789, "CUB": 0.373876709118688, "DMA": 0.637500249206473, "DOM": 0.406164063161316, "FJI": 0.349263023506929, "GRD": 0.536540719077048, "GNB": 0.199922046814586, "GUY": 0.406593877210566, "HTI": 0.256965793651064, "JAM": 0.441876879816367, "KIR": 0.545985717352563, "MDV": 0.364212225306183, "MHL": 0.536498429847479, "MUS": 0.696475422078727, "FSM": 0.52322219428879, "NRU": 0.632489529943132, "PLW": 0.687348839057347, "PNG": 0.324865779844909, "KNA": 0.652218301788735, "LCA": 0.647677911594196, "VCT": 0.682255093768634, "WSM": 0.644232909326709, "STP": 0.359994484541331, "SYC": 0.524465581387846, "SGP": 0.844416978947084, "SLB": 0.407503393293383, "SUR": 0.501578670479849, "TLS": 0.3239136345994519, "TON": 0.509357275280806, "TTO": 0.47742634367111, "TUV": 0.605439317044933, "VUT": 0.570993613170764, "ABW": 0.6811730648064673, "AIA": 0.4901430451256683, "ASM": 0.5805550834439789, "COK": 0.4901430451256683, "CUW": 0.6424616281844998, "GUM": 0.6871460996875125, "MNP": 0.5986195173520438, "MSR": 0.4901430451256683, "NCL": 0.579494902993173, "NIU": 0.4901430451256683, "PRI": 0.6733154537699821, "PYF": 0.6603743216951385, "SXM": 0.5999532580495522, "VGB": 0.6591498929371176, "VIR": 0.6777605053617484}, "2014": {"ATG": 0.475720630416039, "BHS": 0.640734190516446, "BRB": 0.72240817447656, "BLZ": 0.364498818586232, "CPV": 0.634737127207543, "COM": 0.335800212839836, "CUB": 0.38161109755293, "DMA": 0.606948311846172, "DOM": 0.430979991206455, "FJI": 0.410257760966567, "GRD": 0.477623928803193, "GNB": 0.250906282818508, "GUY": 0.389682060631013, "HTI": 0.278272842031856, "JAM": 0.455189915642383, "KIR": 0.486066631192582, "MDV": 0.406598487822126, "MHL": 0.46693274058533, "MUS": 0.68918456280407, "FSM": 0.455406748618672, "NRU": 0.312812112139597, "PLW": 0.564392192065891, "PNG": 0.353413986274991, "KNA": 0.52437236386825, "LCA": 0.62158078797616, "VCT": 0.618692455774197, "WSM": 0.65091131597219, "STP": 0.355152070108563, "SYC": 0.535172896532787, "SGP": 0.867770041651447, "SLB": 0.412060416706839, "SUR": 0.483559204080982, "TLS": 0.3542768324613312, "TON": 0.481853377019675, "TTO": 0.49264013767076, "TUV": 0.583591414747131, "VUT": 0.545401870941815, "ABW": 0.6254181552154429, "AIA": 0.4832182604751633, "ASM": 0.4713154525652047, "COK": 0.4832182604751633, "CUW": 0.6614056609482941, "GUM": 0.6211663349654493, "MNP": 0.5528590081764538, "MSR": 0.4832182604751633, "NCL": 0.632776735721448, "NIU": 0.4832182604751633, "PRI": 0.65937115566436, "PYF": 0.5332574372712858, "SXM": 0.5141850625776809, "VGB": 0.6311475363956253, "VIR": 0.6442677224714015}}, "upperIntervals": {"2010": {"TLS": 0.5270499721464786, "ABW": 0.6522350069984236, "AIA": 0.5270499721464786, "ASM": 0.6041724494957623, "COK": 0.5270499721464786, "CUW": 0.6411121183610818, "GUM": 0.7080124980390438, "MNP": 0.5947936190387462, "MSR": 0.5270499721464786, "NCL": 0.6982420344773677, "NIU": 0.5270499721464786, "PRI": 0.7196810254091159, "PYF": 0.6411148645474612, "SXM": 0.6514679581283223, "VGB": 0.6652671062679845, "VIR": 0.6967869991664413}, "2011": {"TLS": 0.5771477587337811, "ABW": 0.6378571544970585, "AIA": 0.5625892379422206, "ASM": 0.6768692014217806, "COK": 0.5625892379422206, "CUW": 0.57718797983559, "GUM": 0.664303209147461, "MNP": 0.637759879394766, "MSR": 0.5625892379422206, "NCL": 0.6412535541767423, "NIU": 0.5625892379422206, "PRI": 0.7203927146328759, "PYF": 0.6077516118585282, "SXM": 0.6381583995911011, "VGB": 0.6471006437248217, "VIR": 0.7208405736020527}, "2012": {"TLS": 0.5222665610333785, "ABW": 0.6157433551491653, "AIA": 0.5222665610333785, "ASM": 0.6655063093590045, "COK": 0.5222665610333785, "CUW": 0.6762912887126004, "GUM": 0.6540442926054036, "MNP": 0.63520936045682,