{"data": {"2010": {"ATG": 0.303030303030303, "BHS": 0.303030303030303, "BRB": 0.303030303030303, "BLZ": 0.303030303030303, "CPV": 0.333333333333334, "COM": 0.333333333333334, "CUB": 0.030303030303031, "DMA": 0.303030303030303, "DOM": 0.303030303030303, "FJI": 0.0909090909090916, "GRD": 0.303030303030303, "GNB": 0.333333333333334, "GUY": 0.303030303030303, "HTI": 0.363636363636364, "JAM": 0.303030303030303, "KIR": 0.0909090909090916, "MDV": 1.0, "MHL": 0.0909090909090916, "MUS": 0.333333333333334, "FSM": 0.0909090909090916, "NRU": 0.0909090909090916, "PLW": 0.0909090909090916, "PNG": 0.0909090909090916, "KNA": 0.303030303030303, "LCA": 0.303030303030303, "VCT": 0.303030303030303, "WSM": 0.0909090909090916, "STP": 0.333333333333334, "SYC": 0.333333333333334, "SGP": 0.0, "SLB": 0.0909090909090916, "SUR": 0.303030303030303, "TLS": 1.0, "TON": 0.0909090909090916, "TTO": 0.303030303030303, "TUV": 0.0909090909090916, "VUT": 0.0909090909090916, "ABW": 0.3030699584376496, "AIA": 0.2888115888564741, "ASM": 0.2022185768913882, "COK": 0.2888115888564741, "CUW": 0.2197206821529349, "GUM": 0.2098302978683895, "MNP": 0.3017212164521057, "MSR": 0.2888115888564741, "NCL": 0.2498670716184219, "NIU": 0.2888115888564741, "PRI": 0.0846731929778395, "PYF": 0.3310404717748285, "SXM": 0.1012965867820692, "VGB": 0.293139185717115, "VIR": 0.2210873296862026}, "2011": {"ATG": 0.303030303030303, "BHS": 0.303030303030303, "BRB": 0.303030303030303, "BLZ": 0.303030303030303, "CPV": 0.333333333333334, "COM": 0.333333333333334, "CUB": 0.030303030303031, "DMA": 0.303030303030303, "DOM": 0.303030303030303, "FJI": 0.0909090909090916, "GRD": 0.303030303030303, "GNB": 0.333333333333334, "GUY": 0.303030303030303, "HTI": 0.363636363636364, "JAM": 0.303030303030303, "KIR": 0.0909090909090916, "MDV": 1.0, "MHL": 0.0909090909090916, "MUS": 0.333333333333334, "FSM": 0.0909090909090916, "NRU": 0.0909090909090916, "PLW": 0.0909090909090916, "PNG": 0.0909090909090916, "KNA": 0.303030303030303, "LCA": 0.303030303030303, "VCT": 0.303030303030303, "WSM": 0.0909090909090916, "STP": 0.333333333333334, "SYC": 0.333333333333334, "SGP": 0.0, "SLB": 0.0909090909090916, "SUR": 0.303030303030303, "TLS": 1.0, "TON": 0.0909090909090916, "TTO": 0.303030303030303, "TUV": 0.0909090909090916, "VUT": 0.0909090909090916, "ABW": 0.2602677243493915, "AIA": 0.2413553932451657, "ASM": 0.158402211274393, "COK": 0.2413553932451657, "CUW": 0.2419039390486885, "GUM": 0.189169896288428, "MNP": 0.1747193461678202, "MSR": 0.2413553932451657, "NCL": 0.2566953210077558, "NIU": 0.2413553932451657, "PRI": 0.1669555955923373, "PYF": 0.2986795243222819, "SXM": 0.2595045517378837, "VGB": 0.3030305922616759, "VIR": 0.2591473677307864}, "2012": {"ATG": 0.303030303030303, "BHS": 0.303030303030303, "BRB": 0.303030303030303, "BLZ": 0.303030303030303, "CPV": 0.333333333333334, "COM": 0.333333333333334, "CUB": 0.030303030303031, "DMA": 0.303030303030303, "DOM": 0.303030303030303, "FJI": 0.0909090909090916, "GRD": 0.303030303030303, "GNB": 0.333333333333334, "GUY": 0.303030303030303, "HTI": 0.363636363636364, "JAM": 0.303030303030303, "KIR": 0.0909090909090916, "MDV": 1.0, "MHL": 0.0909090909090916, "MUS": 0.333333333333334, "FSM": 0.0909090909090916, "NRU": 0.0909090909090916, "PLW": 0.0909090909090916, "PNG": 0.0909090909090916, "KNA": 0.303030303030303, "LCA": 0.303030303030303, "VCT": 0.303030303030303, "WSM": 0.0909090909090916, "STP": 0.333333333333334, "SYC": 0.333333333333334, "SGP": 0.0, "SLB": 0.0909090909090916, "SUR": 0.303030303030303, "TLS": 1.0, "TON": 0.0909090909090916, "TTO": 0.303030303030303, "TUV": 0.0909090909090916, "VUT": 0.0909090909090916, "ABW": 0.3037873737668326, "AIA": 0.1557127483118628, "ASM": 0.119104888338636, "COK": 0.1557127483118628, "CUW": 0.0837889168306038, "GUM": 0.0647291836891786, "MNP": 0.0883329251675197, "MSR": 0.1557127483118628, "NCL": 0.2271153950361737, "NIU": 0.1557127483118628, "PRI": 0.0788041924289423, "PYF": 0.2988405381419435, "SXM": 0.2489602567492287, "VGB": 0.3034085769388217, "VIR": 0.0639500403377556}, "2013": {"ATG": 0.303030303030303, "BHS": 0.303030303030303, "BRB": 0.303030303030303, "BLZ": 0.303030303030303, "CPV": 0.333333333333334, "COM": 0.333333333333334, "CUB": 0.030303030303031, "DMA": 0.303030303030303, "DOM": 0.303030303030303, "FJI": 0.0909090909090916, "GRD": 0.303030303030303, "GNB": 0.333333333333334, "GUY": 0.303030303030303, "HTI": 0.363636363636364, "JAM": 0.303030303030303, "KIR": 0.0909090909090916, "MDV": 1.0, "MHL": 0.0909090909090916, "MUS": 0.333333333333334, "FSM": 0.0909090909090916, "NRU": 0.0909090909090916, "PLW": 0.0909090909090916, "PNG": 0.0909090909090916, "KNA": 0.303030303030303, "LCA": 0.303030303030303, "VCT": 0.303030303030303, "WSM": 0.0909090909090916, "STP": 0.333333333333334, "SYC": 0.333333333333334, "SGP": 0.0, "SLB": 0.0909090909090916, "SUR": 0.303030303030303, "TLS": 1.0, "TON": 0.0909090909090916, "TTO": 0.303030303030303, "TUV": 0.0909090909090916, "VUT": 0.0909090909090916, "ABW": 0.3033432463978342, "AIA": 0.2045878061460791, "ASM": 0.2257936684259185, "COK": 0.2045878061460791, "CUW": 0.2993209842388031, "GUM": 0.1965192207746515, "MNP": 0.2709370384577652, "MSR": 0.2045878061460791, "NCL": 0.3020848185915495, "NIU": 0.2045878061460791, "PRI": 0.20397020085969, "PYF": 0.2884543578162712, "SXM": 0.2862814761542059, "VGB": 0.302959539166741, "VIR": 0.2023575285874756}, "2014": {"ATG": 0.303030303030303, "BHS": 0.303030303030303, "BRB": 0.303030303030303, "BLZ": 0.303030303030303, "CPV": 0.333333333333334, "COM": 0.333333333333334, "CUB": 0.030303030303031, "DMA": 0.303030303030303, "DOM": 0.303030303030303, "FJI": 0.0909090909090916, "GRD": 0.303030303030303, "GNB": 0.333333333333334, "GUY": 0.303030303030303, "HTI": 0.363636363636364, "JAM": 0.303030303030303, "KIR": 0.0909090909090916, "MDV": 1.0, "MHL": 0.0909090909090916, "MUS": 0.333333333333334, "FSM": 0.0909090909090916, "NRU": 0.0909090909090916, "PLW": 0.0909090909090916, "PNG": 0.0909090909090916, "KNA": 0.303030303030303, "LCA": 0.303030303030303, "VCT": 0.303030303030303, "WSM": 0.0909090909090916, "STP": 0.333333333333334, "SYC": 0.333333333333334, "SGP": 0.0, "SLB": 0.0909090909090916, "SUR": 0.303030303030303, "TLS": 1.0, "TON": 0.0909090909090916, "TTO": 0.303030303030303, "TUV": 0.0909090909090916, "VUT": 0.0909090909090916, "ABW": 0.3033853655416874, "AIA": 0.1873314567382137, "ASM": 0.1248727364625177, "COK": 0.1873314567382137, "CUW": 0.3303099286258131, "GUM": 0.2411435097711653, "MNP": 0.2516668065760954, "MSR": 0.1873314567382137, "NCL": 0.2870931686106489, "NIU": 0.1873314567382137, "PRI": 0.0590661166867053, "PYF": 0.3040742703967822, "SXM": 0.3001088292379508, "VGB": 0.3269252575752879, "VIR": 0.0414113830643693}}, "upperIntervals": {"2010": {"ABW": 0.3529423960688591, "AIA": 0.3544044197352901, "ASM": 0.4272807761814814, "COK": 0.3544044197352901, "CUW": 0.3636444125451178, "GUM": 0.3636444125451178, "MNP": 0.3606141095148148, "MSR": 0.3544044197352901, "NCL": 0.3544044197352901, "NIU": 0.3544044197352901, "PRI": 0.3636444125451178, "PYF": 0.3529423960688591, "SXM": 0.3636444125451178, "VGB": 0.3921010546106852, "VIR": 0.3636444125451178}, "2011": {"ABW": 0.3636444125451178, "AIA": 0.3636444125451178, "ASM": 0.3363716852723906, "COK": 0.3636444125451178, "CUW": 0.3636444125451178, "GUM": 0.3636444125451178, "MNP": 0.3363716852723906, "MSR": 0.3636444125451178, "NCL": 0.3636444125451178, "NIU": 0.3636444125451178, "PRI": 0.3636444125451178, "PYF": 0.3636444125451178, "SXM": 0.3636444125451178, "VGB": 0.666665772343472, "VIR": 0.3636444125451178}, "2012": {"ABW": 0.3636444125451178, "AIA": 0.3636444125451178, "ASM": 0.4272807761814814, "COK": 0.3636444125451178, "CUW": 0.3636444125451178, "GUM": 0.3636444125451178, "MNP": 0.3363716852723906, "MSR": 0.3636444125451178, "NCL": 0.3636444125451178, "NIU": 0.3636444125451178, "PRI": 0.3636444125451178, "PYF": 0.3636444125451178, "SXM": 0.3636444125451178, "VGB": 0.3493751547265658,