{"data": {"2010": {"ATG": 0.467525600878719, "BHS": 0.496750285970286, "BRB": 0.358123489133129, "BLZ": 0.405602516083697, "CPV": 0.487429815046017, "COM": 0.358067773252284, "CUB": 0.61600160097878, "DMA": 0.356311017417467, "DOM": 0.460751004591443, "FJI": 0.804814761752071, "GRD": 0.238105796498314, "GNB": 0.370784638790533, "GUY": 0.337587070277056, "HTI": 0.407322886037145, "JAM": 0.521046958254023, "KIR": 1.0, "MDV": 0.672243940045164, "MHL": 0.869452005885416, "MUS": 1.0, "FSM": 0.879682123843895, "NRU": 1.0, "PLW": 0.304927330572555, "PNG": 0.807339032272003, "KNA": 0.290888065658323, "LCA": 0.317424743763801, "VCT": 0.294279912037132, "WSM": 0.753868842542373, "STP": 0.376235698643034, "SYC": 0.677102592266636, "SGP": 0.183388253273024, "SLB": 0.592205234563858, "SUR": 0.347132678842292, "TLS": 0.249749278536196, "TON": 0.885537976626619, "TTO": 0.317475911409475, "TUV": 1.0, "VUT": 0.461345686340058, "ABW": 0.3484975963357832, "AIA": 0.8591627437478859, "ASM": 0.1746454056598137, "COK": 0.8591627437478859, "CUW": 0.3933493399828845, "GUM": 0.3243493817072763, "MNP": 0.508975503730166, "MSR": 0.8591627437478859, "NCL": 0.51012405321371, "NIU": 0.8591627437478859, "PRI": 0.6466627745022436, "PYF": 0.4584844392290353, "SXM": 0.3458016798168024, "VGB": 0.3758091943855, "VIR": 0.2090992802396835}, "2011": {"ATG": 0.467525600878719, "BHS": 0.496750285970286, "BRB": 0.358123489133129, "BLZ": 0.405602516083697, "CPV": 0.487429815046017, "COM": 0.358067773252284, "CUB": 0.61600160097878, "DMA": 0.356311017417467, "DOM": 0.460751004591443, "FJI": 0.804814761752071, "GRD": 0.238105796498314, "GNB": 0.370784638790533, "GUY": 0.337587070277056, "HTI": 0.407322886037145, "JAM": 0.521046958254023, "KIR": 1.0, "MDV": 0.672243940045164, "MHL": 0.869452005885416, "MUS": 1.0, "FSM": 0.879682123843895, "NRU": 1.0, "PLW": 0.304927330572555, "PNG": 0.807339032272003, "KNA": 0.290888065658323, "LCA": 0.317424743763801, "VCT": 0.294279912037132, "WSM": 0.753868842542373, "STP": 0.376235698643034, "SYC": 0.677102592266636, "SGP": 0.183388253273024, "SLB": 0.592205234563858, "SUR": 0.347132678842292, "TLS": 0.249749278536196, "TON": 0.885537976626619, "TTO": 0.317475911409475, "TUV": 1.0, "VUT": 0.461345686340058, "ABW": 0.5949503158876082, "AIA": 0.8611475880690795, "ASM": 0.2532187971370922, "COK": 0.8611475880690795, "CUW": 0.9999708787654468, "GUM": 0.4563552264678169, "MNP": 0.5371515073042084, "MSR": 0.8611475880690795, "NCL": 0.4761483782609302, "NIU": 0.8611475880690795, "PRI": 0.5083642102127368, "PYF": 0.3175526663062591, "SXM": 0.3648871872923723, "VGB": 0.3270504514659331, "VIR": 0.4273539734290273}, "2012": {"ATG": 0.467525600878719, "BHS": 0.496750285970286, "BRB": 0.358123489133129, "BLZ": 0.405602516083697, "CPV": 0.487429815046017, "COM": 0.358067773252284, "CUB": 0.61600160097878, "DMA": 0.356311017417467, "DOM": 0.460751004591443, "FJI": 0.804814761752071, "GRD": 0.238105796498314, "GNB": 0.370784638790533, "GUY": 0.337587070277056, "HTI": 0.407322886037145, "JAM": 0.521046958254023, "KIR": 1.0, "MDV": 0.672243940045164, "MHL": 0.869452005885416, "MUS": 1.0, "FSM": 0.879682123843895, "NRU": 1.0, "PLW": 0.304927330572555, "PNG": 0.807339032272003, "KNA": 0.290888065658323, "LCA": 0.317424743763801, "VCT": 0.294279912037132, "WSM": 0.753868842542373, "STP": 0.376235698643034, "SYC": 0.677102592266636, "SGP": 0.183388253273024, "SLB": 0.592205234563858, "SUR": 0.347132678842292, "TLS": 0.249749278536196, "TON": 0.885537976626619, "TTO": 0.317475911409475, "TUV": 1.0, "VUT": 0.461345686340058, "ABW": 0.4284649731913458, "AIA": 0.8582778859635357, "ASM": 0.2544911626195839, "COK": 0.8582778859635357, "CUW": 0.997702298884857, "GUM": 0.7259659716350005, "MNP": 0.5337688729299133, "MSR": 0.8582778859635357, "NCL": 0.3638535131868121, "NIU": 0.8582778859635357, "PRI": 0.6206783001608064, "PYF": 0.3575509164467669, "SXM": 0.4559670766824786, "VGB": 0.350630911872832, "VIR": 0.3899887731869578}, "2013": {"ATG": 0.467525600878719, "BHS": 0.496750285970286, "BRB": 0.358123489133129, "BLZ": 0.405602516083697, "CPV": 0.487429815046017, "COM": 0.358067773252284, "CUB": 0.61600160097878, "DMA": 0.356311017417467, "DOM": 0.460751004591443, "FJI": 0.804814761752071, "GRD": 0.238105796498314, "GNB": 0.370784638790533, "GUY": 0.337587070277056, "HTI": 0.407322886037145, "JAM": 0.521046958254023, "KIR": 1.0, "MDV": 0.672243940045164, "MHL": 0.869452005885416, "MUS": 1.0, "FSM": 0.879682123843895, "NRU": 1.0, "PLW": 0.304927330572555, "PNG": 0.807339032272003, "KNA": 0.290888065658323, "LCA": 0.317424743763801, "VCT": 0.294279912037132, "WSM": 0.753868842542373, "STP": 0.376235698643034, "SYC": 0.677102592266636, "SGP": 0.183388253273024, "SLB": 0.592205234563858, "SUR": 0.347132678842292, "TLS": 0.249749278536196, "TON": 0.885537976626619, "TTO": 0.317475911409475, "TUV": 1.0, "VUT": 0.461345686340058, "ABW": 0.3592330332936663, "AIA": 0.8586103590148507, "ASM": 0.5389801132057969, "COK": 0.8586103590148507, "CUW": 0.5108157755119404, "GUM": 0.3649811540832861, "MNP": 0.4560990247156141, "MSR": 0.8586103590148507, "NCL": 0.4300527560527409, "NIU": 0.8586103590148507, "PRI": 0.4760971851469882, "PYF": 0.3649811540832861, "SXM": 0.623027546540238, "VGB": 0.348395612233973, "VIR": 0.3637823780860703}, "2014": {"ATG": 0.467525600878719, "BHS": 0.496750285970286, "BRB": 0.358123489133129, "BLZ": 0.405602516083697, "CPV": 0.487429815046017, "COM": 0.358067773252284, "CUB": 0.61600160097878, "DMA": 0.356311017417467, "DOM": 0.460751004591443, "FJI": 0.804814761752071, "GRD": 0.238105796498314, "GNB": 0.370784638790533, "GUY": 0.337587070277056, "HTI": 0.407322886037145, "JAM": 0.521046958254023, "KIR": 1.0, "MDV": 0.672243940045164, "MHL": 0.869452005885416, "MUS": 1.0, "FSM": 0.879682123843895, "NRU": 1.0, "PLW": 0.304927330572555, "PNG": 0.807339032272003, "KNA": 0.290888065658323, "LCA": 0.317424743763801, "VCT": 0.294279912037132, "WSM": 0.753868842542373, "STP": 0.376235698643034, "SYC": 0.677102592266636, "SGP": 0.183388253273024, "SLB": 0.592205234563858, "SUR": 0.347132678842292, "TLS": 0.249749278536196, "TON": 0.885537976626619, "TTO": 0.317475911409475, "TUV": 1.0, "VUT": 0.461345686340058, "ABW": 0.348395612233973, "AIA": 0.8586103590148507, "ASM": 0.6462890548854706, "COK": 0.8586103590148507, "CUW": 0.2552143202193211, "GUM": 0.4575028093510906, "MNP": 0.3340582991025301, "MSR": 0.8586103590148507, "NCL": 0.4575251345457229, "NIU": 0.8586103590148507, "PRI": 0.3916026970425897, "PYF": 0.376269959399107, "SXM": 0.3463745393074344, "VGB": 0.2824277927145901, "VIR": 0.456304033353875}}, "upperIntervals": {"2010": {"ABW": 1.0, "AIA": 1.0, "ASM": 1.0, "COK": 1.0, "CUW": 1.0, "GUM": 1.0, "MNP": 1.0, "MSR": 1.0, "NCL": 1.0, "NIU": 1.0, "PRI": 1.0, "PYF": 1.0, "SXM": 1.0, "VGB": 1.0, "VIR": 1.0}, "2011": {"ABW": 1.0, "AIA": 1.0, "ASM": 1.0, "COK": 1.0, "CUW": 1.0, "GUM": 1.0, "MNP": 1.0, "MSR": 1.0, "NCL": 1.0, "NIU": 1.0, "PRI": 1.0, "PYF": 1.0, "SXM": 1.0, "VGB": 1.0, "VIR": 1.0}, "2012": {"ABW": 1.0, "AIA": 1.0, "ASM": 1.0, "COK": 1.0, "CUW": 1.0, "GUM": 1.0, "MNP": 1.0, "MSR": 1.0, "NCL": 1.0, "NIU": 1.0, "PRI": 1.0, "PYF": 1.0, "SXM": 1.0, "VGB": 1.0, "VIR": 1.0}, "2013": {"ABW": 1.0, "AIA": 1.0, "ASM": 1.0, "COK": 1.0, "CUW": 1.0, "GUM": 1.0, "MNP": 1.0, "MSR": 1.0, "NCL": 1.0, "NIU": 1.0, "PRI": 1.0, "PYF": 1.0, "SXM": 1.0, "VGB": 1.0, "VIR": 1.0}, "2014": {"ABW": 1.0, "AIA": 1.0, "ASM": 1.0, "COK": 1.0, "CUW": 1.0, "GUM": 1.0, "MNP": 1.0, "MSR": 1.0, "NCL": 1.0, "NIU": 1.0, "PRI": 1.0, "PYF": 1.0, "SXM": 1.0, "VGB": 1.0, "VIR": 1.0}}, "lowerIntervals": {"2010": {"ABW": 0.3444338713206444, "AIA": 0.447971778542199, "ASM": 0.1972265573769032, "COK": 0.447971778542199, "CUW": 0.3840141580180334, "GUM": 0.2950170865837462, "MNP": 0.4263560210628355, "MSR": 0.447971778542199, "NCL": 0.4204023348519833, "NIU": 0.447971778542199, "PRI": 0.430565472750094, "PYF": 0.4090433930741782, "SXM": 0.3417809931054222, "VGB": 0.3795435522405991, "VIR": 0.1969415256892225},