{"data": {"2010": {"ATG": 0.269731577029078, "BHS": 0.192121825088406, "BRB": 0.358975565145254, "BLZ": 0.187693964476069, "CPV": 0.233180478464013, "COM": 0.152606553499521, "CUB": 0.31054790498934, "DMA": 0.2598039603430697, "DOM": 0.258421978933839, "FJI": 0.301854799020646, "GRD": 0.448273830927369, "GNB": 0.266678351439138, "GUY": 0.194923282608377, "HTI": 0.142609947842188, "JAM": 0.240286153407086, "KIR": 0.2912461451467679, "MDV": 0.303594675736428, "MHL": 0.156480325146993, "MUS": 0.29747941573098, "FSM": 0.164245583213004, "NRU": 0.3642501411437314, "PLW": 0.362600581112528, "PNG": 0.140845432024374, "KNA": 0.437834066408324, "LCA": 0.252336911572568, "VCT": 0.289036138079229, "WSM": 0.120213358526137, "STP": 0.29634467909959, "SYC": 0.235901758160372, "SGP": 0.660650684389817, "SLB": 0.1733029864438927, "SUR": 0.229170094714416, "TLS": 0.34684509506366, "TON": 0.18382725403574, "TTO": 0.179631935873325, "TUV": 0.1952173034258835, "VUT": 0.153357562030267, "ABW": 0.292174782692912, "AIA": 0.2419240217801429, "ASM": 0.3660127397993389, "COK": 0.2419240217801429, "CUW": 0.3672278675344357, "GUM": 0.3152235870661646, "MNP": 0.2476693172598745, "MSR": 0.2419240217801429, "NCL": 0.2404633114487172, "NIU": 0.2419240217801429, "PRI": 0.3586010952802132, "PYF": 0.2237037451908576, "SXM": 0.3274949208564648, "VGB": 0.3265859901594708, "VIR": 0.3212658305567684}, "2011": {"ATG": 0.267447409338271, "BHS": 0.20701764521443, "BRB": 0.355542166402997, "BLZ": 0.189284398347716, "CPV": 0.240331578833602, "COM": 0.160852609961679, "CUB": 0.279492961996052, "DMA": 0.279900713717627, "DOM": 0.267774792731515, "FJI": 0.308477819272985, "GRD": 0.470224156365865, "GNB": 0.267814503472376, "GUY": 0.196256371799125, "HTI": 0.143669423746998, "JAM": 0.24777283609804, "KIR": 0.2463619398553939, "MDV": 0.310465063601022, "MHL": 0.161580033640083, "MUS": 0.305303073103711, "FSM": 0.166966832989624, "NRU": 0.3212607782068647, "PLW": 0.371136324288777, "PNG": 0.143101850212051, "KNA": 0.466865599047124, "LCA": 0.259978441899704, "VCT": 0.294821461221773, "WSM": 0.125637157322271, "STP": 0.303388806997007, "SYC": 0.244323485075503, "SGP": 0.703206539893413, "SLB": 0.2199719017526079, "SUR": 0.231388162521653, "TLS": 0.352357083359573, "TON": 0.195456664238092, "TTO": 0.186274165567558, "TUV": 0.2039403513457295, "VUT": 0.152225566975066, "ABW": 0.2282748810697748, "AIA": 0.2687523918390584, "ASM": 0.420632606956247, "COK": 0.2687523918390584, "CUW": 0.2887577157676718, "GUM": 0.4031973469955968, "MNP": 0.2712674364216562, "MSR": 0.2687523918390584, "NCL": 0.240494481611881, "NIU": 0.2687523918390584, "PRI": 0.3561028864240493, "PYF": 0.3012014763281008, "SXM": 0.2251449892376852, "VGB": 0.3183625906408235, "VIR": 0.3581126639164829}, "2012": {"ATG": 0.304669562013144, "BHS": 0.236488082931974, "BRB": 0.363954836442875, "BLZ": 0.190678380054535, "CPV": 0.241139070244071, "COM": 0.166360510882412, "CUB": 0.241967685589262, "DMA": 0.2575629181378892, "DOM": 0.278101881485683, "FJI": 0.309580513912239, "GRD": 0.492969013025852, "GNB": 0.273158860880013, "GUY": 0.197879919348346, "HTI": 0.151484728396874, "JAM": 0.251921559965697, "KIR": 0.2827042508404551, "MDV": 0.314968297634476, "MHL": 0.166263075466507, "MUS": 0.315028449584652, "FSM": 0.171278125501948, "NRU": 0.3304198362749823, "PLW": 0.382485753369631, "PNG": 0.145077717447496, "KNA": 0.507079817591625, "LCA": 0.251638445668166, "VCT": 0.297579591438878, "WSM": 0.129329697785073, "STP": 0.309138187385715, "SYC": 0.24304998418241, "SGP": 0.703010125221344, "SLB": 0.1859121836028574, "SUR": 0.235245037952136, "TLS": 0.354716034808093, "TON": 0.20310916197334, "TTO": 0.192799028617054, "TUV": 0.2206593512306247, "VUT": 0.154868886793002, "ABW": 0.32301745450935, "AIA": 0.2739187479496741, "ASM": 0.4100949279644829, "COK": 0.2739187479496741, "CUW": 0.2696909993991859, "GUM": 0.3565843625302102, "MNP": 0.2854954124335898, "MSR": 0.2739187479496741, "NCL": 0.2516371609658446, "NIU": 0.2739187479496741, "PRI": 0.4031340680403025, "PYF": 0.2508749043042555, "SXM": 0.2354279849635046, "VGB": 0.2787798545808311, "VIR": 0.4002770900874054}, "2013": {"ATG": 0.312630617176887, "BHS": 0.225869349364577, "BRB": 0.367747715646494, "BLZ": 0.191612302247468, "CPV": 0.246885260742069, "COM": 0.169886889548769, "CUB": 0.213202743535169, "DMA": 0.2851009151227832, "DOM": 0.280602363837933, "FJI": 0.309453888965236, "GRD": 0.518934366602506, "GNB": 0.272182679700954, "GUY": 0.199198667274224, "HTI": 0.152318757815224, "JAM": 0.250583247615449, "KIR": 0.2925011880043463, "MDV": 0.320329465811059, "MHL": 0.169100466708537, "MUS": 0.320257619682939, "FSM": 0.17379651225324, "NRU": 0.3549223460933953, "PLW": 0.398207229908379, "PNG": 0.146979467769127, "KNA": 0.545294895735907, "LCA": 0.257927562615444, "VCT": 0.303596505558395, "WSM": 0.132004151890275, "STP": 0.311907424325535, "SYC": 0.253055863845268, "SGP": 0.723526393633126, "SLB": 0.2206613436345413, "SUR": 0.239215794318583, "TLS": 0.358665429829143, "TON": 0.208990945583917, "TTO": 0.198566690459059, "TUV": 0.1983922145290145, "VUT": 0.150597445472316, "ABW": 0.2530079063561519, "AIA": 0.2847982321879695, "ASM": 0.2260206742781678, "COK": 0.2847982321879695, "CUW": 0.3271012918452776, "GUM": 0.3663296372727502, "MNP": 0.2331809319255107, "MSR": 0.2847982321879695, "NCL": 0.3100127516190144, "NIU": 0.2847982321879695, "PRI": 0.3329294604970089, "PYF": 0.2527321137659022, "SXM": 0.2289014147037013, "VGB": 0.3390206436282236, "VIR": 0.428014503485448}, "2014": {"ATG": 0.302227671272647, "BHS": 0.230051519428886, "BRB": 0.362538703918447, "BLZ": 0.193758277002546, "CPV": 0.249454785229054, "COM": 0.172283852948326, "CUB": 0.19629516751878, "DMA": 0.2739338373200347, "DOM": 0.284764406240448, "FJI": 0.3118021604099, "GRD": 0.558259808539905, "GNB": 0.273524245456958, "GUY": 0.201022051916548, "HTI": 0.152978784230591, "JAM": 0.257302173698324, "KIR": 0.2951663775268365, "MDV": 0.324813081049922, "MHL": 0.173221743851956, "MUS": 0.324313614966869, "FSM": 0.173579921615238, "NRU": 0.4042385978443786, "PLW": 0.389422446594235, "PNG": 0.148984278209422, "KNA": 0.590031406595101, "LCA": 0.267117152898936, "VCT": 0.311520392785369, "WSM": 0.140273302592965, "STP": 0.314810408195033, "SYC": 0.260139018781828, "SGP": 0.731102944034635, "SLB": 0.2071951287535278, "SUR": 0.243606343525016, "TLS": 0.36556453747275, "TON": 0.203054087629552, "TTO": 0.204112207027673, "TUV": 0.1838344005036479, "VUT": 0.168962617194346, "ABW": 0.3179605562258211, "AIA": 0.3136148517842043, "ASM": 0.194943665734022, "COK": 0.3136148517842043, "CUW": 0.2876518938885006, "GUM": 0.2901227969228897, "MNP": 0.3169354769120719, "MSR": 0.3136148517842043, "NCL": 0.28639083384963, "NIU": 0.3136148517842043, "PRI": 0.391914126260844, "PYF": 0.2173380516704214, "SXM": 0.3128465392770207, "VGB": 0.2764314668908588, "VIR": 0.3859999688495759}}, "upperIntervals": {"2010": {"DMA": 0.2789299411825362, "KIR": 0.3026532752241142, "NRU": 0.4989919906135014, "SLB": 0.3223825295524857, "TUV": 0.2582832941543694, "ABW": 0.3386314341510801, "AIA": 0.3327067899145803, "ASM": 0.3729702549195792, "COK": 0.3327067899145803, "CUW": 0.4699923210641019, "GUM": 0.4660349747146939, "MNP": 0.3773758875117724, "MSR": 0.3327067899145803, "NCL": 0.3777216718702824, "NIU": 0.3327067899145803, "PRI": 0.3623040981142047, "PYF": 0.3260861225921924, "SXM": 0.5416676276017927, "VGB": 0.3481231522105189, "VIR": 0.3399878832292753}, "2011": {"DMA": 0.391631451887309, "KIR": 0.4406994379234319, "NRU": 0.3922289315090687, "SLB": 0.4386691790042718, "TUV": 0.4112486822906417, "ABW": 0.4310747341919368, "AIA": 0.3814840055643257, "ASM": 0.4334960461326331, "COK": 0.3814840055643257, "CUW": 0.4311457757824649, "GUM": 0.5431177503113398, "MNP": 0.4591950771666908, "MSR": 0.3814840055643257, "NCL": 0.4872137475711306, "NIU": 0.3814840055643257, "PRI": 0.439137678817062, "PYF": 0.4192948287281865, "SXM": 0.4180030887060266, "VGB": 0.4148634787695407,