{"data": {"2010": {"ATG": 0.345653811234635, "BHS": 0.346699494207014, "BRB": 0.380665086702656, "BLZ": 0.279144451842558, "CPV": 0.382034416875611, "COM": 0.322428853655037, "CUB": 0.300342729736326, "DMA": 0.337359539105986, "DOM": 0.518281730175789, "FJI": 0.218521420396393, "GRD": 0.383956915811687, "GNB": 0.33105583389464, "GUY": 0.369515380080781, "HTI": 0.517534257876834, "JAM": 0.406364700054646, "KIR": 0.109857435093541, "MDV": 0.474758857314601, "MHL": 0.332503881111158, "MUS": 0.214380730244754, "FSM": 0.381682710764581, "NRU": 0.117440825540616, "PLW": 0.435598275250468, "PNG": 0.372231009145954, "KNA": 0.369040680943346, "LCA": 0.341752267077824, "VCT": 0.384383917706356, "WSM": 0.339073017746297, "STP": 0.44614998197483, "SYC": 0.398621712078844, "SGP": 0.638524414170419, "SLB": 0.567064086198493, "SUR": 0.352486876026867, "TLS": 0.409957933866478, "TON": 0.19426245885444, "TTO": 0.395652909286924, "TUV": 0.559986593716793, "VUT": 0.260592493955128, "ABW": 0.3707716797270025, "AIA": 0.2223608411058982, "ASM": 0.1148117902044459, "COK": 0.2223608411058982, "CUW": 0.1658987426592216, "GUM": 0.3182793911473074, "MNP": 0.3331229496717514, "MSR": 0.2223608411058982, "NCL": 0.2344989463587732, "NIU": 0.2223608411058982, "PRI": 0.1443413874005972, "PYF": 0.3433574229484146, "SXM": 0.2631013465418875, "VGB": 0.359186132147395, "VIR": 0.2478278013181972}, "2011": {"ATG": 0.345653811234635, "BHS": 0.346699494207014, "BRB": 0.380665086702656, "BLZ": 0.279144451842558, "CPV": 0.382034416875611, "COM": 0.322428853655037, "CUB": 0.300342729736326, "DMA": 0.337359539105986, "DOM": 0.518281730175789, "FJI": 0.218521420396393, "GRD": 0.383956915811687, "GNB": 0.33105583389464, "GUY": 0.369515380080781, "HTI": 0.517534257876834, "JAM": 0.406364700054646, "KIR": 0.109857435093541, "MDV": 0.474758857314601, "MHL": 0.332503881111158, "MUS": 0.214380730244754, "FSM": 0.381682710764581, "NRU": 0.117440825540616, "PLW": 0.435598275250468, "PNG": 0.372231009145954, "KNA": 0.369040680943346, "LCA": 0.341752267077824, "VCT": 0.384383917706356, "WSM": 0.339073017746297, "STP": 0.44614998197483, "SYC": 0.398621712078844, "SGP": 0.638524414170419, "SLB": 0.567064086198493, "SUR": 0.352486876026867, "TLS": 0.409957933866478, "TON": 0.19426245885444, "TTO": 0.395652909286924, "TUV": 0.559986593716793, "VUT": 0.260592493955128, "ABW": 0.2973906764319179, "AIA": 0.2221773929022736, "ASM": 0.1503523957023624, "COK": 0.2221773929022736, "CUW": 0.2641480744078719, "GUM": 0.2120609516853576, "MNP": 0.2642517157471332, "MSR": 0.2221773929022736, "NCL": 0.2630308634020148, "NIU": 0.2221773929022736, "PRI": 0.0925574621009427, "PYF": 0.2969222930136831, "SXM": 0.3183789281568427, "VGB": 0.3637247309995305, "VIR": 0.2796160373032303}, "2012": {"ATG": 0.345653811234635, "BHS": 0.346699494207014, "BRB": 0.380665086702656, "BLZ": 0.279144451842558, "CPV": 0.382034416875611, "COM": 0.322428853655037, "CUB": 0.300342729736326, "DMA": 0.337359539105986, "DOM": 0.518281730175789, "FJI": 0.218521420396393, "GRD": 0.383956915811687, "GNB": 0.33105583389464, "GUY": 0.369515380080781, "HTI": 0.517534257876834, "JAM": 0.406364700054646, "KIR": 0.109857435093541, "MDV": 0.474758857314601, "MHL": 0.332503881111158, "MUS": 0.214380730244754, "FSM": 0.381682710764581, "NRU": 0.117440825540616, "PLW": 0.435598275250468, "PNG": 0.372231009145954, "KNA": 0.369040680943346, "LCA": 0.341752267077824, "VCT": 0.384383917706356, "WSM": 0.339073017746297, "STP": 0.44614998197483, "SYC": 0.398621712078844, "SGP": 0.638524414170419, "SLB": 0.567064086198493, "SUR": 0.352486876026867, "TLS": 0.409957933866478, "TON": 0.19426245885444, "TTO": 0.395652909286924, "TUV": 0.559986593716793, "VUT": 0.260592493955128, "ABW": 0.3529273599559421, "AIA": 0.2232241160017556, "ASM": 0.1513814009549609, "COK": 0.2232241160017556, "CUW": 0.2357584494815935, "GUM": 0.297705648820498, "MNP": 0.2618771918806789, "MSR": 0.2232241160017556, "NCL": 0.3176974356904563, "NIU": 0.2232241160017556, "PRI": 0.1058670839946903, "PYF": 0.2974506723225145, "SXM": 0.35892306744936, "VGB": 0.3587244418701178, "VIR": 0.1583836229867949}, "2013": {"ATG": 0.345653811234635, "BHS": 0.346699494207014, "BRB": 0.380665086702656, "BLZ": 0.279144451842558, "CPV": 0.382034416875611, "COM": 0.322428853655037, "CUB": 0.300342729736326, "DMA": 0.337359539105986, "DOM": 0.518281730175789, "FJI": 0.218521420396393, "GRD": 0.383956915811687, "GNB": 0.33105583389464, "GUY": 0.369515380080781, "HTI": 0.517534257876834, "JAM": 0.406364700054646, "KIR": 0.109857435093541, "MDV": 0.474758857314601, "MHL": 0.332503881111158, "MUS": 0.214380730244754, "FSM": 0.381682710764581, "NRU": 0.117440825540616, "PLW": 0.435598275250468, "PNG": 0.372231009145954, "KNA": 0.369040680943346, "LCA": 0.341752267077824, "VCT": 0.384383917706356, "WSM": 0.339073017746297, "STP": 0.44614998197483, "SYC": 0.398621712078844, "SGP": 0.638524414170419, "SLB": 0.567064086198493, "SUR": 0.352486876026867, "TLS": 0.409957933866478, "TON": 0.19426245885444, "TTO": 0.395652909286924, "TUV": 0.559986593716793, "VUT": 0.260592493955128, "ABW": 0.370850299391585, "AIA": 0.2230380485839488, "ASM": 0.3585887482588507, "COK": 0.2230380485839488, "CUW": 0.3536855791358267, "GUM": 0.2024396063239417, "MNP": 0.3233996516162872, "MSR": 0.2230380485839488, "NCL": 0.2630254017348181, "NIU": 0.2230380485839488, "PRI": 0.127543562854929, "PYF": 0.2797675006164298, "SXM": 0.3980085516084257, "VGB": 0.3594387233444449, "VIR": 0.2027343758005641}, "2014": {"ATG": 0.345653811234635, "BHS": 0.346699494207014, "BRB": 0.380665086702656, "BLZ": 0.279144451842558, "CPV": 0.382034416875611, "COM": 0.322428853655037, "CUB": 0.300342729736326, "DMA": 0.337359539105986, "DOM": 0.518281730175789, "FJI": 0.218521420396393, "GRD": 0.383956915811687, "GNB": 0.33105583389464, "GUY": 0.369515380080781, "HTI": 0.517534257876834, "JAM": 0.406364700054646, "KIR": 0.109857435093541, "MDV": 0.474758857314601, "MHL": 0.332503881111158, "MUS": 0.214380730244754, "FSM": 0.381682710764581, "NRU": 0.117440825540616, "PLW": 0.435598275250468, "PNG": 0.372231009145954, "KNA": 0.369040680943346, "LCA": 0.341752267077824, "VCT": 0.384383917706356, "WSM": 0.339073017746297, "STP": 0.44614998197483, "SYC": 0.398621712078844, "SGP": 0.638524414170419, "SLB": 0.567064086198493, "SUR": 0.352486876026867, "TLS": 0.409957933866478, "TON": 0.19426245885444, "TTO": 0.395652909286924, "TUV": 0.559986593716793, "VUT": 0.260592493955128, "ABW": 0.3715580527022976, "AIA": 0.2236286445713593, "ASM": 0.2987409088341532, "COK": 0.2236286445713593, "CUW": 0.2119821710896902, "GUM": 0.3439572725562844, "MNP": 0.2798998552131613, "MSR": 0.2236286445713593, "NCL": 0.279675466133751, "NIU": 0.2236286445713593, "PRI": 0.1582477555795252, "PYF": 0.3820537329658293, "SXM": 0.2488058207017413, "VGB": 0.278325604359628, "VIR": 0.1833108648909035}}, "upperIntervals": {"2010": {"ABW": 0.3735009101149357, "AIA": 0.2719495515990476, "ASM": 0.2719541102121229, "COK": 0.2719495515990476, "CUW": 0.2719594447142501, "GUM": 0.314482732122626, "MNP": 0.3326236026118706, "MSR": 0.2719495515990476, "NCL": 0.2719495515990476, "NIU": 0.2719495515990476, "PRI": 0.2719594447142501, "PYF": 0.3414125137743719, "SXM": 0.2719541102121229, "VGB": 0.3572059316640148, "VIR": 0.2719594447142501}, "2011": {"ABW": 0.2952632319017425, "AIA": 0.2742574046188554, "ASM": 0.2742663986690565, "COK": 0.2742574046188554, "CUW": 0.2742722421819683, "GUM": 0.2742663986690565, "MNP": 0.2742663986690565, "MSR": 0.2742574046188554, "NCL": 0.2742663986690565, "NIU": 0.2742574046188554, "PRI": 0.2742574046188554, "PYF": 0.3059166872674287, "SXM": 0.3201762659711236, "VGB": 0.3656465576094999, "VIR": 0.2790882107649954}, "2012": {"ABW": 0.3490119903482323, "AIA": 0.2723290881542344, "ASM": 0.2723290881542344, "COK": 0.2723290881542344, "CUW": 0.2723290881542344, "GUM": 0.3052582907465485, "MNP": 0.2723290881542344, "MSR": 0.2723290881542344, "NCL": 0.3150673585522069, "NIU": 0.2723290881542344,