{"data": {"2010": {"ATG": 0.337007764670264, "BHS": 0.275432385916168, "BRB": 0.39456610542513, "BLZ": 0.259312749174161, "CPV": 0.440284199805821, "COM": 0.606607077426398, "CUB": 0.184817383739593, "DMA": 0.35519657451186, "DOM": 0.211126193971255, "FJI": 0.290009880077579, "GRD": 0.381256835119678, "GNB": 0.810724103915465, "GUY": 0.231250331089759, "HTI": 0.277969288463764, "JAM": 0.277601860377607, "KIR": 0.649481459438416, "MDV": 0.353221296248466, "MHL": 0.376278557627165, "MUS": 0.331086585538385, "FSM": 0.435642065653337, "NRU": 0.4213960274534309, "PLW": 0.390619095257515, "PNG": 0.190751475226088, "KNA": 0.310679576545986, "LCA": 0.381054281204609, "VCT": 0.350042398016634, "WSM": 0.388456553237216, "STP": 0.473978220726705, "SYC": 0.26855069166768, "SGP": 0.0428704323215617, "SLB": 0.413740743045442, "SUR": 0.237207153921703, "TLS": 0.243948698564388, "TON": 0.462714598023512, "TTO": 0.173036427753177, "TUV": 0.339952675005334, "VUT": 0.366411529633231, "ABW": 0.3377713069121913, "AIA": 0.1876623678944234, "ASM": 0.3242841672768822, "COK": 0.1876623678944234, "CUW": 0.2931417683179326, "GUM": 0.2950482605377236, "MNP": 0.3075071313019293, "MSR": 0.1876623678944234, "NCL": 0.1683493592617796, "NIU": 0.1876623678944234, "PRI": 0.1731359462162513, "PYF": 0.3344499138781759, "SXM": 0.292793111759681, "VGB": 0.3922204244376217, "VIR": 0.3257272723798078}, "2011": {"ATG": 0.378536617534954, "BHS": 0.248456255474263, "BRB": 0.292458828901574, "BLZ": 0.194233960168837, "CPV": 0.402340952169781, "COM": 0.651594553578887, "CUB": 0.184817383739593, "DMA": 0.375001493847918, "DOM": 0.22285954083452, "FJI": 0.329594221216175, "GRD": 0.381256835119678, "GNB": 0.810724103915465, "GUY": 0.215639852523733, "HTI": 0.2893077117356853, "JAM": 0.262383121741287, "KIR": 0.72054532584146, "MDV": 0.330799751658644, "MHL": 0.4524694811608719, "MUS": 0.33539584282106, "FSM": 0.44973932541176, "NRU": 0.454758804076406, "PLW": 0.370189292584693, "PNG": 0.178960655986265, "KNA": 0.374907291877076, "LCA": 0.367865774530314, "VCT": 0.382709949557953, "WSM": 0.413413046291718, "STP": 0.515742776121051, "SYC": 0.233424627920544, "SGP": 0.0457548510775372, "SLB": 0.332720123914148, "SUR": 0.224010660886165, "TLS": 0.237338854185969, "TON": 0.473574208257182, "TTO": 0.139530904670064, "TUV": 0.339952675005334, "VUT": 0.395374174678723, "ABW": 0.5299753879143648, "AIA": 0.2160795390787767, "ASM": 0.4121420952560454, "COK": 0.2160795390787767, "CUW": 0.2322690195824824, "GUM": 0.2441228545853486, "MNP": 0.3024036716759094, "MSR": 0.2160795390787767, "NCL": 0.3021732146656924, "NIU": 0.2160795390787767, "PRI": 0.1343056634829319, "PYF": 0.3747044257068893, "SXM": 0.3666695784462052, "VGB": 0.3694000801148827, "VIR": 0.2481460705046931}, "2012": {"ATG": 0.595242361312987, "BHS": 0.248702397042629, "BRB": 0.299158016299407, "BLZ": 0.218401867661482, "CPV": 0.443395817927225, "COM": 0.669601536980747, "CUB": 0.184817383739593, "DMA": 0.394806413183977, "DOM": 0.216922994152393, "FJI": 0.332264343680019, "GRD": 0.381256835119678, "GNB": 0.810724103915465, "GUY": 0.213652866464028, "HTI": 0.2831516787060296, "JAM": 0.26021788953929, "KIR": 0.536499953087738, "MDV": 0.334281720533262, "MHL": 0.4231401105245183, "MUS": 0.339176408428574, "FSM": 0.472247497200753, "NRU": 0.3613985650620155, "PLW": 0.359268719251507, "PNG": 0.170437425575013, "KNA": 0.405243597272756, "LCA": 0.384650179818002, "VCT": 0.390372279940235, "WSM": 0.407999156844071, "STP": 0.482555960956324, "SYC": 0.329334772160536, "SGP": 0.0448978670140896, "SLB": 0.338226302908211, "SUR": 0.238485926109611, "TLS": 0.230729009807549, "TON": 0.46082596186549, "TTO": 0.131628161217701, "TUV": 0.339952675005334, "VUT": 0.395374174678723, "ABW": 0.3889895849602078, "AIA": 0.182558617423424, "ASM": 0.269063722708027, "COK": 0.182558617423424, "CUW": 0.2362697093501792, "GUM": 0.3194807617627186, "MNP": 0.3004125538089421, "MSR": 0.182558617423424, "NCL": 0.16373488938138, "NIU": 0.182558617423424, "PRI": 0.1916199347956072, "PYF": 0.3986855990722341, "SXM": 0.3503129956509188, "VGB": 0.3925198420528799, "VIR": 0.2299744134652701}, "2013": {"ATG": 0.566917196052286, "BHS": 0.252512582028809, "BRB": 0.309152282932439, "BLZ": 0.212642478805508, "CPV": 0.511410574808863, "COM": 0.57551790192057, "CUB": 0.184817383739593, "DMA": 0.394806413183977, "DOM": 0.211097444262666, "FJI": 0.249200316491787, "GRD": 0.381256835119678, "GNB": 0.810724103915465, "GUY": 0.226764365146918, "HTI": 0.2867589600186162, "JAM": 0.273290327081165, "KIR": 0.576825778631582, "MDV": 0.355664849424836, "MHL": 0.3841604532873444, "MUS": 0.348314043642151, "FSM": 0.440573728779884, "NRU": 0.3762394259686123, "PLW": 0.320121582713687, "PNG": 0.170437425575013, "KNA": 0.345883040001027, "LCA": 0.282694169998654, "VCT": 0.399057370678358, "WSM": 0.432936449140998, "STP": 0.486876933538719, "SYC": 0.440035751551155, "SGP": 0.0461755168690122, "SLB": 0.318394819438003, "SUR": 0.17508279463086, "TLS": 0.22411916542913, "TON": 0.472678790906726, "TTO": 0.123669227114486, "TUV": 0.339952675005334, "VUT": 0.395374174678723, "ABW": 0.3323729899915777, "AIA": 0.1714301819970418, "ASM": 0.3808136196378852, "COK": 0.1714301819970418, "CUW": 0.3239263570058927, "GUM": 0.285686084384133, "MNP": 0.2729207143131945, "MSR": 0.1714301819970418, "NCL": 0.1812481633602659, "NIU": 0.1714301819970418, "PRI": 0.148782504406705, "PYF": 0.264429317277199, "SXM": 0.3566385507120357, "VGB": 0.1860349473709764, "VIR": 0.2778244045214595}, "2014": {"ATG": 0.356276794172666, "BHS": 0.251532708185017, "BRB": 0.311136011108708, "BLZ": 0.358066503425952, "CPV": 0.451523697686439, "COM": 0.662642041162571, "CUB": 0.184817383739593, "DMA": 0.394806413183977, "DOM": 0.223501257222235, "FJI": 0.277837007872687, "GRD": 0.381256835119678, "GNB": 0.810724103915465, "GUY": 0.229077417545884, "HTI": 0.3005234249662078, "JAM": 0.276364970165043, "KIR": 0.605160695134801, "MDV": 0.331826790141031, "MHL": 0.4332422632508756, "MUS": 0.334579733000796, "FSM": 0.440573728779884, "NRU": 0.3548636462605529, "PLW": 0.327126280646642, "PNG": 0.170437425575013, "KNA": 0.33135430818739, "LCA": 0.39264724254861, "VCT": 0.414087220599303, "WSM": 0.384210730394467, "STP": 0.514777083490189, "SYC": 0.377502065509501, "SGP": 0.0493690319440671, "SLB": 0.374268092869301, "SUR": 0.213444941639464, "TLS": 0.288157590202394, "TON": 0.431179723961092, "TTO": 0.146137460774402, "TUV": 0.339952675005334, "VUT": 0.395374174678723, "ABW": 0.3686504100069714, "AIA": 0.1372366704739371, "ASM": 0.3841390760969761, "COK": 0.1372366704739371, "CUW": 0.3238649287510432, "GUM": 0.3252856097094669, "MNP": 0.368382240806779, "MSR": 0.1372366704739371, "NCL": 0.1720153434438197, "NIU": 0.1372366704739371, "PRI": 0.185588204144844, "PYF": 0.3934820757429844, "SXM": 0.4134527126894784, "VGB": 0.3051469292433111, "VIR": 0.3571616324413703}}, "upperIntervals": {"2010": {"HTI": 0.3982913265409746, "MHL": 0.4091820339620874, "NRU": 0.4934585872122096, "ABW": 0.3989351377566199, "AIA": 0.2768486272553279, "ASM": 0.3768534519457888, "COK": 0.2768486272553279, "CUW": 0.2700490938822789, "GUM": 0.5043604749963297, "MNP": 0.3433576000556456, "MSR": 0.2768486272553279, "NCL": 0.1936349714874871, "NIU": 0.2768486272553279, "PRI": 0.2550401018327765, "PYF": 0.3945617421250158, "SXM": 0.3330781831626936, "VGB": 0.4647999642015168, "VIR": 0.2960508058213555}, "2011": {"HTI": 0.3844648488084289, "MHL": 0.4965934786063274, "NRU": 0.5345393592834657, "ABW": 0.5154104515882094, "AIA": 0.3246860174085652, "ASM": 0.4494215809682327, "COK": 0.3246860174085652, "CUW": 0.2412387012721241, "GUM": 0.2843959180807475, "MNP": 0.3977115215017904, "MSR": 0.3246860174085652, "NCL": 0.4215166282092896, "NIU": 0.3246860174085652, "PRI": 0.2982109929158303, "PYF": 0.5009253583074433, "SXM": 0.3914987381287919, "VGB": 0.4892195803871867, "VIR": 0.3836666590217272}, "2012": {"HTI": 0.3369972792208768, "MHL": 0.3924601173324594, "NRU": 0.345780336673334,