{"data": {"2010": {"ATG": 0.675403225806452, "BHS": 0.433467741935484, "BRB": 0.0, "BLZ": 0.836693548387097, "CPV": 0.3125, "COM": 0.231854838709677, "CUB": 0.514112903225806, "DMA": 0.182459677419355, "DOM": 0.514112903225806, "FJI": 0.514112903225806, "GRD": 0.393145161290323, "GNB": 0.726814516129032, "GUY": 0.9375, "HTI": 0.766129032258065, "JAM": 0.269153225806452, "KIR": 0.6381580711092799, "MDV": 0.0, "MHL": 0.4800314554502232, "MUS": 0.0191532258064517, "FSM": 0.826612903225806, "NRU": 0.4692887148711726, "PLW": 0.3877531655806682, "PNG": 0.967741935483871, "KNA": 0.579637096774194, "LCA": 0.6383256056661061, "VCT": 0.30241935483871, "WSM": 0.866935483870968, "STP": 0.32258064516129, "SYC": 0.0352822580645161, "SGP": 0.0, "SLB": 0.987903225806452, "SUR": 0.743951612903226, "TLS": 0.6043824487313285, "TON": 0.735887096774194, "TTO": 0.493951612903226, "TUV": 0.4650463481202223, "VUT": 0.766129032258065, "ABW": 0.3999438255826755, "AIA": 0.4925171248309207, "ASM": 0.5059374900823496, "COK": 0.4925171248309207, "CUW": 0.2593019771141819, "GUM": 0.2541157213152766, "MNP": 0.5031880015936531, "MSR": 0.4925171248309207, "NCL": 0.5597673634996277, "NIU": 0.4925171248309207, "PRI": 0.2887313228210373, "PYF": 0.5590137568084521, "SXM": 0.3302322773528852, "VGB": 0.5991056018979035, "VIR": 0.3110308512252944}, "2011": {"ATG": 0.675403225806452, "BHS": 0.433467741935484, "BRB": 0.0, "BLZ": 0.836693548387097, "CPV": 0.3125, "COM": 0.231854838709677, "CUB": 0.514112903225806, "DMA": 0.182459677419355, "DOM": 0.514112903225806, "FJI": 0.514112903225806, "GRD": 0.393145161290323, "GNB": 0.726814516129032, "GUY": 0.9375, "HTI": 0.766129032258065, "JAM": 0.269153225806452, "KIR": 0.7448634239273956, "MDV": 0.0, "MHL": 0.5372951788984829, "MUS": 0.0191532258064517, "FSM": 0.826612903225806, "NRU": 0.396863496518368, "PLW": 0.4375798604327607, "PNG": 0.967741935483871, "KNA": 0.579637096774194, "LCA": 0.6641310219184536, "VCT": 0.30241935483871, "WSM": 0.866935483870968, "STP": 0.32258064516129, "SYC": 0.0352822580645161, "SGP": 0.0, "SLB": 0.987903225806452, "SUR": 0.743951612903226, "TLS": 0.5584881524528957, "TON": 0.735887096774194, "TTO": 0.493951612903226, "TUV": 0.4922949670805484, "VUT": 0.766129032258065, "ABW": 0.4718308045294301, "AIA": 0.5624018525024933, "ASM": 0.5674863226947179, "COK": 0.5624018525024933, "CUW": 0.2892709233677735, "GUM": 0.2791813524154738, "MNP": 0.4349918357001085, "MSR": 0.5624018525024933, "NCL": 0.5804920017089988, "NIU": 0.5624018525024933, "PRI": 0.1754898767125707, "PYF": 0.6153288510755259, "SXM": 0.5256236310447145, "VGB": 0.3237076995426927, "VIR": 0.2916485347509584}, "2012": {"ATG": 0.675403225806452, "BHS": 0.433467741935484, "BRB": 0.0, "BLZ": 0.836693548387097, "CPV": 0.3125, "COM": 0.231854838709677, "CUB": 0.514112903225806, "DMA": 0.182459677419355, "DOM": 0.514112903225806, "FJI": 0.514112903225806, "GRD": 0.393145161290323, "GNB": 0.726814516129032, "GUY": 0.9375, "HTI": 0.766129032258065, "JAM": 0.269153225806452, "KIR": 0.5529031656722823, "MDV": 0.0, "MHL": 0.4396566688836403, "MUS": 0.0191532258064517, "FSM": 0.826612903225806, "NRU": 0.4680068032700153, "PLW": 0.3539852579584036, "PNG": 0.967741935483871, "KNA": 0.579637096774194, "LCA": 0.6603388809254698, "VCT": 0.30241935483871, "WSM": 0.866935483870968, "STP": 0.32258064516129, "SYC": 0.0352822580645161, "SGP": 0.0, "SLB": 0.987903225806452, "SUR": 0.743951612903226, "TLS": 0.458543436521846, "TON": 0.735887096774194, "TTO": 0.493951612903226, "TUV": 0.4993879801919374, "VUT": 0.766129032258065, "ABW": 0.4029539579584897, "AIA": 0.6456286457667403, "ASM": 0.4629422153487714, "COK": 0.6456286457667403, "CUW": 0.2900005512216385, "GUM": 0.2924415936919138, "MNP": 0.5913371756496335, "MSR": 0.6456286457667403, "NCL": 0.344249314287393, "NIU": 0.6456286457667403, "PRI": 0.1071307639141488, "PYF": 0.6840654006548839, "SXM": 0.7631087193712827, "VGB": 0.5105020077463334, "VIR": 0.1271471882869331}, "2013": {"ATG": 0.675403225806452, "BHS": 0.433467741935484, "BRB": 0.0, "BLZ": 0.836693548387097, "CPV": 0.3125, "COM": 0.231854838709677, "CUB": 0.514112903225806, "DMA": 0.182459677419355, "DOM": 0.514112903225806, "FJI": 0.514112903225806, "GRD": 0.393145161290323, "GNB": 0.726814516129032, "GUY": 0.9375, "HTI": 0.766129032258065, "JAM": 0.269153225806452, "KIR": 0.5554522150851338, "MDV": 0.0, "MHL": 0.5311053153462366, "MUS": 0.0191532258064517, "FSM": 0.826612903225806, "NRU": 0.2072330632788379, "PLW": 0.3391710209352092, "PNG": 0.967741935483871, "KNA": 0.579637096774194, "LCA": 0.7299065784616261, "VCT": 0.30241935483871, "WSM": 0.866935483870968, "STP": 0.32258064516129, "SYC": 0.0352822580645161, "SGP": 0.0, "SLB": 0.987903225806452, "SUR": 0.743951612903226, "TLS": 0.468324195584979, "TON": 0.735887096774194, "TTO": 0.493951612903226, "TUV": 0.3646112863550711, "VUT": 0.766129032258065, "ABW": 0.5438712135485918, "AIA": 0.6082438279522673, "ASM": 0.1516057941013764, "COK": 0.6082438279522673, "CUW": 0.5958729831680478, "GUM": 0.1500108944198128, "MNP": 0.4872056649182594, "MSR": 0.6082438279522673, "NCL": 0.7245874309101566, "NIU": 0.6082438279522673, "PRI": 0.2194931200205586, "PYF": 0.4418820054009362, "SXM": 0.7213765491760731, "VGB": 0.1402794476617681, "VIR": 0.0291408164717609}, "2014": {"ATG": 0.675403225806452, "BHS": 0.433467741935484, "BRB": 0.0, "BLZ": 0.836693548387097, "CPV": 0.3125, "COM": 0.231854838709677, "CUB": 0.514112903225806, "DMA": 0.182459677419355, "DOM": 0.514112903225806, "FJI": 0.514112903225806, "GRD": 0.393145161290323, "GNB": 0.726814516129032, "GUY": 0.9375, "HTI": 0.766129032258065, "JAM": 0.269153225806452, "KIR": 0.6885776859032647, "MDV": 0.0, "MHL": 0.3530245630003106, "MUS": 0.0191532258064517, "FSM": 0.826612903225806, "NRU": 0.3371029793617945, "PLW": 0.4749145981115754, "PNG": 0.967741935483871, "KNA": 0.579637096774194, "LCA": 0.6876206396178812, "VCT": 0.30241935483871, "WSM": 0.866935483870968, "STP": 0.32258064516129, "SYC": 0.0352822580645161, "SGP": 0.0, "SLB": 0.987903225806452, "SUR": 0.743951612903226, "TLS": 0.6198957331850994, "TON": 0.735887096774194, "TTO": 0.493951612903226, "TUV": 0.4466732985700219, "VUT": 0.766129032258065, "ABW": 0.4520513282866706, "AIA": 0.6475415458736448, "ASM": 0.4984276945857096, "COK": 0.6475415458736448, "CUW": 0.1941704566228675, "GUM": 0.173543471666114, "MNP": 0.603446434041212, "MSR": 0.6475415458736448, "NCL": 0.6523414611647895, "NIU": 0.6475415458736448, "PRI": 0.1026454035205262, "PYF": 0.6053572586932117, "SXM": 0.5906187652361437, "VGB": 0.3582147596535656, "VIR": 0.3161680099248664}}, "upperIntervals": {"2010": {"KIR": 0.767639066180444, "MHL": 0.8076551608717845, "NRU": 0.7741749063618426, "PLW": 0.8169097516214465, "LCA": 0.7645012377407134, "TLS": 0.8113907369153022, "TUV": 0.8065169700677822, "ABW": 0.8385791023027521, "AIA": 0.6485362185780924, "ASM": 0.8120638892696675, "COK": 0.6485362185780924, "CUW": 0.7973681549758039, "GUM": 0.8025010692576501, "MNP": 0.813785076450979, "MSR": 0.6485362185780924, "NCL": 0.675730798720026, "NIU": 0.6485362185780924, "PRI": 0.7630776983010404, "PYF": 0.8344246700647477, "SXM": 0.7957854047384434, "VGB": 0.8191213373100564, "VIR": 0.814413238278941}, "2011": {"KIR": 0.756486314587725, "MHL": 0.7274287419031925, "NRU": 0.6836129755175283, "PLW": 0.6359138601117332, "LCA": 0.8568806059798139, "TLS": 0.6315442787393258, "TUV": 0.7236247745998047, "ABW": 0.8306109715792972, "AIA": 0.638855068567313, "ASM": 0.6753192332770054, "COK": 0.638855068567313, "CUW": 0.7641285402486881, "GUM": 0.8153749609696141, "MNP": 0.7165426980240998, "MSR": 0.638855068567313, "NCL": 0.8649989685424695, "NIU": 0.638855068567313, "PRI": 0.8046527915969431, "PYF": 0.8262729427002674, "SXM": 0.709041648055054, "VGB": 0.6033263091776505, "VIR": 0.7905358754454719}, "2012": {"KIR": 0.558430276491068, "MHL": 0.6897410254198011, "NRU": 0.648251943704835, "PLW": 0.6839020618825932, "LCA": 0.8229124367457699, "TLS": 0.7343346494997581,