{"data": {"2010": {"ATG": 0.639394147711033, "BHS": 0.621146697217369, "BRB": 0.612717647340131, "BLZ": 0.434331363256043, "CPV": 0.507753774826848, "COM": 0.237398854784256, "CUB": 0.189242689388589, "DMA": 0.608205657598213, "DOM": 0.48449740867227, "FJI": 0.384321722324107, "GRD": 0.584951850252624, "GNB": 0.292869917993922, "GUY": 0.401732165689274, "HTI": 0.314131266072853, "JAM": 0.568293485306487, "KIR": 0.254508809694074, "MDV": 0.443486292360322, "MHL": 0.323140706540134, "MUS": 0.686893288576796, "FSM": 0.343853279149488, "NRU": 0.31082918316816, "PLW": 0.3445445485662, "PNG": 0.405474357947761, "KNA": 0.608109891239352, "LCA": 0.608205657598213, "VCT": 0.602268062254702, "WSM": 0.464998603559318, "STP": 0.349862063542198, "SYC": 0.417824157742607, "SGP": 0.861242545365438, "SLB": 0.282892908870974, "SUR": 0.38457302140551, "TLS": 0.3859564758956867, "TON": 0.401168364638443, "TTO": 0.615118091105672, "TUV": 0.290166865741137, "VUT": 0.368293296473045, "ABW": 0.5962688118258346, "AIA": 0.5502006682758157, "ASM": 0.4987129493493713, "COK": 0.5502006682758157, "CUW": 0.5766837025068764, "GUM": 0.594728135427454, "MNP": 0.6179387898452984, "MSR": 0.5502006682758157, "NCL": 0.6554296218050054, "NIU": 0.5502006682758157, "PRI": 0.6584584691356281, "PYF": 0.5692994992650007, "SXM": 0.5606593049648364, "VGB": 0.6024987485072237, "VIR": 0.6296290113061079}, "2011": {"ATG": 0.637658177549219, "BHS": 0.616723175363848, "BRB": 0.639913729298757, "BLZ": 0.41423192008995, "CPV": 0.528404631917513, "COM": 0.249507897732812, "CUB": 0.197960237376843, "DMA": 0.57252752496494, "DOM": 0.47611020335902, "FJI": 0.417865741646935, "GRD": 0.569615470004815, "GNB": 0.295709486398988, "GUY": 0.386338880541601, "HTI": 0.309491918021355, "JAM": 0.570960126301074, "KIR": 0.241096375769559, "MDV": 0.442518723704654, "MHL": 0.31883991483913, "MUS": 0.676950246303684, "FSM": 0.340943726522095, "NRU": 0.304230323230952, "PLW": 0.340023713773173, "PNG": 0.413789632779891, "KNA": 0.600647373171582, "LCA": 0.613809301578546, "VCT": 0.595583787043329, "WSM": 0.455024177863215, "STP": 0.372555892845293, "SYC": 0.440815162227158, "SGP": 0.86192454688315, "SLB": 0.311083285789012, "SUR": 0.401316732116569, "TLS": 0.3567326999537574, "TON": 0.400054131481088, "TTO": 0.59641287011818, "TUV": 0.271219920570397, "VUT": 0.384365513146885, "ABW": 0.5567007237962771, "AIA": 0.5799981541298553, "ASM": 0.4646683356053538, "COK": 0.5799981541298553, "CUW": 0.6557654645137861, "GUM": 0.6137592979701166, "MNP": 0.4180832093166766, "MSR": 0.5799981541298553, "NCL": 0.5943085210872467, "NIU": 0.5799981541298553, "PRI": 0.6860920711795991, "PYF": 0.4626575206787041, "SXM": 0.4490675157096262, "VGB": 0.5770935482453317, "VIR": 0.6106742646146717}, "2012": {"ATG": 0.631564082146208, "BHS": 0.590872786547682, "BRB": 0.602237408678757, "BLZ": 0.422113851134558, "CPV": 0.525050580717283, "COM": 0.243725331169834, "CUB": 0.210782514662742, "DMA": 0.577637230475595, "DOM": 0.493828203400633, "FJI": 0.401621599654196, "GRD": 0.570322500642265, "GNB": 0.275761445947944, "GUY": 0.393685880040764, "HTI": 0.331320473104001, "JAM": 0.559765471645234, "KIR": 0.256103096849915, "MDV": 0.440291705499163, "MHL": 0.310559116591282, "MUS": 0.706634932917094, "FSM": 0.329593087333636, "NRU": 0.28348878843722, "PLW": 0.321055684132208, "PNG": 0.41452966293022, "KNA": 0.595894950959839, "LCA": 0.580197672932508, "VCT": 0.587571862130364, "WSM": 0.449277246371895, "STP": 0.361602962372701, "SYC": 0.458843803417853, "SGP": 0.896180810036615, "SLB": 0.311724717078847, "SUR": 0.422104814933032, "TLS": 0.3776316351346072, "TON": 0.392145196095768, "TTO": 0.560733926543745, "TUV": 0.27421542137615, "VUT": 0.372048649148113, "ABW": 0.524775336951096, "AIA": 0.4941704164297464, "ASM": 0.5786251936965668, "COK": 0.4941704164297464, "CUW": 0.6551736595796045, "GUM": 0.6658928773660067, "MNP": 0.4213014358520131, "MSR": 0.4941704164297464, "NCL": 0.612697004360577, "NIU": 0.4941704164297464, "PRI": 0.6348486710324864, "PYF": 0.506895923429603, "SXM": 0.483271921789736, "VGB": 0.5971550764949046, "VIR": 0.551536737304143}, "2013": {"ATG": 0.631985632532253, "BHS": 0.551036124463064, "BRB": 0.602926598610631, "BLZ": 0.419943396075156, "CPV": 0.494518926880169, "COM": 0.280537773546673, "CUB": 0.206228222754322, "DMA": 0.574539215122023, "DOM": 0.500281648554411, "FJI": 0.407691772292911, "GRD": 0.569320264251897, "GNB": 0.268961542111665, "GUY": 0.397146768394833, "HTI": 0.332675764314363, "JAM": 0.559419834040659, "KIR": 0.252222905575308, "MDV": 0.430309674333443, "MHL": 0.302618010011555, "MUS": 0.696789354186847, "FSM": 0.331709678522534, "NRU": 0.246176852643742, "PLW": 0.321153900691867, "PNG": 0.415056797855631, "KNA": 0.598051475208556, "LCA": 0.57623458030134, "VCT": 0.583014019458139, "WSM": 0.465740206356259, "STP": 0.359979122203921, "SYC": 0.458876727629053, "SGP": 0.897066311446633, "SLB": 0.299686550387899, "SUR": 0.427620998908983, "TLS": 0.3723646709844408, "TON": 0.39085696971955, "TTO": 0.567230103952462, "TUV": 0.261033850815741, "VUT": 0.412702044832164, "ABW": 0.5428901067944791, "AIA": 0.4955964175010328, "ASM": 0.4267654034671837, "COK": 0.4955964175010328, "CUW": 0.5131500709770366, "GUM": 0.6295149336640633, "MNP": 0.4631734513703329, "MSR": 0.4955964175010328, "NCL": 0.5733599120143574, "NIU": 0.4955964175010328, "PRI": 0.617328539624023, "PYF": 0.5218257653662912, "SXM": 0.390049757772839, "VGB": 0.596409505425882, "VIR": 0.5588655747855237}, "2014": {"ATG": 0.617683596152413, "BHS": 0.54752029774145, "BRB": 0.579904847871145, "BLZ": 0.417585179174438, "CPV": 0.478369204504718, "COM": 0.299479157978011, "CUB": 0.256555486169885, "DMA": 0.5672713750652, "DOM": 0.506939712264869, "FJI": 0.439727997127322, "GRD": 0.551353978644166, "GNB": 0.282615984048834, "GUY": 0.411834407297469, "HTI": 0.307031870080368, "JAM": 0.542982210175189, "KIR": 0.33544760754748, "MDV": 0.447181913426331, "MHL": 0.32946479644172, "MUS": 0.733193615121948, "FSM": 0.313253850904713, "NRU": 0.273291365506288, "PLW": 0.354765454036226, "PNG": 0.447063261149375, "KNA": 0.550469053581617, "LCA": 0.567634780969889, "VCT": 0.583432992209775, "WSM": 0.477781312708922, "STP": 0.358722580457412, "SYC": 0.449399733242063, "SGP": 0.948194205487115, "SLB": 0.304106341912072, "SUR": 0.391060863497564, "TLS": 0.3570219299313401, "TON": 0.435062362997283, "TTO": 0.558904993562517, "TUV": 0.343290821944012, "VUT": 0.451440090169243, "ABW": 0.5409024950953573, "AIA": 0.5057210117946414, "ASM": 0.391284852159935, "COK": 0.5057210117946414, "CUW": 0.6404747892186484, "GUM": 0.6791043088923945, "MNP": 0.5942249152625239, "MSR": 0.5057210117946414, "NCL": 0.6216343532569223, "NIU": 0.5057210117946414, "PRI": 0.6797297214508925, "PYF": 0.5018707171484662, "SXM": 0.5144251496985581, "VGB": 0.6290722110002707, "VIR": 0.650871341229879}}, "upperIntervals": {"2010": {"TLS": 0.4551613724938634, "ABW": 0.6929178717104134, "AIA": 0.6145698453988012, "ASM": 0.6646163291767573, "COK": 0.6145698453988012, "CUW": 0.7715445401083864, "GUM": 0.7669880547254432, "MNP": 0.7098402527164381, "MSR": 0.6145698453988012, "NCL": 0.784127228352076, "NIU": 0.6145698453988012, "PRI": 0.7824004423040959, "PYF": 0.7066487441007687, "SXM": 0.7107534058311761, "VGB": 0.7413654375246979, "VIR": 0.7658242321051424}, "2011": {"TLS": 0.4930361222397919, "ABW": 0.7668101489886407, "AIA": 0.6199090552712101, "ASM": 0.6848274401513845, "COK": 0.6199090552712101, "CUW": 0.7772387503670346, "GUM": 0.741009510999906, "MNP": 0.6591565157352357, "MSR": 0.6199090552712101, "NCL": 0.7466678749275546, "NIU": 0.6199090552712101, "PRI": 0.7448063588874403, "PYF": 0.7287347672879343, "SXM": 0.7061015286939918, "VGB": 0.699043101089317, "VIR": 0.746304718067264}, "2012": {"TLS": 0.527099256454134, "ABW": 0.527099256454134, "AIA": 0.527099256454134, "ASM": 0.5826235704138943, "COK": 0.527099256454134, "CUW": 0.6583208529857697, "GUM": 0.670421618865484, "MNP": 0.527099256454134,