{"data": {"2010": {"ATG": 0.526590873830252, "BHS": 0.334306004934351, "BRB": 0.53075386656712, "BLZ": 0.53865576004008, "CPV": 0.460246695827702, "COM": 0.487187192462885, "CUB": 0.548844779408124, "DMA": 0.436892564710547, "DOM": 0.434251669451299, "FJI": 0.582758929040871, "GRD": 0.374666542983277, "GNB": 0.616998333185168, "GUY": 0.513137329080124, "HTI": 0.494972614401069, "JAM": 0.395047667377214, "KIR": 0.5361197962580387, "MDV": 0.54524540937263, "MHL": 0.5696779725619157, "MUS": 0.510743123662261, "FSM": 0.5890596656130679, "NRU": 0.5336596996366642, "PLW": 0.4474640155767498, "PNG": 0.635615801744168, "KNA": 0.401547480946776, "LCA": 0.364735523811632, "VCT": 0.419983395326133, "WSM": 0.572812132555052, "STP": 0.545019010170321, "SYC": 0.470350742260766, "SGP": 0.350259927908295, "SLB": 0.543161513500692, "SUR": 0.424623505324722, "TLS": 0.559893476912575, "TON": 0.671269812906876, "TTO": 0.387873644000487, "TUV": 0.4872402300868614, "VUT": 0.563253194148135, "ABW": 0.5347807617532966, "AIA": 0.4668795916165911, "ASM": 0.4653897546807704, "COK": 0.4668795916165911, "CUW": 0.390501468746404, "GUM": 0.3813397973730457, "MNP": 0.4451105928727823, "MSR": 0.4668795916165911, "NCL": 0.436142758376439, "NIU": 0.4668795916165911, "PRI": 0.3708389459984298, "PYF": 0.5344815053709111, "SXM": 0.3897970728171835, "VGB": 0.4228293304278827, "VIR": 0.3714342966013921}, "2011": {"ATG": 0.52672537282151, "BHS": 0.335247497873154, "BRB": 0.529711499384874, "BLZ": 0.538005681582335, "CPV": 0.460461894213714, "COM": 0.488101785603437, "CUB": 0.552718350356342, "DMA": 0.437511260070331, "DOM": 0.43510349639593, "FJI": 0.583135526216392, "GRD": 0.375715635115086, "GNB": 0.616034423747822, "GUY": 0.513563242552439, "HTI": 0.49528644538067, "JAM": 0.395675329336416, "KIR": 0.5743420776394574, "MDV": 0.543127050260323, "MHL": 0.553823274794271, "MUS": 0.511998447580665, "FSM": 0.5955268786970505, "NRU": 0.5350889681801899, "PLW": 0.4444446614405122, "PNG": 0.6366245441786, "KNA": 0.3929099902252468, "LCA": 0.364735523811632, "VCT": 0.3895488008236082, "WSM": 0.571904264364064, "STP": 0.542631653075499, "SYC": 0.470855113477982, "SGP": 0.350475126294307, "SLB": 0.543349812088453, "SUR": 0.426156793825059, "TLS": 0.559355480947545, "TON": 0.665351857291543, "TTO": 0.388097808985916, "TUV": 0.4737758625902091, "VUT": 0.563118695156878, "ABW": 0.5412698339136985, "AIA": 0.4525948821396317, "ASM": 0.5390815845993806, "COK": 0.4525948821396317, "CUW": 0.470626769448573, "GUM": 0.3846383843636303, "MNP": 0.422211058990512, "MSR": 0.4525948821396317, "NCL": 0.4036411467868878, "NIU": 0.4525948821396317, "PRI": 0.3529085742273422, "PYF": 0.5079729902250634, "SXM": 0.5255040417593791, "VGB": 0.449399648112867, "VIR": 0.3718183269498413}, "2012": {"ATG": 0.52696074605621, "BHS": 0.335489596057418, "BRB": 0.530182245854276, "BLZ": 0.537041772144989, "CPV": 0.462613878073835, "COM": 0.48815558519994, "CUB": 0.552287953584318, "DMA": 0.437780258052847, "DOM": 0.434879331410501, "FJI": 0.58114494114578, "GRD": 0.376791627045146, "GNB": 0.615384345290077, "GUY": 0.511590590680662, "HTI": 0.494658783421468, "JAM": 0.394106174438411, "KIR": 0.5115612287217407, "MDV": 0.542858052277808, "MHL": 0.5299924076869736, "MUS": 0.512917524020925, "FSM": 0.6019553463725101, "NRU": 0.4763587319165816, "PLW": 0.4568317507200119, "PNG": 0.636377962694627, "KNA": 0.3955378446261564, "LCA": 0.364735523811632, "VCT": 0.4138963319776759, "WSM": 0.568709913321697, "STP": 0.542598028327684, "SYC": 0.470417991756395, "SGP": 0.349937130329277, "SLB": 0.543403611684956, "SUR": 0.424973202701992, "TLS": 0.559140282561533, "TON": 0.66387236838771, "TTO": 0.388052975988831, "TUV": 0.4897980954226285, "VUT": 0.562822797376111, "ABW": 0.5143009162684936, "AIA": 0.4437533163931796, "ASM": 0.4709475914586945, "COK": 0.4437533163931796, "CUW": 0.4257897373547695, "GUM": 0.4145243378409515, "MNP": 0.4420249389278534, "MSR": 0.4437533163931796, "NCL": 0.4033805050764036, "NIU": 0.4437533163931796, "PRI": 0.3348459929769735, "PYF": 0.5210779673372058, "SXM": 0.5207234927293188, "VGB": 0.4238781088970496, "VIR": 0.3485138266729541}, "2013": {"ATG": 0.519992995194612, "BHS": 0.330744465597554, "BRB": 0.522012122019187, "BLZ": 0.535069120273211, "CPV": 0.459491641625516, "COM": 0.487919051448367, "CUB": 0.553449838883669, "DMA": 0.436963617072539, "DOM": 0.435333690776836, "FJI": 0.587756545634069, "GRD": 0.376092602748762, "GNB": 0.615272571512492, "GUY": 0.510537015249144, "HTI": 0.494874909212929, "JAM": 0.393533703183884, "KIR": 0.5510761072521337, "MDV": 0.541143190139274, "MHL": 0.5333807801850551, "MUS": 0.514362228920133, "FSM": 0.5634735570189181, "NRU": 0.5050143976696726, "PLW": 0.4535527913415143, "PNG": 0.636223057003319, "KNA": 0.3908771302638432, "LCA": 0.36192495607695, "VCT": 0.4292522685851816, "WSM": 0.566755037771066, "STP": 0.543529551027885, "SYC": 0.471594857929898, "SGP": 0.33885421688002, "SLB": 0.543726409263974, "SUR": 0.42707138696561, "TLS": 0.560560407436173, "TON": 0.667081609579784, "TTO": 0.383383691165859, "TUV": 0.5088046796382478, "VUT": 0.563226294349884, "ABW": 0.474595547644188, "AIA": 0.4649255864760221, "ASM": 0.4142155627456729, "COK": 0.4649255864760221, "CUW": 0.4849393631238391, "GUM": 0.3924584267242994, "MNP": 0.4014214751605121, "MSR": 0.4649255864760221, "NCL": 0.429856209241339, "NIU": 0.4649255864760221, "PRI": 0.3723769100325782, "PYF": 0.4871154586495658, "SXM": 0.5212151158618877, "VGB": 0.3770562118396462, "VIR": 0.37232393801012}, "2014": {"ATG": 0.512688996854869, "BHS": 0.329856772255254, "BRB": 0.507621419838436, "BLZ": 0.536503776179958, "CPV": 0.453114529588763, "COM": 0.479639478019591, "CUB": 0.549904259489005, "DMA": 0.433672194653092, "DOM": 0.433142903315105, "FJI": 0.591086374735674, "GRD": 0.371116510530387, "GNB": 0.611349992982608, "GUY": 0.509685188304513, "HTI": 0.4895093268672, "JAM": 0.393073314422073, "KIR": 0.6174891027096813, "MDV": 0.541714810852119, "MHL": 0.539873779211475, "MUS": 0.514461943906765, "FSM": 0.5823774129038224, "NRU": 0.5307190295326614, "PLW": 0.4420579676574869, "PNG": 0.631965932078655, "KNA": 0.378645109789567, "LCA": 0.359114388342268, "VCT": 0.4096375520377263, "WSM": 0.559420202570131, "STP": 0.535819513539789, "SYC": 0.473074346833732, "SGP": 0.332371168931773, "SLB": 0.537243557885359, "SUR": 0.426291292816316, "TLS": 0.555228682949682, "TON": 0.667789169534467, "TTO": 0.376315840998793, "TUV": 0.5163399701700215, "VUT": 0.559836919770193, "ABW": 0.4556511899686354, "AIA": 0.4599958792064738, "ASM": 0.5130099787548398, "COK": 0.4599958792064738, "CUW": 0.4049144254364311, "GUM": 0.4040965703872881, "MNP": 0.4634934838249117, "MSR": 0.4599958792064738, "NCL": 0.4128872739816202, "NIU": 0.4599958792064738, "PRI": 0.3418508169630505, "PYF": 0.457888707163365, "SXM": 0.4966703471835649, "VGB": 0.3560993832793066, "VIR": 0.421631906965447}}, "upperIntervals": {"2010": {"KIR": 0.655187620946447, "MHL": 0.6587152716777653, "FSM": 0.6707690672842722, "NRU": 0.6477303236520426, "PLW": 0.6614080297828469, "KNA": 0.5330927829328246, "VCT": 0.5172753921645964, "TUV": 0.6661700727405269, "ABW": 0.5753664224880161, "AIA": 0.5318520939340174, "ASM": 0.660209452598145, "COK": 0.5318520939340174, "CUW": 0.5190958752501575, "GUM": 0.5158579624779238, "MNP": 0.6253604116959064, "MSR": 0.5318520939340174, "NCL": 0.5060208741525083, "NIU": 0.5318520939340174, "PRI": 0.5056692299483181, "PYF": 0.5378847382537836, "SXM": 0.5295659874490022, "VGB": 0.4979003536765862, "VIR": 0.5229564778337996}, "2011": {"KIR": 0.6434237028642509, "MHL": 0.6487951900849066, "FSM": 0.6625254148101961, "NRU": 0.640469549803386, "PLW": 0.6514319794901612, "KNA": 0.5186411403663883, "VCT": 0.4968055698692608, "TUV": 0.6579502601720788, "ABW": 0.5402476807394585, "AIA": 0.5321476792093557, "ASM": 0.6507115281392853, "COK": 0.5321476792093557, "CUW": 0.5040703304387608, "GUM": 0.5132239126106205, "MNP": 0.6450878131260954, "MSR": 0.5321476792093557,