{"data": {"2010": {"ATG": 0.904999375343323, "BHS": 0.993692219257355, "BRB": 1.06063663959503, "BLZ": 0.0704276859760284, "CPV": 0.840972781181335, "COM": -0.562939286231995, "CUB": 0.349292427301407, "DMA": 0.903117775917053, "DOM": -0.0449540354311466, "FJI": -0.190827518701553, "GRD": 0.518380045890808, "GNB": -0.690954327583313, "GUY": -0.458965748548508, "HTI": -0.940315425395966, "JAM": -0.4295414686203, "KIR": 1.42273163795471, "MDV": -0.166243851184845, "MHL": 1.15306556224823, "MUS": 0.6402587890625, "FSM": 1.20931696891785, "NRU": 1.45398449897766, "PLW": 1.45398449897766, "PNG": -0.808443784713745, "KNA": 1.03611218929291, "LCA": 0.790275514125824, "VCT": 0.790275514125824, "WSM": 0.765691876411438, "STP": 0.115442857146263, "SYC": 0.856766223907471, "SGP": 1.16941487789154, "SLB": 0.343293845653534, "SUR": 0.0824754610657692, "TLS": -0.7351347033250943, "TON": 0.689703106880188, "TTO": -0.0508231818675995, "TUV": 1.42273163795471, "VUT": 1.27522957324982, "ABW": 0.9648171112602826, "AIA": -0.0454382068195743, "ASM": 0.7950259928184384, "COK": -0.0454382068195743, "CUW": 0.7612627967477215, "GUM": 0.7097036987422066, "MNP": 0.8834977443481982, "MSR": -0.0454382068195743, "NCL": 0.5557863838625362, "NIU": -0.0454382068195743, "PRI": 0.5021033155857582, "PYF": 0.8479525809776328, "SXM": 0.175452289804906, "VGB": 0.939493849670151, "VIR": 1.037665287411034}, "2011": {"ATG": 0.957588255405426, "BHS": 1.10362148284912, "BRB": 1.24613010883331, "BLZ": 0.151908859610558, "CPV": 0.722605228424072, "COM": -0.552736103534698, "CUB": 0.280382126569748, "DMA": 1.13915860652924, "DOM": -0.0004818502056878, "FJI": -0.0712881982326508, "GRD": 0.3601154088974, "GNB": -0.753625988960266, "GUY": -0.434282511472702, "HTI": -0.990167558193207, "JAM": -0.0629833340644836, "KIR": 1.30248832702637, "MDV": -0.242630183696747, "MHL": 1.06180381774902, "MUS": 0.946499407291412, "FSM": 1.10138940811157, "NRU": 1.06180381774902, "PLW": 1.06180381774902, "PNG": -0.754677414894104, "KNA": 0.957588255405426, "LCA": 0.849078357219696, "VCT": 0.849078357219696, "WSM": 0.988590955734253, "STP": 0.0078263999894261, "SYC": 0.937754094600677, "SGP": 1.19142174720764, "SLB": 0.307558387517929, "SUR": 0.119975283741951, "TLS": -0.2843740602967602, "TON": 0.937798142433167, "TTO": 0.141080409288406, "TUV": 1.30248832702637, "VUT": 1.10943698883057, "ABW": 0.9074541332585933, "AIA": -0.0074384735964237, "ASM": 1.0590386207270228, "COK": -0.0074384735964237, "CUW": 0.6230613252065725, "GUM": 0.6148423308798723, "MNP": 1.0735559263875014, "MSR": -0.0074384735964237, "NCL": 0.8285686582261564, "NIU": -0.0074384735964237, "PRI": 0.5582611174310148, "PYF": 0.8489412042074811, "SXM": 1.0599275552341183, "VGB": 0.8234827713229511, "VIR": 1.1371871270822256}, "2012": {"ATG": 0.975788056850433, "BHS": 1.18402600288391, "BRB": 1.18596565723419, "BLZ": 0.180257618427277, "CPV": 0.809086382389069, "COM": -0.452308028936386, "CUB": 0.307248294353485, "DMA": 0.98058545589447, "DOM": 0.252366811037064, "FJI": -0.0677748322486877, "GRD": 0.492649018764496, "GNB": -0.965295851230621, "GUY": -0.499614059925079, "HTI": -0.78809267282486, "JAM": 0.12050811201334, "KIR": 1.29035115242004, "MDV": -0.36517146229744, "MHL": 1.02640020847321, "MUS": 0.971312403678894, "FSM": 1.15086984634399, "NRU": 1.02640020847321, "PLW": 1.02640020847321, "PNG": -0.590442359447479, "KNA": 0.975788056850433, "LCA": 0.893705666065216, "VCT": 0.928883850574493, "WSM": 0.999240159988403, "STP": 0.0133354179561138, "SYC": 0.744266331195831, "SGP": 1.36817455291748, "SLB": 0.187316343188286, "SUR": 0.0793254524469376, "TLS": -0.735357087380266, "TON": 0.894514441490173, "TTO": 0.104277603328228, "TUV": 1.29035115242004, "VUT": 1.20170080661774, "ABW": 0.8617445075137532, "AIA": -0.0674226942023738, "ASM": 1.0495256933811763, "COK": -0.0674226942023738, "CUW": 0.7021694782287666, "GUM": 0.6980825878539716, "MNP": 1.0625271533493037, "MSR": -0.0674226942023738, "NCL": 0.5921435293885136, "NIU": -0.0674226942023738, "PRI": 0.9692562142328074, "PYF": 0.9660573303571668, "SXM": 0.0674225806870889, "VGB": 0.9665163678327918, "VIR": 0.9753741402796928}, "2013": {"ATG": 0.958863377571106, "BHS": 1.13482463359833, "BRB": 1.26692914962769, "BLZ": 0.176189258694649, "CPV": 0.777999877929688, "COM": -0.256929188966751, "CUB": 0.370564639568329, "DMA": 1.11985623836517, "DOM": 0.207428693771362, "FJI": -0.0510276891291142, "GRD": 0.426174342632294, "GNB": -0.899927616119385, "GUY": -0.45660674571991, "HTI": -0.631015360355377, "JAM": 0.182374373078346, "KIR": 1.28392601013184, "MDV": 0.125037372112274, "MHL": 1.054114818573, "MUS": 0.94480174779892, "FSM": 1.102858543396, "NRU": 1.054114818573, "PLW": 1.054114818573, "PNG": -0.520246863365173, "KNA": 0.958863377571106, "LCA": 0.85335773229599, "VCT": 0.85335773229599, "WSM": 0.989007890224457, "STP": 0.111840724945068, "SYC": 0.825588941574097, "SGP": 1.378178358078, "SLB": 0.300382703542709, "SUR": 0.132779225707054, "TLS": -0.4976432725193611, "TON": 0.935446381568909, "TTO": 0.0936860963702202, "TUV": 1.28392601013184, "VUT": 1.1603866815567, "ABW": 1.0512941992942777, "AIA": -0.0780961037475439, "ASM": 0.933469985399738, "COK": -0.0780961037475439, "CUW": 1.0204777103549254, "GUM": 0.5522589387354386, "MNP": 0.8963132781907308, "MSR": -0.0780961037475439, "NCL": 0.5460025735441396, "NIU": -0.0780961037475439, "PRI": 0.8936055849528488, "PYF": 0.8747551344850742, "SXM": 0.8549438808378699, "VGB": 0.9443767186138162, "VIR": 0.9973088042079412}, "2014": {"ATG": 0.984550714492798, "BHS": 0.956470131874084, "BRB": 1.2779198884964, "BLZ": 0.0485830754041672, "CPV": 0.350779145956039, "COM": -0.186910167336464, "CUB": 0.544822037220001, "DMA": 1.05717813968658, "DOM": 0.145934492349625, "FJI": 0.553164601325989, "GRD": 0.774568855762482, "GNB": -0.706451654434204, "GUY": -0.136097595095634, "HTI": -0.643627285957336, "JAM": 0.0244925320148468, "KIR": 0.801865816116333, "MDV": 0.679096162319183, "MHL": 0.989585757255554, "MUS": 0.667965948581696, "FSM": 0.984550714492798, "NRU": 0.601334393024445, "PLW": 0.989585757255554, "PNG": -0.339367091655731, "KNA": 0.572488188743591, "LCA": 0.816450417041779, "VCT": 0.816450417041779, "WSM": 1.1219048500061, "STP": 0.18418300151825, "SYC": 0.361632436513901, "SGP": 1.18627142906189, "SLB": 0.470224827528, "SUR": 0.249270841479301, "TLS": -0.0727998637513733, "TON": 0.847196459770203, "TTO": 0.247864335775375, "TUV": 1.29932725429535, "VUT": 0.636045277118683, "ABW": 1.0096123364684038, "AIA": -0.0680329105242654, "ASM": 0.6305266162232193, "COK": -0.0680329105242654, "CUW": 0.9241324972205076, "GUM": 0.4165295478641239, "MNP": 0.8576369250707244, "MSR": -0.0680329105242654, "NCL": 0.6674107499717954, "NIU": -0.0680329105242654, "PRI": 0.7814644538637386, "PYF": 0.7960214133692779, "SXM": 0.3057765626556974, "VGB": 0.9667023827461187, "VIR": 0.9475887942141764}}, "upperIntervals": {"2010": {"TLS": 0.3897223392934167, "ABW": 0.964652877676478, "AIA": 0.3897223392934167, "ASM": 0.8117970889933063, "COK": 0.3897223392934167, "CUW": 0.7650952602193251, "GUM": 0.7165090258317552, "MNP": 0.878939241109383, "MSR": 0.3897223392934167, "NCL": 0.5296735856124667, "NIU": 0.3897223392934167, "PRI": 0.5161880308445431, "PYF": 0.8556610934496189, "SXM": 0.3897223392934167, "VGB": 0.936434886357156, "VIR": 1.0402174755621818}, "2011": {"TLS": 0.3972186402950553, "ABW": 0.911661878672716, "AIA": 0.39484999825261, "ASM": 1.0664228508698486, "COK": 0.39484999825261, "CUW": 0.6224542117737575, "GUM": 0.6213454733977075, "MNP": 1.0681277780623009, "MSR": 0.39484999825261, "NCL": 0.8222478375821145, "NIU": 0.39484999825261, "PRI": 0.5608034195915095, "PYF": 0.8495267562601506, "SXM": 1.066898815601907, "VGB": 0.8258450374064674, "VIR": 1.1386427347984354}, "2012": {"TLS": 0.3071784352700361, "ABW": 0.8596503242270506, "AIA": 0.3022527564106118, "ASM": 1.0496677919350943, "COK": 0.3022527564106118, "CUW": 0.6958447209222688, "GUM": 0.6768461183458464,