{"data": {"2010": {"ATG": 0.487678373454529, "BHS": 0.467871707263309, "BRB": 0.882450191583301, "BLZ": 0.350522883020728, "CPV": 0.34666528354977, "COM": 0.325237777244702, "CUB": 0.3540620683789982, "DMA": 0.436297741845554, "DOM": 0.369908130782348, "FJI": 0.45146880531117, "GRD": 0.371366886884811, "GNB": 0.169896460733528, "GUY": 0.302967434080433, "HTI": 0.239342513154276, "JAM": 0.31385947964549, "KIR": 0.371603066444256, "MDV": 0.515853205604958, "MHL": 0.440998178175712, "MUS": 0.575787242043296, "FSM": 0.345303777854138, "NRU": 0.4656631604805946, "PLW": 0.385046777445686, "PNG": 0.335092485136896, "KNA": 0.486641035781666, "LCA": 0.470335384236358, "VCT": 0.536109076056301, "WSM": 0.490984887286778, "STP": 0.212654222936833, "SYC": 0.453251729436402, "SGP": 0.755246659448525, "SLB": 0.299660920248183, "SUR": 0.241894178590648, "TLS": 0.376812909667339, "TON": 0.485895449329297, "TTO": 0.330845884038616, "TUV": 0.4047197092870513, "VUT": 0.381610596404329, "ABW": 0.5058689845070629, "AIA": 0.4256120104925783, "ASM": 0.4755220096881059, "COK": 0.4256120104925783, "CUW": 0.5398952490417868, "GUM": 0.557058011804915, "MNP": 0.5236998435278113, "MSR": 0.4256120104925783, "NCL": 0.5737600444532904, "NIU": 0.4256120104925783, "PRI": 0.5737745201414118, "PYF": 0.4407159369188496, "SXM": 0.4507318230511433, "VGB": 0.491009468358061, "VIR": 0.6344797083597588}, "2011": {"ATG": 0.470821636270512, "BHS": 0.456558243268651, "BRB": 0.882158440362808, "BLZ": 0.339566003851117, "CPV": 0.382323766054422, "COM": 0.322579599457991, "CUB": 0.3292297694763961, "DMA": 0.429036378135516, "DOM": 0.345336194656415, "FJI": 0.450885302870184, "GRD": 0.390979052262369, "GNB": 0.166978948528602, "GUY": 0.299790587457291, "HTI": 0.234822684722517, "JAM": 0.319143418416634, "KIR": 0.362304075162524, "MDV": 0.504405443429439, "MHL": 0.446152449737748, "MUS": 0.578996505468714, "FSM": 0.344558191401768, "NRU": 0.5525282445480877, "PLW": 0.375354153564876, "PNG": 0.32345485311947, "KNA": 0.480157675326275, "LCA": 0.461615264423857, "VCT": 0.535946992044917, "WSM": 0.514454652135294, "STP": 0.205781860854118, "SYC": 0.452797894204525, "SGP": 0.754792824216648, "SLB": 0.299790587457291, "SUR": 0.242218346613417, "TLS": 0.390395549821383, "TON": 0.482783436310708, "TTO": 0.329614045552091, "TUV": 0.4366884922105541, "VUT": 0.379600754663157, "ABW": 0.6013914469244404, "AIA": 0.4116054751354244, "ASM": 0.5297678117350337, "COK": 0.4116054751354244, "CUW": 0.5196259591131128, "GUM": 0.5581990899545162, "MNP": 0.5638473946689044, "MSR": 0.4116054751354244, "NCL": 0.504832094145315, "NIU": 0.4116054751354244, "PRI": 0.5748270066204956, "PYF": 0.4142792738601073, "SXM": 0.5217749077524001, "VGB": 0.4714035633359303, "VIR": 0.6297401430061504}, "2012": {"ATG": 0.461939432446625, "BHS": 0.447222204212888, "BRB": 0.453770398272833, "BLZ": 0.34186759681278, "CPV": 0.399828839283978, "COM": 0.316744575048139, "CUB": 0.366641176285431, "DMA": 0.424400775409911, "DOM": 0.3454982786678, "FJI": 0.442683851894114, "GRD": 0.383814938959161, "GNB": 0.206948865736088, "GUY": 0.289417210728665, "HTI": 0.234859732496548, "JAM": 0.313178726797674, "KIR": 0.359451396562152, "MDV": 0.502946687326976, "MHL": 0.439604255677804, "MUS": 0.581233264825824, "FSM": 0.340927509546748, "NRU": 0.4728597847813182, "PLW": 0.373247061416873, "PNG": 0.318721999987033, "KNA": 0.461485597214749, "LCA": 0.459605422682685, "VCT": 0.535525573615317, "WSM": 0.521813266252164, "STP": 0.29107046764479, "SYC": 0.458146666580222, "SGP": 0.7606278486265, "SLB": 0.3007630915256, "SUR": 0.241018924929169, "TLS": 0.392081223539786, "TON": 0.480417009744491, "TTO": 0.331688720897816, "TUV": 0.4347464668177125, "VUT": 0.366082948113667, "ABW": 0.4535377220657158, "AIA": 0.4264082475327687, "ASM": 0.5097522711063014, "COK": 0.4264082475327687, "CUW": 0.494670683517713, "GUM": 0.5206652948378105, "MNP": 0.4969021744947528, "MSR": 0.4264082475327687, "NCL": 0.39116665247047, "NIU": 0.4264082475327687, "PRI": 0.5345013737766806, "PYF": 0.4531309677536313, "SXM": 0.403654347907165, "VGB": 0.4734000706515036, "VIR": 0.5347193059985028}, "2013": {"ATG": 0.44261901828956, "BHS": 0.44145201340759, "BRB": 0.459832340298623, "BLZ": 0.347767454827186, "CPV": 0.41204997374239, "COM": 0.334768317114127, "CUB": 0.3758172378381565, "DMA": 0.434806568940814, "DOM": 0.337361661296283, "FJI": 0.435390071381799, "GRD": 0.395582238185696, "GNB": 0.209574626720522, "GUY": 0.299012584202645, "HTI": 0.240713280793416, "JAM": 0.346989451572539, "KIR": 0.366823903594283, "MDV": 0.460253758728224, "MHL": 0.439215254050479, "MUS": 0.604573362465234, "FSM": 0.348286123663618, "NRU": 0.4209468579705838, "PLW": 0.37425198228746, "PNG": 0.321931263412452, "KNA": 0.455520905595789, "LCA": 0.471405138711498, "VCT": 0.495912241232876, "WSM": 0.53325639745593, "STP": 0.290908383633405, "SYC": 0.471405138711498, "SGP": 0.78406519667274, "SLB": 0.335449069961943, "SUR": 0.245233109225173, "TLS": 0.393766897258187, "TON": 0.485311946888311, "TTO": 0.354769484119008, "TUV": 0.4435394786780009, "VUT": 0.371237219675703, "ABW": 0.4437266228856996, "AIA": 0.4293809649547532, "ASM": 0.3898539105001837, "COK": 0.4293809649547532, "CUW": 0.4352591371788632, "GUM": 0.4615999710696788, "MNP": 0.4208270480836552, "MSR": 0.4293809649547532, "NCL": 0.421656269557953, "NIU": 0.4293809649547532, "PRI": 0.5432522373422608, "PYF": 0.4531860208541882, "SXM": 0.442574377833552, "VGB": 0.4591529910911002, "VIR": 0.4756275559177668}, "2014": {"ATG": 0.466186033544907, "BHS": 0.463268521339981, "BRB": 0.48586303252702, "BLZ": 0.372144890139458, "CPV": 0.479023087246582, "COM": 0.359599587658276, "CUB": 0.4302493911137895, "DMA": 0.460124091519116, "DOM": 0.359048502019567, "FJI": 0.456785160884589, "GRD": 0.418403666988674, "GNB": 0.237939328712859, "GUY": 0.328673958286059, "HTI": 0.246418637994159, "JAM": 0.379017252222172, "KIR": 0.382124634269006, "MDV": 0.458016999371114, "MHL": 0.464727277442444, "MUS": 0.637865418403667, "FSM": 0.345952113899677, "NRU": 0.4781401687558846, "PLW": 0.404269941195921, "PNG": 0.34442852419266, "KNA": 0.483366938751694, "LCA": 0.495750157221491, "VCT": 0.537989250588365, "WSM": 0.554392152540505, "STP": 0.313049059588566, "SYC": 0.508295459702673, "SGP": 0.845138452162525, "SLB": 0.342386265649211, "SUR": 0.267049617157565, "TLS": 0.417528413327196, "TON": 0.517307330735667, "TTO": 0.381286428381558, "TUV": 0.4783645438092043, "VUT": 0.391594971505631, "ABW": 0.4447202486284998, "AIA": 0.4296252500161525, "ASM": 0.4373988001627549, "COK": 0.4296252500161525, "CUW": 0.5526774971968695, "GUM": 0.5953565075953762, "MNP": 0.5178230559850258, "MSR": 0.4296252500161525, "NCL": 0.457109777607497, "NIU": 0.4296252500161525, "PRI": 0.54190571266718, "PYF": 0.4629476493380022, "SXM": 0.4620752750260009, "VGB": 0.5083838337632337, "VIR": 0.5752677866860696}}, "upperIntervals": {"2010": {"CUB": 0.4323715609992185, "NRU": 0.4474347988961707, "TUV": 0.4276470210631074, "ABW": 0.5092157909835356, "AIA": 0.4323715609992185, "ASM": 0.4704229740328221, "COK": 0.4323715609992185, "CUW": 0.5366012135527115, "GUM": 0.5512819988309997, "MNP": 0.5227411956380656, "MSR": 0.4323715609992185, "NCL": 0.5676903044231435, "NIU": 0.4323715609992185, "PRI": 0.5576843172806986, "PYF": 0.4467577340235597, "SXM": 0.4533234901400138, "VGB": 0.4916409318956264, "VIR": 0.6240627974693173}, "2011": {"CUB": 0.4301998409003292, "NRU": 0.5140044134487328, "TUV": 0.436757512715081, "ABW": 0.5846892740626854, "AIA": 0.4301998409003292, "ASM": 0.5036955446134079, "COK": 0.4301998409003292, "CUW": 0.5140637247794926, "GUM": 0.5479093383207463, "MNP": 0.5358245115502935, "MSR": 0.4301998409003292, "NCL": 0.5039170490950766, "NIU": 0.4301998409003292, "PRI": 0.5710519799792217, "PYF": 0.4286961765006575, "SXM": 0.5147442826333315, "VGB": 0.4708303084396107, "VIR": 0.6276171845087111}, "2012": {"CUB": 0.4419986755973134, "NRU": 0.4656118043261475, "TUV": 0.4420327770052004,