{"data": {"2010": {"ATG": 1.30807197093964, "BHS": 1.35477578639984, "BRB": 1.48342955112457, "BLZ": -0.106944918632507, "CPV": 0.856144666671753, "COM": -0.806915760040283, "CUB": 0.31281653046608, "DMA": 0.708867907524109, "DOM": -0.843630075454712, "FJI": -0.45909184217453, "GRD": 0.425114959478378, "GNB": -1.15541398525238, "GUY": -0.558649957180023, "HTI": -1.1871634721756, "JAM": -0.231324955821037, "KIR": -0.0772882699966431, "MDV": -0.547903776168823, "MHL": -0.334661513566971, "MUS": 0.559522330760956, "FSM": -0.149765193462372, "NRU": 0.0135114835575223, "PLW": -0.500088691711426, "PNG": -1.04398572444916, "KNA": 1.00666415691376, "LCA": 1.20156311988831, "VCT": 1.00666415691376, "WSM": 0.120351016521454, "STP": -0.252986311912537, "SYC": 0.448837488889694, "SGP": 2.179523229599, "SLB": -0.347470909357071, "SUR": -0.329901188611984, "TLS": -0.7248956675235343, "TON": -0.334329694509506, "TTO": -0.173851057887077, "TUV": -0.256461620330811, "VUT": 0.292229354381561, "ABW": 0.6912038977042488, "AIA": 0.0018690577348716, "ASM": 0.3437533332925361, "COK": 0.0018690577348716, "CUW": 0.9047878368403977, "GUM": 0.8515703678304775, "MNP": 0.5633163641169838, "MSR": 0.0018690577348716, "NCL": 0.9087262331323752, "NIU": 0.0018690577348716, "PRI": 0.8495899200971001, "PYF": 0.4566293859113047, "SXM": 0.4022863991448952, "VGB": 1.095275212805412, "VIR": 1.2097495758615735}, "2011": {"ATG": 1.27927684783936, "BHS": 1.35380661487579, "BRB": 1.72458076477051, "BLZ": -0.330713093280792, "CPV": 0.90375030040741, "COM": -0.790624380111694, "CUB": 0.272348612546921, "DMA": 0.709491848945618, "DOM": -0.812097370624542, "FJI": -0.1258764564991, "GRD": 0.421742469072342, "GNB": -1.15624225139618, "GUY": -0.608200371265411, "HTI": -1.2231969833374, "JAM": -0.162444815039635, "KIR": 0.0949826240539551, "MDV": -0.554829001426697, "MHL": -0.332054883241653, "MUS": 0.536861181259155, "FSM": -0.344562023878098, "NRU": -0.0404351465404034, "PLW": -0.528869032859802, "PNG": -1.02284622192383, "KNA": 1.01765596866608, "LCA": 1.20737898349762, "VCT": 1.01765596866608, "WSM": 0.0969804003834724, "STP": -0.179237946867943, "SYC": 0.422816038131714, "SGP": 2.10970377922058, "SLB": -0.34332600235939, "SUR": -0.277395784854889, "TLS": -0.4715005653570816, "TON": -0.331752091646194, "TTO": -0.109660990536213, "TUV": -0.526983201503754, "VUT": 0.299262911081314, "ABW": 0.8553112358456249, "AIA": -0.0101886958397035, "ASM": 0.3460602838328825, "COK": -0.0101886958397035, "CUW": 0.943509056434734, "GUM": 0.6455798480913513, "MNP": 0.2738093997563119, "MSR": -0.0101886958397035, "NCL": 0.5714604627904913, "NIU": -0.0101886958397035, "PRI": 0.7067959573151001, "PYF": 0.4160220533740437, "SXM": 0.2734130767601667, "VGB": 0.9811731852630252, "VIR": 0.6398653416164256}, "2012": {"ATG": 1.26837253570557, "BHS": 1.3239426612854, "BRB": 1.65635943412781, "BLZ": -0.136378541588783, "CPV": 0.868030965328217, "COM": -0.783375799655914, "CUB": 0.235272824764252, "DMA": 0.664162337779999, "DOM": -0.859959840774536, "FJI": -0.110103368759155, "GRD": 0.416996031999588, "GNB": -1.27893948554993, "GUY": -0.754329144954681, "HTI": -1.23576617240906, "JAM": -0.257782697677612, "KIR": 0.0065244929865002, "MDV": -0.70279723405838, "MHL": -0.263902455568314, "MUS": 0.303541749715805, "FSM": -0.148040369153023, "NRU": -0.0174710340797901, "PLW": -0.426980406045914, "PNG": -0.938081026077271, "KNA": 0.943537175655365, "LCA": 1.01258313655853, "VCT": 0.943537175655365, "WSM": 0.106820456683636, "STP": -0.17821279168129, "SYC": 0.417920827865601, "SGP": 2.12405681610107, "SLB": -0.358102738857269, "SUR": -0.333895444869995, "TLS": -0.8212270507327599, "TON": -0.321157783269882, "TTO": -0.155371934175491, "TUV": -0.350454598665237, "VUT": 0.336719185113907, "ABW": 0.9526376708318892, "AIA": -0.0306872865973508, "ASM": 0.3458448715397199, "COK": -0.0306872865973508, "CUW": 1.1890898795745344, "GUM": 1.139524990144196, "MNP": 0.2863016342610169, "MSR": -0.0306872865973508, "NCL": 0.5135296554448264, "NIU": -0.0306872865973508, "PRI": 0.6619509267799307, "PYF": 0.6403180756512867, "SXM": -0.1404230727508895, "VGB": 0.9489568215341996, "VIR": 0.6586795294877504}, "2013": {"ATG": 1.26079797744751, "BHS": 1.34189188480377, "BRB": 1.61942934989929, "BLZ": -0.0969267711043358, "CPV": 0.836728513240814, "COM": -0.739959955215454, "CUB": 0.120164975523949, "DMA": 0.666661500930786, "DOM": -0.874585688114166, "FJI": -0.12109848856926, "GRD": 0.419845134019852, "GNB": -1.32558834552765, "GUY": -0.65083783864975, "HTI": -1.13048493862152, "JAM": -0.275375753641129, "KIR": -0.0424943938851357, "MDV": -0.747776448726654, "MHL": -0.0378925912082195, "MUS": 0.292628407478333, "FSM": -0.204565733671188, "NRU": -0.643288493156433, "PLW": -0.643288493156433, "PNG": -0.961522102355957, "KNA": 0.940623223781586, "LCA": 1.04283130168915, "VCT": 0.940623223781586, "WSM": 0.145205840468407, "STP": -0.175502121448517, "SYC": 0.441972374916077, "SGP": 2.07806634902954, "SLB": -0.400270760059357, "SUR": -0.275392025709152, "TLS": -0.7813518406833457, "TON": -0.282675743103027, "TTO": -0.21661576628685, "TUV": -0.396405547857285, "VUT": 0.288386523723602, "ABW": 0.7192594078317562, "AIA": -0.0973329829777431, "ASM": 0.148652772757782, "COK": -0.0973329829777431, "CUW": 0.4306968263148718, "GUM": 0.8929238750306744, "MNP": 0.2225008823798469, "MSR": -0.0973329829777431, "NCL": 0.3702105314213, "NIU": -0.0973329829777431, "PRI": 0.4387039990948632, "PYF": 0.4363283556909204, "SXM": -0.0992013827155981, "VGB": 1.0036811828352736, "VIR": 0.5916524598552949}, "2014": {"ATG": 0.639902889728546, "BHS": 1.31317675113678, "BRB": 1.13804256916046, "BLZ": -0.198207378387451, "CPV": 0.938025832176208, "COM": -0.612202405929565, "CUB": 0.0684009343385696, "DMA": 0.624051988124847, "DOM": -0.816102564334869, "FJI": 0.179258391261101, "GRD": 0.247271582484245, "GNB": -1.53846406936646, "GUY": -0.741510391235352, "HTI": -1.23389971256256, "JAM": -0.299021482467651, "KIR": 0.251793473958969, "MDV": -0.376612514257431, "MHL": -0.107749834656715, "MUS": 0.351373821496964, "FSM": 0.768475770950317, "NRU": -0.472561568021774, "PLW": -0.472561568021774, "PNG": -0.910418808460236, "KNA": 0.247271582484245, "LCA": 0.414502918720245, "VCT": 0.624051988124847, "WSM": 0.296049773693085, "STP": -0.0019088048720732, "SYC": 0.43800950050354, "SGP": 2.07136535644531, "SLB": -0.277966886758804, "SUR": -0.443283438682556, "TLS": -0.5874686860528977, "TON": -0.31449943780899, "TTO": -0.413552701473236, "TUV": -0.0146536156535149, "VUT": 0.461749702692032, "ABW": 0.4495609857945645, "AIA": -0.0271667286908012, "ASM": -0.1661302525669507, "COK": -0.0271667286908012, "CUW": 0.6198240617410143, "GUM": 0.8635934401260803, "MNP": 0.5738534181159161, "MSR": -0.0271667286908012, "NCL": 0.4380026871939029, "NIU": -0.0271667286908012, "PRI": 0.4431680923209846, "PYF": 0.2754398917574279, "SXM": 0.1338428797964234, "VGB": 0.805303481657793, "VIR": 0.8044344208730251}}, "upperIntervals": {"2010": {"TLS": 0.0409992595076239, "ABW": 0.7084336830917642, "AIA": 0.0409840811211259, "ASM": 0.3005833742169739, "COK": 0.0409840811211259, "CUW": 0.8973433010409794, "GUM": 0.8585678152760774, "MNP": 0.5595398578648477, "MSR": 0.0409840811211259, "NCL": 0.9252384472976612, "NIU": 0.0409840811211259, "PRI": 0.8594672083077327, "PYF": 0.4651325148803112, "SXM": 0.4255194363999738, "VGB": 1.0904540436689183, "VIR": 1.20120351887455}, "2011": {"TLS": -0.0090645935453764, "ABW": 0.8692966973938475, "AIA": -0.0090645935453764, "ASM": 0.3118441000497699, "COK": -0.0090645935453764, "CUW": 0.9469534664985954, "GUM": 0.6472863222777384, "MNP": 0.2749305285914511, "MSR": -0.0090645935453764, "NCL": 0.5612968084799882, "NIU": -0.0090645935453764, "PRI": 0.7099581839904311, "PYF": 0.4284255110478994, "SXM": 0.2749305285914511, "VGB": 0.9995754840678364, "VIR": 0.6467132724763657}, "2012": {"TLS": 0.0272363389923827, "ABW": 0.9630712275970916, "AIA": 0.0272363389923827, "ASM": 0.3682872137319664,