{"data": {"2010": {"ATG": 0.162718815121984, "BHS": 0.620775536324963, "BRB": 0.164066556452271, "BLZ": 0.403131847293272, "CPV": 0.0, "COM": 0.480154664850034, "CUB": 0.633636119042592, "DMA": 0.0865124676942384, "DOM": 0.379854505246136, "FJI": 0.803258586803769, "GRD": 0.185866628868961, "GNB": 0.556879702428784, "GUY": 0.52992254152899, "HTI": 0.446158259144827, "JAM": 0.55407087257084, "KIR": 0.977182858288987, "MDV": 0.825848657336127, "MHL": 0.68453174823325, "MUS": 0.506505951334249, "FSM": 0.671096031368626, "NRU": 0.807741747221055, "PLW": 0.636926681848429, "PNG": 0.686398900902493, "KNA": 0.25248962471045, "LCA": 0.12181120638125, "VCT": 0.0959650693762501, "WSM": 0.702906266177239, "STP": 0.755922703086866, "SYC": 0.666324881467756, "SGP": 0.574693562970096, "SLB": 0.667463033804116, "SUR": 0.580415441704397, "TLS": 0.612944886351464, "TON": 0.731126706995222, "TTO": 0.362095702253768, "TUV": 0.693558996203625, "VUT": 0.698481781023164, "ABW": 0.2512684542335291, "AIA": 0.6485150195191283, "ASM": 0.6475387651753961, "COK": 0.6485150195191283, "CUW": 0.4754876809845115, "GUM": 0.5804809968965507, "MNP": 0.4556561971844953, "MSR": 0.6485150195191283, "NCL": 0.5363024105083645, "NIU": 0.6485150195191283, "PRI": 0.7223705058292162, "PYF": 0.2980020655831236, "SXM": 0.6328086085410498, "VGB": 0.2526806093902526, "VIR": 0.517663320500503}, "2011": {"ATG": 0.162718815121984, "BHS": 0.620775536324963, "BRB": 0.164066556452271, "BLZ": 0.403131847293272, "CPV": 0.0, "COM": 0.480154664850034, "CUB": 0.633636119042592, "DMA": 0.0865124676942384, "DOM": 0.379854505246136, "FJI": 0.803258586803769, "GRD": 0.185866628868961, "GNB": 0.556879702428784, "GUY": 0.52992254152899, "HTI": 0.446158259144827, "JAM": 0.55407087257084, "KIR": 0.977182858288987, "MDV": 0.825848657336127, "MHL": 0.68453174823325, "MUS": 0.506505951334249, "FSM": 0.671096031368626, "NRU": 0.807741747221055, "PLW": 0.636926681848429, "PNG": 0.686398900902493, "KNA": 0.25248962471045, "LCA": 0.12181120638125, "VCT": 0.0959650693762501, "WSM": 0.702906266177239, "STP": 0.755922703086866, "SYC": 0.666324881467756, "SGP": 0.574693562970096, "SLB": 0.667463033804116, "SUR": 0.580415441704397, "TLS": 0.612944886351464, "TON": 0.731126706995222, "TTO": 0.362095702253768, "TUV": 0.693558996203625, "VUT": 0.698481781023164, "ABW": 0.408471811253236, "AIA": 0.6482063622519123, "ASM": 0.6486962189503823, "COK": 0.6482063622519123, "CUW": 0.4980178937159633, "GUM": 0.617002060652284, "MNP": 0.6773450566117264, "MSR": 0.6482063622519123, "NCL": 0.6171578612942346, "NIU": 0.6482063622519123, "PRI": 0.6661761326272847, "PYF": 0.3256727184432144, "SXM": 0.535365178595414, "VGB": 0.1645218295996671, "VIR": 0.5803327119533626}, "2012": {"ATG": 0.162718815121984, "BHS": 0.620775536324963, "BRB": 0.164066556452271, "BLZ": 0.403131847293272, "CPV": 0.0, "COM": 0.480154664850034, "CUB": 0.633636119042592, "DMA": 0.0865124676942384, "DOM": 0.379854505246136, "FJI": 0.803258586803769, "GRD": 0.185866628868961, "GNB": 0.556879702428784, "GUY": 0.52992254152899, "HTI": 0.446158259144827, "JAM": 0.55407087257084, "KIR": 0.977182858288987, "MDV": 0.825848657336127, "MHL": 0.68453174823325, "MUS": 0.506505951334249, "FSM": 0.671096031368626, "NRU": 0.807741747221055, "PLW": 0.636926681848429, "PNG": 0.686398900902493, "KNA": 0.25248962471045, "LCA": 0.12181120638125, "VCT": 0.0959650693762501, "WSM": 0.702906266177239, "STP": 0.755922703086866, "SYC": 0.666324881467756, "SGP": 0.574693562970096, "SLB": 0.667463033804116, "SUR": 0.580415441704397, "TLS": 0.612944886351464, "TON": 0.731126706995222, "TTO": 0.362095702253768, "TUV": 0.693558996203625, "VUT": 0.698481781023164, "ABW": 0.2277462663133974, "AIA": 0.647300042871599, "ASM": 0.6495472154394372, "COK": 0.647300042871599, "CUW": 0.4760496480729884, "GUM": 0.6335503974485832, "MNP": 0.6770716406538536, "MSR": 0.647300042871599, "NCL": 0.5691440587838043, "NIU": 0.647300042871599, "PRI": 0.7866353072910587, "PYF": 0.4099130658295669, "SXM": 0.5526948440377583, "VGB": 0.162619853736036, "VIR": 0.7223888298928095}, "2013": {"ATG": 0.162718815121984, "BHS": 0.620775536324963, "BRB": 0.164066556452271, "BLZ": 0.403131847293272, "CPV": 0.0, "COM": 0.480154664850034, "CUB": 0.633636119042592, "DMA": 0.0865124676942384, "DOM": 0.379854505246136, "FJI": 0.803258586803769, "GRD": 0.185866628868961, "GNB": 0.556879702428784, "GUY": 0.52992254152899, "HTI": 0.446158259144827, "JAM": 0.55407087257084, "KIR": 0.977182858288987, "MDV": 0.825848657336127, "MHL": 0.68453174823325, "MUS": 0.506505951334249, "FSM": 0.671096031368626, "NRU": 0.807741747221055, "PLW": 0.636926681848429, "PNG": 0.686398900902493, "KNA": 0.25248962471045, "LCA": 0.12181120638125, "VCT": 0.0959650693762501, "WSM": 0.702906266177239, "STP": 0.755922703086866, "SYC": 0.666324881467756, "SGP": 0.574693562970096, "SLB": 0.667463033804116, "SUR": 0.580415441704397, "TLS": 0.612944886351464, "TON": 0.731126706995222, "TTO": 0.362095702253768, "TUV": 0.693558996203625, "VUT": 0.698481781023164, "ABW": 0.2280236132561968, "AIA": 0.6475064238401289, "ASM": 0.6342331733537071, "COK": 0.6475064238401289, "CUW": 0.4101934630357013, "GUM": 0.5339102042943684, "MNP": 0.6173170706987757, "MSR": 0.6475064238401289, "NCL": 0.5674801198924602, "NIU": 0.6475064238401289, "PRI": 0.7822776863245542, "PYF": 0.4766050005291422, "SXM": 0.6930610528877064, "VGB": 0.16227459940018, "VIR": 0.6923012211425557}, "2014": {"ATG": 0.162718815121984, "BHS": 0.620775536324963, "BRB": 0.164066556452271, "BLZ": 0.403131847293272, "CPV": 0.0, "COM": 0.480154664850034, "CUB": 0.633636119042592, "DMA": 0.0865124676942384, "DOM": 0.379854505246136, "FJI": 0.803258586803769, "GRD": 0.185866628868961, "GNB": 0.556879702428784, "GUY": 0.52992254152899, "HTI": 0.446158259144827, "JAM": 0.55407087257084, "KIR": 0.977182858288987, "MDV": 0.825848657336127, "MHL": 0.68453174823325, "MUS": 0.506505951334249, "FSM": 0.671096031368626, "NRU": 0.807741747221055, "PLW": 0.636926681848429, "PNG": 0.686398900902493, "KNA": 0.25248962471045, "LCA": 0.12181120638125, "VCT": 0.0959650693762501, "WSM": 0.702906266177239, "STP": 0.755922703086866, "SYC": 0.666324881467756, "SGP": 0.574693562970096, "SLB": 0.667463033804116, "SUR": 0.580415441704397, "TLS": 0.612944886351464, "TON": 0.731126706995222, "TTO": 0.362095702253768, "TUV": 0.693558996203625, "VUT": 0.698481781023164, "ABW": 0.2513651839938944, "AIA": 0.6478776142756822, "ASM": 0.6781507804636555, "COK": 0.6478776142756822, "CUW": 0.5176651540617228, "GUM": 0.5517621799494795, "MNP": 0.5981184069579201, "MSR": 0.6478776142756822, "NCL": 0.5502885674919299, "NIU": 0.6478776142756822, "PRI": 0.7428327113308065, "PYF": 0.3262138536861143, "SXM": 0.2959971884449324, "VGB": 0.2505057091381007, "VIR": 0.7430174932331283}}, "upperIntervals": {"2010": {"ABW": 0.7039757289510696, "AIA": 0.7039757289510696, "ASM": 0.7039757289510696, "COK": 0.7039757289510696, "CUW": 0.7039757289510696, "GUM": 0.7039757289510696, "MNP": 0.7039757289510696, "MSR": 0.7039757289510696, "NCL": 0.7039757289510696, "NIU": 0.7039757289510696, "PRI": 0.7196488319196371, "PYF": 0.7039757289510696, "SXM": 0.7039757289510696, "VGB": 0.7039757289510696, "VIR": 0.7039757289510696}, "2011": {"ABW": 0.7140038219553367, "AIA": 0.7140038219553367, "ASM": 0.7140038219553367, "COK": 0.7140038219553367, "CUW": 0.7140038219553367, "GUM": 0.7140038219553367, "MNP": 0.7140038219553367, "MSR": 0.7140038219553367, "NCL": 0.7140038219553367, "NIU": 0.7140038219553367, "PRI": 0.7140038219553367, "PYF": 0.7140038219553367, "SXM": 0.7140038219553367, "VGB": 0.7140038219553367, "VIR": 0.7140038219553367}, "2012": {"ABW": 0.7061023973992095, "AIA": 0.7061023973992095, "ASM": 0.7061023973992095, "COK": 0.7061023973992095, "CUW": 0.7061023973992095, "GUM": 0.7061023973992095, "MNP": 0.7061023973992095, "MSR": 0.7061023973992095, "NCL": 0.7061023973992095, "NIU": 0.7061023973992095, "PRI": 0.785191458531022, "PYF": 0.7061023973992095,