{"data": {"2010": {"ATG": 0.727167322392468, "BHS": 0.737857839534295, "BRB": 0.767306724247418, "BLZ": 0.40326953877696, "CPV": 0.623721029075107, "COM": 0.243046006606957, "CUB": 0.499353058353448, "DMA": 0.590009335442658, "DOM": 0.234642088973656, "FJI": 0.322663004054418, "GRD": 0.525058201895293, "GNB": 0.16327466000892, "GUY": 0.299874122148587, "HTI": 0.156007193082451, "JAM": 0.374798911558115, "KIR": 0.410057954401826, "MDV": 0.302333926153407, "MHL": 0.351145142993922, "MUS": 0.555824088847481, "FSM": 0.393467965231507, "NRU": 0.430842044786727, "PLW": 0.313278813096645, "PNG": 0.188780621790908, "KNA": 0.658174984812034, "LCA": 0.702787414954479, "VCT": 0.658174984812034, "WSM": 0.455297645412099, "STP": 0.369840620756183, "SYC": 0.530488295878413, "SGP": 0.926642772677769, "SLB": 0.348213068517325, "SUR": 0.352234782780961, "TLS": 0.2618204299893859, "TON": 0.3512210964741, "TTO": 0.387954703756597, "TUV": 0.369045121633625, "VUT": 0.494640647672121, "ABW": 0.5859660383819817, "AIA": 0.4281770900800695, "ASM": 0.5064345016503333, "COK": 0.4281770900800695, "CUW": 0.6348554650820298, "GUM": 0.6226739707203958, "MNP": 0.5566925442023511, "MSR": 0.4281770900800695, "NCL": 0.6357569651555426, "NIU": 0.4281770900800695, "PRI": 0.622220645649767, "PYF": 0.5322718634061634, "SXM": 0.519832737697913, "VGB": 0.6784580816560676, "VIR": 0.7046612971427036}, "2011": {"ATG": 0.720576110216946, "BHS": 0.737635995886423, "BRB": 0.822506308218268, "BLZ": 0.352048937562665, "CPV": 0.634617972686327, "COM": 0.246775108280439, "CUB": 0.49008993999907, "DMA": 0.590152155818176, "DOM": 0.24185993441505, "FJI": 0.39893610417232, "GRD": 0.524286237846079, "GNB": 0.163085069644171, "GUY": 0.28853201774138, "HTI": 0.147759111743493, "JAM": 0.390565596110527, "KIR": 0.4494908128897, "MDV": 0.300748740048144, "MHL": 0.351741801444642, "MUS": 0.550636945038878, "FSM": 0.348878913261917, "NRU": 0.418493645236862, "PLW": 0.306690984514277, "PNG": 0.193619460157536, "KNA": 0.660691013765986, "LCA": 0.704118667850997, "VCT": 0.660691013765986, "WSM": 0.4499481044811, "STP": 0.386721643279126, "SYC": 0.524531978120596, "SGP": 0.910661079881395, "SLB": 0.349161838952318, "SUR": 0.364253285196082, "TLS": 0.3198226436559337, "TON": 0.351811110530201, "TTO": 0.402647829116649, "TUV": 0.307122651868213, "VUT": 0.496250630876401, "ABW": 0.6235302565130488, "AIA": 0.4254170667284276, "ASM": 0.5069625633098332, "COK": 0.4254170667284276, "CUW": 0.6437187636743789, "GUM": 0.5755226799612566, "MNP": 0.4904243146224001, "MSR": 0.4254170667284276, "NCL": 0.5585567307921612, "NIU": 0.4254170667284276, "PRI": 0.5895350654283531, "PYF": 0.5229768330045599, "SXM": 0.4903335961716218, "VGB": 0.6523400938784171, "VIR": 0.5742146277427108}, "2012": {"ATG": 0.718080109951498, "BHS": 0.730800128096288, "BRB": 0.806890425501029, "BLZ": 0.396532173795971, "CPV": 0.626441806345394, "COM": 0.248434310485931, "CUB": 0.481603281234004, "DMA": 0.579776217334956, "DOM": 0.230904200872793, "FJI": 0.402546568610865, "GRD": 0.523199776999382, "GNB": 0.134999636536606, "GUY": 0.255083098319141, "HTI": 0.144882020655636, "JAM": 0.368742726639073, "KIR": 0.429242720583055, "MDV": 0.266878767931134, "MHL": 0.36734191225186, "MUS": 0.497230058302585, "FSM": 0.393862778024938, "NRU": 0.423750137356146, "PLW": 0.330013321260819, "PNG": 0.213022238502278, "KNA": 0.64372520017228, "LCA": 0.6595298409995, "VCT": 0.64372520017228, "WSM": 0.452200496272154, "STP": 0.386956301603889, "SYC": 0.523411463046033, "SGP": 0.913946494259133, "SLB": 0.34577943960712, "SUR": 0.351320496344738, "TLS": 0.239770147943976, "TON": 0.354236150844076, "TTO": 0.392184580627642, "TUV": 0.347530101154155, "VUT": 0.504824383056363, "ABW": 0.6458083062038763, "AIA": 0.4207249332545643, "ASM": 0.5069132553723569, "COK": 0.4207249332545643, "CUW": 0.6999322865656168, "GUM": 0.6885868687476793, "MNP": 0.493283790787171, "MSR": 0.4207249332545643, "NCL": 0.5452963518944989, "NIU": 0.4207249332545643, "PRI": 0.5792700247044197, "PYF": 0.5743182586968982, "SXM": 0.3956063794193634, "VGB": 0.6449657587133624, "VIR": 0.5785212008988021}, "2013": {"ATG": 0.716346291330864, "BHS": 0.734908710656725, "BRB": 0.798437118322506, "BLZ": 0.405562695702663, "CPV": 0.619276665824771, "COM": 0.258372210091011, "CUB": 0.455255060572867, "DMA": 0.580348276517711, "DOM": 0.227556340100447, "FJI": 0.40002978244151, "GRD": 0.523851937292633, "GNB": 0.124321698720937, "GUY": 0.278772288874157, "HTI": 0.168980926139655, "JAM": 0.364715670937053, "KIR": 0.418022282911938, "MDV": 0.256583012419534, "MHL": 0.419075636902744, "MUS": 0.494731991043739, "FSM": 0.380924105405258, "NRU": 0.280500336285501, "PLW": 0.280500336285501, "PNG": 0.207656569224278, "KNA": 0.643058195728421, "LCA": 0.66645365492458, "VCT": 0.643058195728421, "WSM": 0.460986921948583, "STP": 0.38757677482013, "SYC": 0.528916869263855, "SGP": 0.903419262773992, "SLB": 0.336127167109554, "SUR": 0.36471194625588, "TLS": 0.248897595292052, "TON": 0.363044701194889, "TTO": 0.37816584938339, "TUV": 0.33701191532329, "VUT": 0.493761022600438, "ABW": 0.5923879529297644, "AIA": 0.4054697136849602, "ASM": 0.4617759257668619, "COK": 0.4054697136849602, "CUW": 0.5263358928614579, "GUM": 0.6321398007225536, "MNP": 0.4786797798530237, "MSR": 0.4054697136849602, "NCL": 0.5124905621099178, "NIU": 0.4054697136849602, "PRI": 0.5281687370738332, "PYF": 0.527624951597583, "SXM": 0.4050420364335729, "VGB": 0.6574921811651488, "VIR": 0.5631786848792518}, "2014": {"ATG": 0.574223222516656, "BHS": 0.728335808086089, "BRB": 0.688247542147019, "BLZ": 0.38237953480615, "CPV": 0.642463652023422, "COM": 0.287615950825696, "CUB": 0.443406256269198, "DMA": 0.570594946461733, "DOM": 0.240943144392765, "FJI": 0.468781560874443, "GRD": 0.484349800417121, "GNB": 0.0755943827114539, "GUY": 0.258017314828499, "HTI": 0.145309253865319, "JAM": 0.359303156630457, "KIR": 0.485384862710162, "MDV": 0.341542546555514, "MHL": 0.403085293261477, "MUS": 0.508178833649245, "FSM": 0.603653592972081, "NRU": 0.319579779832869, "PLW": 0.319579779832869, "PNG": 0.219354128278348, "KNA": 0.484349800417121, "LCA": 0.522629102633986, "VCT": 0.570594946461733, "WSM": 0.495515142779991, "STP": 0.427312336214437, "SYC": 0.528009766141322, "SGP": 0.901885403593899, "SLB": 0.364122559801735, "SUR": 0.326281552279025, "TLS": 0.2932775066047521, "TON": 0.355760248085051, "TTO": 0.333086926800219, "TUV": 0.424395045265382, "VUT": 0.533443905428354, "ABW": 0.5306539045334522, "AIA": 0.4215307899983426, "ASM": 0.3897219983728979, "COK": 0.4215307899983426, "CUW": 0.5696271728647497, "GUM": 0.6254260555170463, "MNP": 0.5591044789723472, "MSR": 0.4215307899983426, "NCL": 0.5280082065727361, "NIU": 0.4215307899983426, "PRI": 0.5291905693307123, "PYF": 0.4907975347226381, "SXM": 0.4583859368973887, "VGB": 0.612083466821425, "VIR": 0.6118845385513187}}, "upperIntervals": {"2010": {"TLS": 0.4400752692101554, "ABW": 0.5902845396750185, "AIA": 0.4400763837642332, "ASM": 0.4942692290792942, "COK": 0.4400763837642332, "CUW": 0.6329434480567666, "GUM": 0.6246562565342786, "MNP": 0.555989889580581, "MSR": 0.4400763837642332, "NCL": 0.6388862088355114, "NIU": 0.4400763837642332, "PRI": 0.6240964574755092, "PYF": 0.5349749830142978, "SXM": 0.5252752835371894, "VGB": 0.6774682836606374, "VIR": 0.703523005792541}, "2011": {"TLS": 0.4256740841805107, "ABW": 0.6267345684976139, "AIA": 0.4256740841805107, "ASM": 0.499235953753865, "COK": 0.4256740841805107, "CUW": 0.6452900023747487, "GUM": 0.5756487372629203, "MNP": 0.4904877265263592, "MSR": 0.4256740841805107, "NCL": 0.5556722555500754, "NIU": 0.4256740841805107, "PRI": 0.5900895727972232, "PYF": 0.5258938830848664, "SXM": 0.4906344950521855, "VGB": 0.6566503528032578, "VIR": 0.5753055247162816}, "2012": {"TLS": 0.4461978813465972, "ABW": 0.647952478701528, "AIA": 0.4461978813465972, "ASM": 0.5191961314503005, "COK": 0.4461978813465972, "CUW": 0.6915954324584557, "GUM": 0.6826847527689477, "MNP": 0.4973003822746044,