{"data": {"2010": {"ATG": 50.4982155766367, "BHS": 50.6588518119545, "BRB": 63.9041941167313, "BLZ": 43.4945786044786, "CPV": 48.5650368520168, "COM": 36.7298912082773, "CUB": 47.2476789417507, "DMA": 56.2148542429411, "DOM": 46.1879435733217, "FJI": 47.588029311589, "GRD": 54.1349267666956, "GNB": 29.0212615873336, "GUY": 40.319997457011, "HTI": 34.1494757963114, "JAM": 45.4533393361329, "KIR": 41.924725313571216, "MDV": 44.1190740871829, "MHL": 45.50182602492185, "MUS": 53.929312635895, "FSM": 37.5244728335826, "NRU": 52.239763366464544, "PLW": 45.47582279152503, "PNG": 35.9457323078584, "KNA": 55.3914081950745, "LCA": 55.0570829732735, "VCT": 54.20946813406933, "WSM": 45.3912783881996, "STP": 39.433037031132, "SYC": 47.4834394231076, "SGP": 68.375062494824, "SLB": 38.0337943442828, "SUR": 45.9011834052733, "TLS": 41.6955308966008, "TON": 40.5604975262189, "TTO": 48.0429880440143, "TUV": 43.99674214444023, "VUT": 40.0159696898647, "ABW": 50.82295082888004, "AIA": 46.32745826662929, "ASM": 46.5657263071442, "COK": 46.32745826662929, "CUW": 51.13366588943597, "GUM": 53.41546571200438, "MNP": 45.23685803120175, "MSR": 46.32745826662929, "NCL": 50.42162444674777, "NIU": 46.32745826662929, "PRI": 55.99839859627847, "PYF": 44.22105637593908, "SXM": 49.9186408402943, "VGB": 42.20982121034915, "VIR": 47.56757355434066}, "2011": {"ATG": 50.1854039112731, "BHS": 50.8341997648137, "BRB": 64.7102316323292, "BLZ": 43.1743395822292, "CPV": 49.5183912812444, "COM": 36.950998677003, "CUB": 45.8969240579592, "DMA": 55.8888913055092, "DOM": 46.2083565011298, "FJI": 48.1315889626347, "GRD": 54.7418294219287, "GNB": 29.3438836359672, "GUY": 40.7690862693824, "HTI": 33.9713730100686, "JAM": 46.1588412896932, "KIR": 38.48109907090799, "MDV": 43.8684244910665, "MHL": 46.31361798117968, "MUS": 54.7313658953725, "FSM": 37.3412144131517, "NRU": 51.04534117413884, "PLW": 48.96871647680344, "PNG": 36.5504914049468, "KNA": 55.5140587517282, "LCA": 55.1101778195237, "VCT": 54.71909062495979, "WSM": 45.7866358789206, "STP": 39.5671255925214, "SYC": 46.9348020590036, "SGP": 68.956783754283, "SLB": 38.4608292320058, "SUR": 46.3272321121878, "TLS": 42.669610893667, "TON": 42.1215138895056, "TTO": 48.3970813987028, "TUV": 41.416939669759806, "VUT": 40.6138190579495, "ABW": 42.75185064001233, "AIA": 46.76616374752542, "ASM": 42.891972699614286, "COK": 46.76616374752542, "CUW": 56.01831837542253, "GUM": 57.12890585518985, "MNP": 57.52575625519523, "MSR": 46.76616374752542, "NCL": 52.61428229135751, "NIU": 46.76616374752542, "PRI": 58.49896651409223, "PYF": 44.22709254879858, "SXM": 47.125172059066166, "VGB": 51.17897852104796, "VIR": 55.94283531330286}, "2012": {"ATG": 50.5809887964654, "BHS": 51.1644464158425, "BRB": 57.9045021799939, "BLZ": 43.5937324894293, "CPV": 49.1601664091341, "COM": 37.0501177462534, "CUB": 45.6264423799688, "DMA": 55.3972244182565, "DOM": 46.5204280330558, "FJI": 48.0035430365177, "GRD": 55.1234913415776, "GNB": 30.1773098292728, "GUY": 40.9130203739505, "HTI": 34.3454759893031, "JAM": 46.2812558636718, "KIR": 45.47054661423975, "MDV": 44.2693282252285, "MHL": 47.40245939750248, "MUS": 55.2746850456158, "FSM": 37.5551874235899, "NRU": 56.96207146395861, "PLW": 46.16958632715719, "PNG": 36.7978491235299, "KNA": 55.8990686199438, "LCA": 54.8544399249413, "VCT": 55.23343308653493, "WSM": 46.769563763613, "STP": 41.1143788581598, "SYC": 48.2433100859078, "SGP": 69.4324581960171, "SLB": 38.3070479848879, "SUR": 46.2728696937446, "TLS": 43.0536932183093, "TON": 40.8342056460401, "TTO": 48.7716019396038, "TUV": 51.47986046623419, "VUT": 40.2209341850908, "ABW": 51.47713552537222, "AIA": 45.77002476200978, "ASM": 48.04984099252255, "COK": 45.77002476200978, "CUW": 53.736688178519735, "GUM": 56.311574544788265, "MNP": 48.93261145318077, "MSR": 45.77002476200978, "NCL": 48.38614173770509, "NIU": 45.77002476200978, "PRI": 58.85794304422708, "PYF": 38.59869668804465, "SXM": 42.13523342355983, "VGB": 47.27782316308869, "VIR": 56.85966223887465}, "2013": {"ATG": 50.5306418829298, "BHS": 50.7469102561585, "BRB": 58.0983450209111, "BLZ": 45.9059956971366, "CPV": 49.0545059085898, "COM": 37.9000066049283, "CUB": 44.745427407572, "DMA": 55.9963305059853, "DOM": 46.5083352666744, "FJI": 48.1438899655286, "GRD": 55.7345640986909, "GNB": 30.2855798104197, "GUY": 41.2980053071858, "HTI": 34.739253859935, "JAM": 47.0746541068457, "KIR": 42.5496644395778, "MDV": 43.9705549304108, "MHL": 46.384117668976415, "MUS": 55.535498625163, "FSM": 37.856091059701, "NRU": 52.83411187467553, "PLW": 47.04409220836871, "PNG": 36.5546668282875, "KNA": 56.5224397679783, "LCA": 55.3724505149519, "VCT": 55.50665626703013, "WSM": 45.8196835761466, "STP": 41.3484567201806, "SYC": 48.6365438962308, "SGP": 70.249286462499, "SLB": 39.3878749831288, "SUR": 46.6740914213665, "TLS": 43.4632223522824, "TON": 42.1330192838986, "TTO": 49.2549274691128, "TUV": 44.62792337612364, "VUT": 40.034403491555, "ABW": 53.0190955029105, "AIA": 48.436698373983, "ASM": 50.32483602253312, "COK": 48.436698373983, "CUW": 40.96001167227072, "GUM": 53.20881061141317, "MNP": 47.92534095260233, "MSR": 48.436698373983, "NCL": 48.18923507100622, "NIU": 48.436698373983, "PRI": 53.68414074574475, "PYF": 49.76219865468638, "SXM": 43.15840358164432, "VGB": 53.90355281072426, "VIR": 60.74778137008869}, "2014": {"ATG": 49.7269379951765, "BHS": 51.0160735574879, "BRB": 57.7202463662013, "BLZ": 45.1813831382476, "CPV": 50.1695984617749, "COM": 38.7562862810874, "CUB": 44.7975144434714, "DMA": 56.2518029445636, "DOM": 46.7569005130122, "FJI": 49.7035524132838, "GRD": 56.5972691882126, "GNB": 30.3980549409676, "GUY": 42.2055810848402, "HTI": 34.7803129923258, "JAM": 47.6301953595021, "KIR": 44.57883411524126, "MDV": 45.0993635998962, "MHL": 46.98508515624166, "MUS": 56.4048208945232, "FSM": 38.3434559294153, "NRU": 51.44455822415447, "PLW": 45.77086810350751, "PNG": 37.5157377282546, "KNA": 56.14052197193, "LCA": 55.5112137681356, "VCT": 56.39174502136798, "WSM": 47.2860507101544, "STP": 42.1482778396007, "SYC": 49.6986058747731, "SGP": 71.671610087257, "SLB": 40.1253737207872, "SUR": 46.8578406575101, "TLS": 44.3259250692511, "TON": 41.5753049363016, "TTO": 49.791076998721, "TUV": 41.18062675506109, "VUT": 40.957204418036, "ABW": 54.135827590253264, "AIA": 46.169668617596926, "ASM": 49.33787694106424, "COK": 46.169668617596926, "CUW": 45.8882296270222, "GUM": 51.1533713249697, "MNP": 47.429410199304535, "MSR": 46.169668617596926, "NCL": 44.474796264601046, "NIU": 46.169668617596926, "PRI": 59.73666212532505, "PYF": 49.62149700150686, "SXM": 49.30817515753424, "VGB": 53.769769527192025, "VIR": 60.00729271216223}}, "upperIntervals": {"2010": {"KIR": 46.02729725321089, "MHL": 53.1693703349974, "NRU": 56.20373982315499, "PLW": 47.97403731733933, "VCT": 53.24990569414066, "TUV": 50.797402390526166, "ABW": 54.57138886728622, "AIA": 52.261124749173845, "ASM": 50.48120068812609, "COK": 52.261124749173845, "CUW": 54.60352618045879, "GUM": 52.8511053011804, "MNP": 54.17959973436761, "MSR": 52.261124749173845, "NCL": 52.9148857227964, "NIU": 52.261124749173845, "PRI": 56.38900168909839, "PYF": 48.96724336488709, "SXM": 54.62675610699447, "VGB": 49.29303624623251, "VIR": 53.42712361918221}, "2011": {"KIR": 47.53446457933937, "MHL": 54.12610613577554, "NRU": 58.08779543152328, "PLW": 53.69918727099888, "VCT": 55.81317725955272, "TUV": 48.35775247707751, "ABW": 53.15123321583851, "AIA": 51.55671040572435, "ASM": 53.839931238835874, "COK": 51.55671040572435, "CUW": 57.50553945299789, "GUM": 57.88394241947128, "MNP": 59.53069461210893, "MSR": 51.55671040572435, "NCL": 52.52433635505422, "NIU": 51.55671040572435, "PRI": 61.22208349322378, "PYF": 53.702529132555874, "SXM": 53.83696108798805, "VGB": 51.65136017050936, "VIR": 58.09684471300404}, "2012": {"KIR": 49.1434976905456, "MHL": 54.80133387148776, "NRU": 56.02158228060685, "PLW": 54.06349667432229, "VCT": 55.36813143268195, "TUV": 51.33501594259121, "ABW": 55.23678420888031, "AIA": 52.73772428751764,