{"data": {"2010": {"ATG": 0.90377220829628, "BHS": 0.89353826146056, "BRB": 0.904560104858375, "BLZ": 0.977884855236386, "CPV": 0.768996852804692, "COM": 0.900398117094446, "CUB": 0.96006047390023, "DMA": 0.9170304364778, "DOM": 0.939301103833839, "FJI": 0.903518777726661, "GRD": 0.954433045817494, "GNB": 0.973192908514456, "GUY": 0.955878831741596, "HTI": 0.955285065070984, "JAM": 0.945930148268084, "KIR": 0.781445809020984, "MDV": 0.863618433768093, "MHL": 0.900421019781157, "MUS": 0.890010163223193, "FSM": 0.923380982909492, "NRU": 0.878158325164356, "PLW": 0.907410376491364, "PNG": 0.950930007507983, "KNA": 0.901147212398098, "LCA": 0.912544397461644, "VCT": 0.933689447205558, "WSM": 0.905597100152301, "STP": 0.876616033774698, "SYC": 0.890384528055985, "SGP": 0.923822896971312, "SLB": 0.960100595114442, "SUR": 0.964121675489168, "TLS": 0.933324612884964, "TON": 0.891712493621099, "TTO": 0.94949401711918, "TUV": 0.905342478854992, "VUT": 0.909096294688694, "ABW": 0.9176852430942029, "AIA": 0.5763072104309035, "ASM": 0.0121043150217493, "COK": 0.5763072104309035, "CUW": 0.3789151094725844, "GUM": 0.6720533117434118, "MNP": 0.909016391811076, "MSR": 0.5763072104309035, "NCL": 0.5192566853179827, "NIU": 0.5763072104309035, "PRI": 0.033486756909127, "PYF": 0.9174914493749304, "SXM": 0.6285785794911527, "VGB": 0.9040832435590116, "VIR": 0.1403976871747584}, "2011": {"ATG": 0.90377220829628, "BHS": 0.89353826146056, "BRB": 0.904560104858375, "BLZ": 0.977884855236386, "CPV": 0.768996852804692, "COM": 0.900398117094446, "CUB": 0.96006047390023, "DMA": 0.9170304364778, "DOM": 0.939301103833839, "FJI": 0.903518777726661, "GRD": 0.954433045817494, "GNB": 0.973192908514456, "GUY": 0.955878831741596, "HTI": 0.955285065070984, "JAM": 0.945930148268084, "KIR": 0.781445809020984, "MDV": 0.863618433768093, "MHL": 0.900421019781157, "MUS": 0.890010163223193, "FSM": 0.923380982909492, "NRU": 0.878158325164356, "PLW": 0.907410376491364, "PNG": 0.950930007507983, "KNA": 0.901147212398098, "LCA": 0.912544397461644, "VCT": 0.933689447205558, "WSM": 0.905597100152301, "STP": 0.876616033774698, "SYC": 0.890384528055985, "SGP": 0.923822896971312, "SLB": 0.960100595114442, "SUR": 0.964121675489168, "TLS": 0.933324612884964, "TON": 0.891712493621099, "TTO": 0.94949401711918, "TUV": 0.905342478854992, "VUT": 0.909096294688694, "ABW": 0.9287781458652028, "AIA": 0.5759477453019275, "ASM": 0.0460628359151509, "COK": 0.5759477453019275, "CUW": 0.7969335507045648, "GUM": 0.6293815358543093, "MNP": 0.7527038681314784, "MSR": 0.5759477453019275, "NCL": 0.6293815358543093, "NIU": 0.5759477453019275, "PRI": 0.5770636058373277, "PYF": 0.7772549617208945, "SXM": 0.7773270329258164, "VGB": 0.9178205675588088, "VIR": 0.1398158856916058}, "2012": {"ATG": 0.90377220829628, "BHS": 0.89353826146056, "BRB": 0.904560104858375, "BLZ": 0.977884855236386, "CPV": 0.768996852804692, "COM": 0.900398117094446, "CUB": 0.96006047390023, "DMA": 0.9170304364778, "DOM": 0.939301103833839, "FJI": 0.903518777726661, "GRD": 0.954433045817494, "GNB": 0.973192908514456, "GUY": 0.955878831741596, "HTI": 0.955285065070984, "JAM": 0.945930148268084, "KIR": 0.781445809020984, "MDV": 0.863618433768093, "MHL": 0.900421019781157, "MUS": 0.890010163223193, "FSM": 0.923380982909492, "NRU": 0.878158325164356, "PLW": 0.907410376491364, "PNG": 0.950930007507983, "KNA": 0.901147212398098, "LCA": 0.912544397461644, "VCT": 0.933689447205558, "WSM": 0.905597100152301, "STP": 0.876616033774698, "SYC": 0.890384528055985, "SGP": 0.923822896971312, "SLB": 0.960100595114442, "SUR": 0.964121675489168, "TLS": 0.933324612884964, "TON": 0.891712493621099, "TTO": 0.94949401711918, "TUV": 0.905342478854992, "VUT": 0.909096294688694, "ABW": 0.9249593231493424, "AIA": 0.5866851893510558, "ASM": 0.0095901600273582, "COK": 0.5866851893510558, "CUW": 0.6364506771885124, "GUM": 0.7771748586133923, "MNP": 0.754385990213044, "MSR": 0.5866851893510558, "NCL": 0.6819321841711079, "NIU": 0.5866851893510558, "PRI": 0.0054779386513462, "PYF": 0.7786138659483286, "SXM": 0.8456430183249333, "VGB": 0.9135449499505344, "VIR": 0.4770126880956996}, "2013": {"ATG": 0.90377220829628, "BHS": 0.89353826146056, "BRB": 0.904560104858375, "BLZ": 0.977884855236386, "CPV": 0.768996852804692, "COM": 0.900398117094446, "CUB": 0.96006047390023, "DMA": 0.9170304364778, "DOM": 0.939301103833839, "FJI": 0.903518777726661, "GRD": 0.954433045817494, "GNB": 0.973192908514456, "GUY": 0.955878831741596, "HTI": 0.955285065070984, "JAM": 0.945930148268084, "KIR": 0.781445809020984, "MDV": 0.863618433768093, "MHL": 0.900421019781157, "MUS": 0.890010163223193, "FSM": 0.923380982909492, "NRU": 0.878158325164356, "PLW": 0.907410376491364, "PNG": 0.950930007507983, "KNA": 0.901147212398098, "LCA": 0.912544397461644, "VCT": 0.933689447205558, "WSM": 0.905597100152301, "STP": 0.876616033774698, "SYC": 0.890384528055985, "SGP": 0.923822896971312, "SLB": 0.960100595114442, "SUR": 0.964121675489168, "TLS": 0.933324612884964, "TON": 0.891712493621099, "TTO": 0.94949401711918, "TUV": 0.905342478854992, "VUT": 0.909096294688694, "ABW": 0.9142361638749132, "AIA": 0.5845031666824845, "ASM": 0.9142810646930544, "COK": 0.5845031666824845, "CUW": 0.7787719603911079, "GUM": 0.4763184306881088, "MNP": 0.7781108750489907, "MSR": 0.5845031666824845, "NCL": 0.6376479187700549, "NIU": 0.5845031666824845, "PRI": 0.1349943066865379, "PYF": 0.6374958972580361, "SXM": 0.7518887035883546, "VGB": 0.9142114411933602, "VIR": 0.4764989032627683}, "2014": {"ATG": 0.90377220829628, "BHS": 0.89353826146056, "BRB": 0.904560104858375, "BLZ": 0.977884855236386, "CPV": 0.768996852804692, "COM": 0.900398117094446, "CUB": 0.96006047390023, "DMA": 0.9170304364778, "DOM": 0.939301103833839, "FJI": 0.903518777726661, "GRD": 0.954433045817494, "GNB": 0.973192908514456, "GUY": 0.955878831741596, "HTI": 0.955285065070984, "JAM": 0.945930148268084, "KIR": 0.781445809020984, "MDV": 0.863618433768093, "MHL": 0.900421019781157, "MUS": 0.890010163223193, "FSM": 0.923380982909492, "NRU": 0.878158325164356, "PLW": 0.907410376491364, "PNG": 0.950930007507983, "KNA": 0.901147212398098, "LCA": 0.912544397461644, "VCT": 0.933689447205558, "WSM": 0.905597100152301, "STP": 0.876616033774698, "SYC": 0.890384528055985, "SGP": 0.923822896971312, "SLB": 0.960100595114442, "SUR": 0.964121675489168, "TLS": 0.933324612884964, "TON": 0.891712493621099, "TTO": 0.94949401711918, "TUV": 0.905342478854992, "VUT": 0.909096294688694, "ABW": 0.9197128958143048, "AIA": 0.5777221915789525, "ASM": 0.911047544083268, "COK": 0.5777221915789525, "CUW": 0.0306340320005966, "GUM": 0.6746673226819264, "MNP": 0.3440542114885386, "MSR": 0.5777221915789525, "NCL": 0.4691283769339327, "NIU": 0.5777221915789525, "PRI": 0.0001407328268733, "PYF": 0.9195231966322568, "SXM": 0.6749672731364744, "VGB": 0.6311988799521726, "VIR": 0.1206418058117423}}, "upperIntervals": {"2010": {"ABW": 0.9168906125311824, "AIA": 0.8980382401753997, "ASM": 0.8987264248725351, "COK": 0.8980382401753997, "CUW": 0.8898842120874491, "GUM": 0.8898842120874491, "MNP": 0.9148249163895524, "MSR": 0.8980382401753997, "NCL": 0.8894059345177918, "NIU": 0.8980382401753997, "PRI": 0.8898842120874491, "PYF": 0.9195354082538544, "SXM": 0.8898842120874491, "VGB": 0.9071854359976216, "VIR": 0.8982276470455195}, "2011": {"ABW": 0.9281664331184072, "AIA": 0.913322425396752, "ASM": 0.9130403599721612, "COK": 0.913322425396752, "CUW": 0.9120788856744187, "GUM": 0.9130403599721612, "MNP": 0.9130403599721612, "MSR": 0.913322425396752, "NCL": 0.9130403599721612, "NIU": 0.913322425396752, "PRI": 0.9048874027967992, "PYF": 0.9130403599721612, "SXM": 0.9130403599721612, "VGB": 0.9281664331184072, "VIR": 0.9130403599721612}, "2012": {"ABW": 0.9247622133905276, "AIA": 0.9040287138258168, "ASM": 0.8080454047795677, "COK": 0.9040287138258168, "CUW": 0.9040287138258168, "GUM": 0.9040287138258168, "MNP": 0.904014279396494, "MSR": 0.9040287138258168, "NCL": 0.9040287138258168, "NIU": 0.9040287138258168,