{"data": {"2010": {"ATG": 0.210523767855182, "BHS": 0.227505558772398, "BRB": 0.10830154842902, "BLZ": 0.376976591697317, "CPV": 0.24687042649509, "COM": 0.45083036376067, "CUB": 0.0799190930338814, "DMA": 0.124254706393058, "DOM": 0.22093039413386, "FJI": 0.137855057523734, "GRD": 0.126487610050682, "GNB": 0.457702356058821, "GUY": 0.13517444393045, "HTI": 0.245346554013995, "JAM": 0.105877511718936, "KIR": 0.330599983873285, "MDV": 0.284388091325986, "MHL": 0.160075698504549, "MUS": 0.105997425896661, "FSM": 0.176492157722797, "NRU": 0.138884087548695, "PLW": 0.219714816385362, "PNG": 0.39281651969198, "KNA": 0.208978946086937, "LCA": 0.166782187883579, "VCT": 0.103106210731457, "WSM": 0.185611517793352, "STP": 0.422478700932118, "SYC": 0.130878255778445, "SGP": 0.217148852018021, "SLB": 0.375838118887618, "SUR": 0.178885477880035, "TLS": 0.3915461112272565, "TON": 0.202075272561548, "TTO": 0.10183330561949, "TUV": 0.14308790150157, "VUT": 0.414694812784171, "ABW": 0.1606202509403945, "AIA": 0.2805151694376148, "ASM": 0.1603513732993584, "COK": 0.2805151694376148, "CUW": 0.1314235909463332, "GUM": 0.2194323961068083, "MNP": 0.1608933428716635, "MSR": 0.2805151694376148, "NCL": 0.1992351452123382, "NIU": 0.2805151694376148, "PRI": 0.1378979050602782, "PYF": 0.1454685041658432, "SXM": 0.2797129060395594, "VGB": 0.1845940805489626, "VIR": 0.1605035819257727}, "2011": {"ATG": 0.210523767855182, "BHS": 0.227505558772398, "BRB": 0.10830154842902, "BLZ": 0.376976591697317, "CPV": 0.24687042649509, "COM": 0.45083036376067, "CUB": 0.0799190930338814, "DMA": 0.124254706393058, "DOM": 0.22093039413386, "FJI": 0.137855057523734, "GRD": 0.126487610050682, "GNB": 0.457702356058821, "GUY": 0.13517444393045, "HTI": 0.245346554013995, "JAM": 0.105877511718936, "KIR": 0.330599983873285, "MDV": 0.284388091325986, "MHL": 0.160075698504549, "MUS": 0.105997425896661, "FSM": 0.176492157722797, "NRU": 0.138884087548695, "PLW": 0.219714816385362, "PNG": 0.39281651969198, "KNA": 0.208978946086937, "LCA": 0.166782187883579, "VCT": 0.103106210731457, "WSM": 0.185611517793352, "STP": 0.422478700932118, "SYC": 0.130878255778445, "SGP": 0.217148852018021, "SLB": 0.375838118887618, "SUR": 0.178885477880035, "TLS": 0.3279880346979046, "TON": 0.202075272561548, "TTO": 0.10183330561949, "TUV": 0.14308790150157, "VUT": 0.414694812784171, "ABW": 0.1034105655508846, "AIA": 0.2808700927537583, "ASM": 0.1507253012059315, "COK": 0.2808700927537583, "CUW": 0.142097753623257, "GUM": 0.2089312651939454, "MNP": 0.1724749276135927, "MSR": 0.2808700927537583, "NCL": 0.1783451861807488, "NIU": 0.2808700927537583, "PRI": 0.1592877137646947, "PYF": 0.1317226916314207, "SXM": 0.1607415011669416, "VGB": 0.1615806357296661, "VIR": 0.178240449301931}, "2012": {"ATG": 0.210523767855182, "BHS": 0.227505558772398, "BRB": 0.10830154842902, "BLZ": 0.376976591697317, "CPV": 0.24687042649509, "COM": 0.45083036376067, "CUB": 0.0799190930338814, "DMA": 0.124254706393058, "DOM": 0.22093039413386, "FJI": 0.137855057523734, "GRD": 0.126487610050682, "GNB": 0.457702356058821, "GUY": 0.13517444393045, "HTI": 0.245346554013995, "JAM": 0.105877511718936, "KIR": 0.330599983873285, "MDV": 0.284388091325986, "MHL": 0.160075698504549, "MUS": 0.105997425896661, "FSM": 0.176492157722797, "NRU": 0.138884087548695, "PLW": 0.219714816385362, "PNG": 0.39281651969198, "KNA": 0.208978946086937, "LCA": 0.166782187883579, "VCT": 0.103106210731457, "WSM": 0.185611517793352, "STP": 0.422478700932118, "SYC": 0.130878255778445, "SGP": 0.217148852018021, "SLB": 0.375838118887618, "SUR": 0.178885477880035, "TLS": 0.3344230792328088, "TON": 0.202075272561548, "TTO": 0.10183330561949, "TUV": 0.14308790150157, "VUT": 0.414694812784171, "ABW": 0.1239049160939755, "AIA": 0.2835479894478879, "ASM": 0.1531309706064012, "COK": 0.2835479894478879, "CUW": 0.1305642834831376, "GUM": 0.2039783862420953, "MNP": 0.1754526661248295, "MSR": 0.2835479894478879, "NCL": 0.1636945631861696, "NIU": 0.2835479894478879, "PRI": 0.0926581166696114, "PYF": 0.1526637545771469, "SXM": 0.1877808201482552, "VGB": 0.1634953071172507, "VIR": 0.1439916431404315}, "2013": {"ATG": 0.210523767855182, "BHS": 0.227505558772398, "BRB": 0.10830154842902, "BLZ": 0.376976591697317, "CPV": 0.24687042649509, "COM": 0.45083036376067, "CUB": 0.0799190930338814, "DMA": 0.124254706393058, "DOM": 0.22093039413386, "FJI": 0.137855057523734, "GRD": 0.126487610050682, "GNB": 0.457702356058821, "GUY": 0.13517444393045, "HTI": 0.245346554013995, "JAM": 0.105877511718936, "KIR": 0.330599983873285, "MDV": 0.284388091325986, "MHL": 0.160075698504549, "MUS": 0.105997425896661, "FSM": 0.176492157722797, "NRU": 0.138884087548695, "PLW": 0.219714816385362, "PNG": 0.39281651969198, "KNA": 0.208978946086937, "LCA": 0.166782187883579, "VCT": 0.103106210731457, "WSM": 0.185611517793352, "STP": 0.422478700932118, "SYC": 0.130878255778445, "SGP": 0.217148852018021, "SLB": 0.375838118887618, "SUR": 0.178885477880035, "TLS": 0.4076459410365692, "TON": 0.202075272561548, "TTO": 0.10183330561949, "TUV": 0.14308790150157, "VUT": 0.414694812784171, "ABW": 0.1508090537798975, "AIA": 0.2805605852943993, "ASM": 0.229953533834712, "COK": 0.2805605852943993, "CUW": 0.1312165191020803, "GUM": 0.2194232357924507, "MNP": 0.1612334667095542, "MSR": 0.2805605852943993, "NCL": 0.1455805475409559, "NIU": 0.2805605852943993, "PRI": 0.0735901700307202, "PYF": 0.161120041751012, "SXM": 0.2081235971474653, "VGB": 0.1614995951945543, "VIR": 0.1470898635288618}, "2014": {"ATG": 0.210523767855182, "BHS": 0.227505558772398, "BRB": 0.10830154842902, "BLZ": 0.376976591697317, "CPV": 0.24687042649509, "COM": 0.45083036376067, "CUB": 0.0799190930338814, "DMA": 0.124254706393058, "DOM": 0.22093039413386, "FJI": 0.137855057523734, "GRD": 0.126487610050682, "GNB": 0.457702356058821, "GUY": 0.13517444393045, "HTI": 0.245346554013995, "JAM": 0.105877511718936, "KIR": 0.330599983873285, "MDV": 0.284388091325986, "MHL": 0.160075698504549, "MUS": 0.105997425896661, "FSM": 0.176492157722797, "NRU": 0.138884087548695, "PLW": 0.219714816385362, "PNG": 0.39281651969198, "KNA": 0.208978946086937, "LCA": 0.166782187883579, "VCT": 0.103106210731457, "WSM": 0.185611517793352, "STP": 0.422478700932118, "SYC": 0.130878255778445, "SGP": 0.217148852018021, "SLB": 0.375838118887618, "SUR": 0.178885477880035, "TLS": 0.3659302348843287, "TON": 0.202075272561548, "TTO": 0.10183330561949, "TUV": 0.14308790150157, "VUT": 0.414694812784171, "ABW": 0.1578186988880871, "AIA": 0.2825700059538237, "ASM": 0.2044012840351266, "COK": 0.2825700059538237, "CUW": 0.101575002302331, "GUM": 0.2465394680572176, "MNP": 0.1643881693640768, "MSR": 0.2825700059538237, "NCL": 0.1759108961568934, "NIU": 0.2825700059538237, "PRI": 0.0459160382154817, "PYF": 0.1408449530256958, "SXM": 0.1762885415634595, "VGB": 0.1961927504362139, "VIR": 0.1336929884153201}}, "upperIntervals": {"2010": {"TLS": 0.3943347072020057, "ABW": 0.2632214960041393, "AIA": 0.2698487422348312, "ASM": 0.2632214960041393, "COK": 0.2698487422348312, "CUW": 0.2632214960041393, "GUM": 0.2632214960041393, "MNP": 0.2632214960041393, "MSR": 0.2698487422348312, "NCL": 0.2632214960041393, "NIU": 0.2698487422348312, "PRI": 0.2632214960041393, "PYF": 0.2632214960041393, "SXM": 0.2813098778005236, "VGB": 0.2632214960041393, "VIR": 0.2632214960041393}, "2011": {"TLS": 0.3205731176473101, "ABW": 0.2647370251355642, "AIA": 0.2697727913832791, "ASM": 0.2647370251355642, "COK": 0.2697727913832791, "CUW": 0.2647370251355642, "GUM": 0.2647370251355642, "MNP": 0.2647370251355642, "MSR": 0.2697727913832791, "NCL": 0.2647370251355642, "NIU": 0.2697727913832791, "PRI": 0.2647370251355642, "PYF": 0.2647370251355642, "SXM": 0.2647370251355642, "VGB": 0.2647370251355642, "VIR": 0.2647370251355642}, "2012": {"TLS": 0.330629895323705, "ABW": 0.2647585270337373, "AIA": 0.2696734892634986, "ASM": 0.2647585270337373, "COK": 0.2696734892634986, "CUW": 0.2647585270337373, "GUM": 0.2647585270337373, "MNP": 0.2647585270337373,