{"data": {"2010": {"ATG": 0.81735321528425, "BHS": 0.448580869270524, "BRB": 0.435211386935525, "BLZ": 0.763941370837922, "CPV": 0.856451749555198, "COM": 0.918831370555509, "CUB": 0.0, "DMA": 0.409539947470982, "DOM": 0.821536897398966, "FJI": 0.774023553333898, "GRD": 0.622526630363621, "GNB": 0.949572142675591, "GUY": 0.856604253155977, "HTI": 0.894295452916142, "JAM": 0.859611963060239, "KIR": 0.633677878505465, "MDV": 0.445666356011184, "MHL": 0.761213250868423, "MUS": 0.653842243497416, "FSM": 0.703871896975345, "NRU": 0.906871134457341, "PLW": 0.303448275862069, "PNG": 0.953494874184529, "KNA": 0.391842267704337, "LCA": 0.860399898330933, "VCT": 0.723129712784885, "WSM": 0.840549012962806, "STP": 0.785565303120162, "SYC": 0.524942811149708, "SGP": 0.369999152757773, "SLB": 0.807150724392104, "SUR": 0.711996949927984, "TLS": 0.89613657544692, "TON": 0.626950775226637, "TTO": 0.597720918410574, "TUV": 0.414708125052953, "VUT": 0.846547487926798, "ABW": 0.6601891784722586, "AIA": 0.7815460139987455, "ASM": 0.3827067219925399, "COK": 0.7815460139987455, "CUW": 0.4195127035610106, "GUM": 0.4173688476349425, "MNP": 0.6382388419765697, "MSR": 0.7815460139987455, "NCL": 0.6060949251238028, "NIU": 0.7815460139987455, "PRI": 0.3540319555815864, "PYF": 0.7549189072744497, "SXM": 0.3022709302501347, "VGB": 0.6400260033529472, "VIR": 0.5617039107949954}, "2011": {"ATG": 0.74831652969584, "BHS": 0.461001440311785, "BRB": 0.44929739412498, "BLZ": 0.786749131576718, "CPV": 0.85826484792002, "COM": 0.913219802874975, "CUB": 0.407260865881556, "DMA": 0.419831116382841, "DOM": 0.755240193171228, "FJI": 0.744347482278516, "GRD": 0.62243728481973, "GNB": 0.946996526306871, "GUY": 0.884193284193284, "HTI": 0.887884436160298, "JAM": 0.850796407692959, "KIR": 0.654528509700923, "MDV": 0.433029738202152, "MHL": 0.6581716512751, "MUS": 0.628967211725832, "FSM": 0.719264170126239, "NRU": 0.295433364398882, "PLW": 0.313930780310091, "PNG": 0.957421236731582, "KNA": 0.396659444935307, "LCA": 0.847030415995933, "VCT": 0.56059476404304, "WSM": 0.828458866389901, "STP": 0.785552979596867, "SYC": 0.901423366940608, "SGP": 0.420130475302889, "SLB": 0.831712276539863, "SUR": 0.743158519020588, "TLS": 0.89581462340083, "TON": 0.622875540116919, "TTO": 0.568270778615606, "TUV": 0.461943997288825, "VUT": 0.837562484114208, "ABW": 0.7864424032683134, "AIA": 0.824531743306647, "ASM": 0.5457406491222279, "COK": 0.824531743306647, "CUW": 0.5742305096127298, "GUM": 0.3268146030609994, "MNP": 0.403537403938938, "MSR": 0.824531743306647, "NCL": 0.3647849919515374, "NIU": 0.824531743306647, "PRI": 0.3241403204844212, "PYF": 0.5787222997877038, "SXM": 0.4050572863074976, "VGB": 0.5477974699277443, "VIR": 0.5222222012390587}, "2012": {"ATG": 0.67927984410743, "BHS": 0.476599169702618, "BRB": 0.463383401314436, "BLZ": 0.809556892315513, "CPV": 0.86405998474964, "COM": 0.907608235194442, "CUB": 0.0, "DMA": 0.430122285294699, "DOM": 0.816851647886131, "FJI": 0.714671411223136, "GRD": 0.622347939275839, "GNB": 0.950915021604677, "GUY": 0.911782315230591, "HTI": 0.908148352113869, "JAM": 0.84198085232568, "KIR": 0.621964754723375, "MDV": 0.42039312039312, "MHL": 0.68477505718885, "MUS": 0.631085317292214, "FSM": 0.734656443277133, "NRU": 0.300512581547064, "PLW": 0.324413284758112, "PNG": 0.961347599278634, "KNA": 0.401476622166277, "LCA": 0.818825722273998, "VCT": 0.398059815301195, "WSM": 0.816368719816996, "STP": 0.785540656073571, "SYC": 0.531619079894942, "SGP": 0.383766838939253, "SLB": 0.839794967381174, "SUR": 0.774320088113192, "TLS": 0.879767855629925, "TON": 0.618800305007202, "TTO": 0.546316614420063, "TUV": 0.509179869524697, "VUT": 0.828577480301618, "ABW": 0.6226020632925143, "AIA": 0.7604159010180352, "ASM": 0.3532924731679711, "COK": 0.7604159010180352, "CUW": 0.5074052409952814, "GUM": 0.3540427600717342, "MNP": 0.3598016295249497, "MSR": 0.7604159010180352, "NCL": 0.6232567066131998, "NIU": 0.7604159010180352, "PRI": 0.238921396930177, "PYF": 0.7686964560270062, "SXM": 0.5967289457978058, "VGB": 0.6180116399195381, "VIR": 0.2481181628703198}, "2013": {"ATG": 0.610243158519021, "BHS": 0.492196899093451, "BRB": 0.477469408503891, "BLZ": 0.0, "CPV": 0.882343471998644, "COM": 0.966364483605863, "CUB": 0.0, "DMA": 0.440413454206558, "DOM": 0.878463102601034, "FJI": 0.684995340167754, "GRD": 0.622258593731948, "GNB": 0.954833516902482, "GUY": 0.939371346267898, "HTI": 0.92841226806744, "JAM": 0.838871473354232, "KIR": 0.589400999745827, "MDV": 0.407756502584089, "MHL": 0.690174814312745, "MUS": 0.594569177327798, "FSM": 0.750048716428027, "NRU": 0.305591798695247, "PLW": 0.334895789206134, "PNG": 0.965273961825686, "KNA": 0.406293799397247, "LCA": 0.79339151063289, "VCT": 0.235524866559349, "WSM": 0.959196814369228, "STP": 0.785528332550276, "SYC": 0.432716258578328, "SGP": 0.367304922477336, "SLB": 0.815284249767008, "SUR": 0.805481657205795, "TLS": 0.863721087859019, "TON": 0.614725069897484, "TTO": 0.524362450224519, "TUV": 0.556415741760569, "VUT": 0.838606710158434, "ABW": 0.5955269496634337, "AIA": 0.76264553217838, "ASM": 0.5426162498486161, "COK": 0.76264553217838, "CUW": 0.6209611502074938, "GUM": 0.3977721089482914, "MNP": 0.5381759129839889, "MSR": 0.76264553217838, "NCL": 0.5640016668836754, "NIU": 0.76264553217838, "PRI": 0.524083596533508, "PYF": 0.6255989738331535, "SXM": 0.5851401873288659, "VGB": 0.5208070089091856, "VIR": 0.3899631616795192}, "2014": {"ATG": 0.602982292637465, "BHS": 0.507794628484284, "BRB": 0.491555415693347, "BLZ": 0.0, "CPV": 0.922257053291536, "COM": 0.952181648733373, "CUB": 0.0, "DMA": 0.426899940693044, "DOM": 0.877243073794798, "FJI": 0.678272473100059, "GRD": 0.622169248188057, "GNB": 0.95576548335169, "GUY": 0.94690332966195, "HTI": 0.948676184021012, "JAM": 0.84697958146234, "KIR": 0.589920641644779, "MDV": 0.395119884775057, "MHL": 0.695574571436641, "MUS": 0.558451241209862, "FSM": 0.765440989578921, "NRU": 0.31067101584343, "PLW": 0.345378293654156, "PNG": 0.969200324372738, "KNA": 0.411110976628218, "LCA": 0.63987969160383, "VCT": 0.234516648309752, "WSM": 0.84270100821825, "STP": 0.78551600902698, "SYC": 0.333813437261713, "SGP": 0.34279420486317, "SLB": 0.811234431924087, "SUR": 0.82764551385241, "TLS": 0.823451664830975, "TON": 0.632127425230874, "TTO": 0.502408286028976, "TUV": 0.603651613996442, "VUT": 0.84863594001525, "ABW": 0.5374267301062012, "AIA": 0.7669746585151944, "ASM": 0.6556186317515469, "COK": 0.7669746585151944, "CUW": 0.4898490870180228, "GUM": 0.4330796098065348, "MNP": 0.4820407227066838, "MSR": 0.7669746585151944, "NCL": 0.6693757248676382, "NIU": 0.7669746585151944, "PRI": 0.3109612590302735, "PYF": 0.5065507534779752, "SXM": 0.2797447387759977, "VGB": 0.5617593548724151, "VIR": 0.298035611373308}}, "upperIntervals": {"2010": {"ABW": 0.8847111497768382, "AIA": 0.8528007231078336, "ASM": 0.7546794534045903, "COK": 0.8528007231078336, "CUW": 0.8341032536363029, "GUM": 0.8151140691926543, "MNP": 0.7677876152296462, "MSR": 0.8528007231078336, "NCL": 0.8324609984761121, "NIU": 0.8528007231078336, "PRI": 0.8468790731547216, "PYF": 0.8779687633763408, "SXM": 0.8079175480467004, "VGB": 0.8840009709373936, "VIR": 0.8328567042396553}, "2011": {"ABW": 0.861330923689563, "AIA": 0.8633466790955089, "ASM": 0.8681245472106222, "COK": 0.8633466790955089, "CUW": 0.8442388993352438, "GUM": 0.836105694550423, "MNP": 0.8264349575000052, "MSR": 0.8633466790955089, "NCL": 0.8368916464361038, "NIU": 0.8633466790955089, "PRI": 0.8271515035012451, "PYF": 0.8887655056364181, "SXM": 0.83565951872097, "VGB": 0.8956680396690776, "VIR": 0.8303098433903879}, "2012": {"ABW": 0.8724801752736885, "AIA": 0.8364327356613519, "ASM": 0.7647738662321842, "COK": 0.8364327356613519, "CUW": 0.8003584633438822, "GUM": 0.7924760838481097, "MNP": 0.7848206895746562, "MSR": 0.8364327356613519, "NCL": 0.828416756151044, "NIU": 0.8364327356613519, "PRI": 0.7412648527257126, "PYF": 0.8238149340238923, "SXM": 0.8041272261640338, "VGB": 0.8669215041641327,