{"data": {"2010": {"ATG": 0.556770833333333, "BHS": 0.540021929824561, "BRB": 0.890597587719298, "BLZ": 0.440789473684211, "CPV": 0.437527412280702, "COM": 0.419407894736842, "CUB": 0.4437339606608452, "DMA": 0.513322368421053, "DOM": 0.45718201754386, "FJI": 0.526151315789474, "GRD": 0.458415570175439, "GNB": 0.288048245614035, "GUY": 0.400575657894737, "HTI": 0.346773182957394, "JAM": 0.409786184210526, "KIR": 0.458615288220551, "MDV": 0.580596021303258, "MHL": 0.517297149122807, "MUS": 0.631277412280702, "FSM": 0.436376096491228, "NRU": 0.525652813450275, "PLW": 0.469983552631579, "PNG": 0.427741228070175, "KNA": 0.555893640350877, "LCA": 0.542105263157895, "VCT": 0.597724780701754, "WSM": 0.559566885964912, "STP": 0.324205043859649, "SYC": 0.52765899122807, "SGP": 0.783031798245614, "SLB": 0.397779605263158, "SUR": 0.348930921052632, "TLS": 0.463020833333333, "TON": 0.555263157894737, "TTO": 0.424150219298246, "TUV": 0.4866125450550894, "VUT": 0.467077850877193, "ABW": 0.5720677602077129, "AIA": 0.5034510197288936, "ASM": 0.5274746238321567, "COK": 0.5034510197288936, "CUW": 0.5993763720934783, "GUM": 0.5448299585856148, "MNP": 0.4967722536834231, "MSR": 0.5034510197288936, "NCL": 0.6279537429409306, "NIU": 0.5034510197288936, "PRI": 0.6278653824497419, "PYF": 0.5254259312936087, "SXM": 0.5259958518016702, "VGB": 0.5587846019082479, "VIR": 0.6780318732370175}, "2011": {"ATG": 0.542516447368421, "BHS": 0.530455043859649, "BRB": 0.890350877192982, "BLZ": 0.431524122807018, "CPV": 0.467680921052632, "COM": 0.417160087719298, "CUB": 0.4293904247911814, "DMA": 0.50718201754386, "DOM": 0.43640350877193, "FJI": 0.525657894736842, "GRD": 0.475, "GNB": 0.285581140350877, "GUY": 0.397889254385965, "HTI": 0.342951127819549, "JAM": 0.414254385964912, "KIR": 0.450751879699248, "MDV": 0.570915570175439, "MHL": 0.521655701754386, "MUS": 0.633991228070175, "FSM": 0.435745614035088, "NRU": 0.5821987218892951, "PLW": 0.461787280701754, "PNG": 0.417900219298246, "KNA": 0.550411184210526, "LCA": 0.534731359649123, "VCT": 0.597587719298246, "WSM": 0.579413377192982, "STP": 0.318393640350877, "SYC": 0.527275219298246, "SGP": 0.782648026315789, "SLB": 0.397889254385965, "SUR": 0.349205043859649, "TLS": 0.474506578947368, "TON": 0.552631578947368, "TTO": 0.423108552631579, "TUV": 0.5066631888504983, "VUT": 0.465378289473684, "ABW": 0.6415247505366968, "AIA": 0.4991765877080761, "ASM": 0.5308738349947856, "COK": 0.4991765877080761, "CUW": 0.5821731139230397, "GUM": 0.6109025985920817, "MNP": 0.5705190157402972, "MSR": 0.4991765877080761, "NCL": 0.5699467957242931, "NIU": 0.4991765877080761, "PRI": 0.5490121926952585, "PYF": 0.5006709430611855, "SXM": 0.5831289000568611, "VGB": 0.5428427405042849, "VIR": 0.6747276417206779}, "2012": {"ATG": 0.53500548245614, "BHS": 0.522560307017544, "BRB": 0.528097587719298, "BLZ": 0.433470394736842, "CPV": 0.482483552631579, "COM": 0.412225877192982, "CUB": 0.4535413606866661, "DMA": 0.503262061403509, "DOM": 0.436540570175439, "FJI": 0.518722587719298, "GRD": 0.468941885964912, "GNB": 0.31938048245614, "GUY": 0.389117324561403, "HTI": 0.342982456140351, "JAM": 0.409210526315789, "KIR": 0.448339598997494, "MDV": 0.56968201754386, "MHL": 0.516118421052632, "MUS": 0.635882675438596, "FSM": 0.432675438596491, "NRU": 0.5405736254011426, "PLW": 0.46000548245614, "PNG": 0.413898026315789, "KNA": 0.534621710526316, "LCA": 0.533031798245614, "VCT": 0.597231359649123, "WSM": 0.585635964912281, "STP": 0.390515350877193, "SYC": 0.531798245614035, "SGP": 0.787582236842105, "SLB": 0.398711622807018, "SUR": 0.348190789473684, "TLS": 0.47593201754386, "TON": 0.55063048245614, "TTO": 0.424862938596491, "TUV": 0.5219558673945225, "VUT": 0.453947368421053, "ABW": 0.5274256890794686, "AIA": 0.4967758790544121, "ASM": 0.5414109589785596, "COK": 0.4967758790544121, "CUW": 0.5602195028455164, "GUM": 0.5048412832176955, "MNP": 0.5642518880470802, "MSR": 0.4967758790544121, "NCL": 0.4755637436346331, "NIU": 0.4967758790544121, "PRI": 0.5906705316127423, "PYF": 0.5275934641316666, "SXM": 0.4797566056244305, "VGB": 0.545317917264766, "VIR": 0.6043792540861159}, "2013": {"ATG": 0.518667763157895, "BHS": 0.517680921052632, "BRB": 0.533223684210526, "BLZ": 0.438459429824561, "CPV": 0.49281798245614, "COM": 0.427467105263158, "CUB": 0.4488059622907845, "DMA": 0.512061403508772, "DOM": 0.429660087719298, "FJI": 0.512554824561404, "GRD": 0.478892543859649, "GNB": 0.321600877192982, "GUY": 0.397231359649123, "HTI": 0.347932330827068, "JAM": 0.437801535087719, "KIR": 0.454573934837093, "MDV": 0.533580043859649, "MHL": 0.51578947368421, "MUS": 0.65561951754386, "FSM": 0.43889802631579, "NRU": 0.4999975809522569, "PLW": 0.460855263157895, "PNG": 0.416611842105263, "KNA": 0.529577850877193, "LCA": 0.543009868421053, "VCT": 0.563733552631579, "WSM": 0.5953125, "STP": 0.390378289473684, "SYC": 0.543009868421053, "SGP": 0.807401315789474, "SLB": 0.428042763157895, "SUR": 0.351754385964912, "TLS": 0.477357456140351, "TON": 0.554769736842105, "TTO": 0.44438048245614, "TUV": 0.5222090513259936, "VUT": 0.458305921052632, "ABW": 0.5201353066581526, "AIA": 0.5076822987774298, "ASM": 0.474567013977769, "COK": 0.5076822987774298, "CUW": 0.5129872170098578, "GUM": 0.5335390350015837, "MNP": 0.4998065288014526, "MSR": 0.5076822987774298, "NCL": 0.5011099662430488, "NIU": 0.5076822987774298, "PRI": 0.6096853109718959, "PYF": 0.5285744905968405, "SXM": 0.5208068609552364, "VGB": 0.5868632543002897, "VIR": 0.5437069952542467}, "2014": {"ATG": 0.53859649122807, "BHS": 0.536129385964912, "BRB": 0.555235745614035, "BLZ": 0.459073464912281, "CPV": 0.549451754385965, "COM": 0.448464912280702, "CUB": 0.5086704428759525, "DMA": 0.533470394736842, "DOM": 0.447998903508772, "FJI": 0.530646929824561, "GRD": 0.498190789473684, "GNB": 0.345586622807018, "GUY": 0.422313596491228, "HTI": 0.352756892230576, "JAM": 0.464884868421053, "KIR": 0.467512531328321, "MDV": 0.531688596491228, "MHL": 0.537362938596491, "MUS": 0.683771929824561, "FSM": 0.436924342105263, "NRU": 0.5496309190615662, "PLW": 0.486239035087719, "PNG": 0.435635964912281, "KNA": 0.553125, "LCA": 0.56359649122807, "VCT": 0.599314692982456, "WSM": 0.613185307017544, "STP": 0.409100877192982, "SYC": 0.574205043859649, "SGP": 0.859046052631579, "SLB": 0.43390899122807, "SUR": 0.370202850877193, "TLS": 0.497450657894737, "TON": 0.581825657894737, "TTO": 0.466803728070175, "TUV": 0.552932954319026, "VUT": 0.475520833333333, "ABW": 0.5187675776917539, "AIA": 0.5024510423077535, "ASM": 0.5144750894943158, "COK": 0.5024510423077535, "CUW": 0.6113686761147761, "GUM": 0.6467450673497322, "MNP": 0.583099624837424, "MSR": 0.5024510423077535, "NCL": 0.5321336843076307, "NIU": 0.5024510423077535, "PRI": 0.601366454716071, "PYF": 0.541289524378873, "SXM": 0.5341258751098434, "VGB": 0.611928215422364, "VIR": 0.6207934461033962}}, "upperIntervals": {"2010": {"CUB": 0.5074316209588808, "NRU": 0.5221921306008233, "TUV": 0.5024584960633907, "ABW": 0.5766681568820066, "AIA": 0.5074995759627584, "ASM": 0.5278047223083113, "COK": 0.5074995759627584, "CUW": 0.5981764171228147, "GUM": 0.5421537546928964, "MNP": 0.510171653254168, "MSR": 0.5074995759627584, "NCL": 0.6239608055991513, "NIU": 0.5074995759627584, "PRI": 0.6250984193988124, "PYF": 0.5220474331478825, "SXM": 0.5288070618513959, "VGB": 0.5597946757207749, "VIR": 0.672903382862971}, "2011": {"CUB": 0.5032461375139549, "NRU": 0.5788526856133918, "TUV": 0.5141391833323512, "ABW": 0.6392397529443246, "AIA": 0.503295992414995, "ASM": 0.5275607703095021, "COK": 0.503295992414995, "CUW": 0.5806022392972443, "GUM": 0.605830369041414, "MNP": 0.56737493623061, "MSR": 0.503295992414995, "NCL": 0.5714461270327793, "NIU": 0.503295992414995, "PRI": 0.5538307070502753, "PYF": 0.5032461375139549, "SXM": 0.5802531603462786, "VGB": 0.5428694168673869, "VIR": 0.6753686086857473}, "2012": {"CUB": 0.5109118561795745, "NRU": 0.5400593209591771, "TUV": 0.5155487210063989, "ABW": 0.528012652498798, "AIA": 0.5109118561795745,