{"data": {"2010": {"ATG": 0.331958076296632, "BHS": 0.352170716738535, "BRB": 0.350941291670774, "BLZ": 0.404333426332989, "CPV": 0.300467410195894, "COM": 0.363680652793842, "CUB": 0.280413539689511, "DMA": 0.238645673808172, "DOM": 0.301233902781693, "FJI": 0.289640802252043, "GRD": 0.266808760935911, "GNB": 0.631964947052422, "GUY": 0.467694673777489, "HTI": 0.441699646158509, "JAM": 0.34737133396025, "KIR": 0.4578297449480821, "MDV": 0.342221314398071, "MHL": 0.3459155858093628, "MUS": 0.325111702818495, "FSM": 0.4071643653516079, "NRU": 0.446347095457096, "PLW": 0.3718841169518808, "PNG": 0.397406308966788, "KNA": 0.260082885502377, "LCA": 0.232362622874263, "VCT": 0.272283876627175, "WSM": 0.35858456957112, "STP": 0.449447282608928, "SYC": 0.344267459335078, "SGP": 0.404980934912087, "SLB": 0.430031968933195, "SUR": 0.334080608654516, "TLS": 0.370532152331874, "TON": 0.537989209828431, "TTO": 0.244239100942384, "TUV": 0.3567358660642979, "VUT": 0.45613010862674, "ABW": 0.3199005511370988, "AIA": 0.3003400860124926, "ASM": 0.3803478744815839, "COK": 0.3003400860124926, "CUW": 0.3213517617768707, "GUM": 0.3103739569409309, "MNP": 0.3688003930195734, "MSR": 0.3003400860124926, "NCL": 0.2851732961932781, "NIU": 0.3003400860124926, "PRI": 0.3204304544535662, "PYF": 0.3153043401553742, "SXM": 0.378123684092735, "VGB": 0.3280127732685178, "VIR": 0.3426278181687293}, "2011": {"ATG": 0.335569612352718, "BHS": 0.347614832981248, "BRB": 0.342402296575373, "BLZ": 0.401216075478335, "CPV": 0.289384847238035, "COM": 0.365239853530883, "CUB": 0.280524262178238, "DMA": 0.242636430204848, "DOM": 0.301726179655883, "FJI": 0.288653443090267, "GRD": 0.261180755640623, "GNB": 0.631731642904655, "GUY": 0.434897247163834, "HTI": 0.442026024424092, "JAM": 0.345433233701037, "KIR": 0.3957162422501936, "MDV": 0.339781770238934, "MHL": 0.3511029265303516, "MUS": 0.331888620890136, "FSM": 0.4114796950191402, "NRU": 0.3947029359229081, "PLW": 0.2593505523242819, "PNG": 0.38240615060867, "KNA": 0.269228502560269, "LCA": 0.229410709672923, "VCT": 0.284037910054114, "WSM": 0.396959059118324, "STP": 0.453600100549055, "SYC": 0.362202428851547, "SGP": 0.405578781812663, "SLB": 0.419697342111821, "SUR": 0.323000743925955, "TLS": 0.368334055723991, "TON": 0.483008315020749, "TTO": 0.243900840665948, "TUV": 0.292289190143406, "VUT": 0.442383301259604, "ABW": 0.3068877796810214, "AIA": 0.2999019185367373, "ASM": 0.3415060746925829, "COK": 0.2999019185367373, "CUW": 0.3065600387586181, "GUM": 0.3172798671738553, "MNP": 0.3416246819761356, "MSR": 0.2999019185367373, "NCL": 0.3319025424833596, "NIU": 0.2999019185367373, "PRI": 0.3238925818978777, "PYF": 0.3377065430248529, "SXM": 0.3220265199712878, "VGB": 0.3573047524706984, "VIR": 0.3812600302377129}, "2012": {"ATG": 0.358595418575495, "BHS": 0.346172179017824, "BRB": 0.332077270010977, "BLZ": 0.397123879571625, "CPV": 0.322759127223814, "COM": 0.365132097322337, "CUB": 0.281426966144054, "DMA": 0.246495246358762, "DOM": 0.30358646495732, "FJI": 0.295565197790509, "GRD": 0.260802835441378, "GNB": 0.610954292811816, "GUY": 0.416890410787213, "HTI": 0.442279313495786, "JAM": 0.347366388299327, "KIR": 0.4297605765096094, "MDV": 0.335605520188828, "MHL": 0.2898478253676518, "MUS": 0.325930052820838, "FSM": 0.3683432358192584, "NRU": 0.4061801766751071, "PLW": 0.3316294925608362, "PNG": 0.380622177700438, "KNA": 0.264893557796184, "LCA": 0.223737012477082, "VCT": 0.265229884517114, "WSM": 0.339440961833958, "STP": 0.450371403535258, "SYC": 0.349282293010682, "SGP": 0.405838909219251, "SLB": 0.420320569802259, "SUR": 0.319178464128976, "TLS": 0.366370161237661, "TON": 0.542674353951455, "TTO": 0.24297965628108, "TUV": 0.3267229920051585, "VUT": 0.460151153221925, "ABW": 0.2833498141679615, "AIA": 0.3092790711257676, "ASM": 0.3481150768908623, "COK": 0.3092790711257676, "CUW": 0.3229807406004572, "GUM": 0.287230462903385, "MNP": 0.3358267580248505, "MSR": 0.3092790711257676, "NCL": 0.318905455247211, "NIU": 0.3092790711257676, "PRI": 0.3164304754764099, "PYF": 0.3637791450178519, "SXM": 0.3473307724074943, "VGB": 0.271228501379159, "VIR": 0.3382155812025051}, "2013": {"ATG": 0.3522145555749, "BHS": 0.34076173855481, "BRB": 0.336359511718021, "BLZ": 0.393968259727646, "CPV": 0.33409384065458, "COM": 0.357455371499084, "CUB": 0.281233438204117, "DMA": 0.241393569865263, "DOM": 0.300382319062184, "FJI": 0.28504610859409, "GRD": 0.260193259264138, "GNB": 0.599457279375252, "GUY": 0.416437707994231, "HTI": 0.442547938280227, "JAM": 0.340377673577325, "KIR": 0.3622895165635013, "MDV": 0.325178392599157, "MHL": 0.3189298003772335, "MUS": 0.324732459573366, "FSM": 0.4211245754711454, "NRU": 0.3742079251612256, "PLW": 0.2467062825815981, "PNG": 0.395333236716717, "KNA": 0.258619494065282, "LCA": 0.213335153470114, "VCT": 0.259674228634251, "WSM": 0.419649503519303, "STP": 0.45141286527979, "SYC": 0.369114700012953, "SGP": 0.40068764720768, "SLB": 0.417850566907116, "SUR": 0.305518690852635, "TLS": 0.365065240414169, "TON": 0.499709450615179, "TTO": 0.240746398227895, "TUV": 0.3369861400701909, "VUT": 0.460161254599267, "ABW": 0.3031094087063866, "AIA": 0.3011377605865018, "ASM": 0.3314822090183857, "COK": 0.3011377605865018, "CUW": 0.4004212306223959, "GUM": 0.3255172882525587, "MNP": 0.3267339171445357, "MSR": 0.3011377605865018, "NCL": 0.3449513045689619, "NIU": 0.3011377605865018, "PRI": 0.3262269978870991, "PYF": 0.3911013900231248, "SXM": 0.3579211123818345, "VGB": 0.3247595113676191, "VIR": 0.3622998399942971}, "2014": {"ATG": 0.32373630211072, "BHS": 0.339068015419603, "BRB": 0.335742657020239, "BLZ": 0.430113106447489, "CPV": 0.323537643994616, "COM": 0.364307548755802, "CUB": 0.280217363876061, "DMA": 0.241007397712, "DOM": 0.319556845387443, "FJI": 0.287597299030094, "GRD": 0.259931054909144, "GNB": 0.630178905065671, "GUY": 0.404919111677205, "HTI": 0.443616997158706, "JAM": 0.340634877790177, "KIR": 0.3774468377854381, "MDV": 0.319731165600828, "MHL": 0.3485146318402036, "MUS": 0.320833274587898, "FSM": 0.4301655479597138, "NRU": 0.3832284849133557, "PLW": 0.3252347304348914, "PNG": 0.394472178213844, "KNA": 0.255657396660513, "LCA": 0.220179504287521, "VCT": 0.262289114246063, "WSM": 0.3859820458429, "STP": 0.454662047034272, "SYC": 0.349843527518365, "SGP": 0.395604414225763, "SLB": 0.424799384404025, "SUR": 0.307681028918453, "TLS": 0.370729647759396, "TON": 0.541579117216452, "TTO": 0.240496533488487, "TUV": 0.3477714197393422, "VUT": 0.460787133221162, "ABW": 0.320526272535468, "AIA": 0.2979316686498873, "ASM": 0.3258496197971883, "COK": 0.2979316686498873, "CUW": 0.3989844282232658, "GUM": 0.3558336353356732, "MNP": 0.3653000619965294, "MSR": 0.2979316686498873, "NCL": 0.3268870363655992, "NIU": 0.2979316686498873, "PRI": 0.3185910274387833, "PYF": 0.3281372409557317, "SXM": 0.333412883118731, "VGB": 0.3349133172292035, "VIR": 0.3368548689569736}}, "upperIntervals": {"2010": {"KIR": 0.5572122216978287, "MHL": 0.5379889457171038, "FSM": 0.5379889457171038, "NRU": 0.5379889457171038, "PLW": 0.5379889457171038, "TUV": 0.5379889457171038, "ABW": 0.6042813267131498, "AIA": 0.4825449841967451, "ASM": 0.5379889457171038, "COK": 0.4825449841967451, "CUW": 0.3994324447166916, "GUM": 0.3955275812155723, "MNP": 0.5379889457171038, "MSR": 0.4825449841967451, "NCL": 0.3994324447166916, "NIU": 0.4825449841967451, "PRI": 0.3733604941201958, "PYF": 0.5611652352307539, "SXM": 0.4443385609148345, "VGB": 0.6042813267131498, "VIR": 0.4279871026778315}, "2011": {"KIR": 0.5637826703476787, "MHL": 0.4009201177978087, "FSM": 0.5114932888055085, "NRU": 0.41934946034295, "PLW": 0.4285278553736648, "TUV": 0.4478906014746623, "ABW": 0.4498641005779173, "AIA": 0.3726406340454909, "ASM": 0.5010938436967038, "COK": 0.3726406340454909, "CUW": 0.3594220361351822, "GUM": 0.3738701549678334, "MNP": 0.3774975609380258, "MSR": 0.3726406340454909, "NCL": 0.381897115579577, "NIU": 0.3726406340454909, "PRI": 0.3994726669178686, "PYF": 0.4719698685349245,