{"data": {"2010": {"ATG": 0.959227502346039, "BHS": 0.72248649597168, "BRB": 1.08103048801422, "BLZ": -0.339511960744858, "CPV": 0.474659562110901, "COM": -1.04638624191284, "CUB": -0.718004047870636, "DMA": 0.705635607242584, "DOM": -0.808333456516266, "FJI": -0.848421394824982, "GRD": 0.108442597091198, "GNB": -1.33144378662109, "GUY": -0.474380105733871, "HTI": -1.37032675743103, "JAM": -0.453684866428375, "KIR": 0.0550852306187153, "MDV": -0.337033957242966, "MHL": -0.260284900665283, "MUS": 0.858103692531586, "FSM": -0.101545855402946, "NRU": 0.46453732252121, "PLW": 0.754106283187866, "PNG": -0.909173190593719, "KNA": 0.699666321277618, "LCA": 0.845626354217529, "VCT": 0.877322494983673, "WSM": 0.666588068008423, "STP": -0.663464367389679, "SYC": 0.0312936939299107, "SGP": 1.62594163417816, "SLB": -0.651803076267242, "SUR": -0.0525209940969944, "TLS": -0.9372648172105396, "TON": 0.0694312080740929, "TTO": -0.169362649321556, "TUV": 0.999276459217072, "VUT": 0.263579219579697, "ABW": 0.7209707314237588, "AIA": -0.0757549526889608, "ASM": 0.4932739567824114, "COK": -0.0757549526889608, "CUW": 0.6572044979199774, "GUM": 1.0179393891723556, "MNP": 0.4317619408634092, "MSR": -0.0757549526889608, "NCL": 0.9667110606673908, "NIU": -0.0757549526889608, "PRI": 1.0831995445379898, "PYF": 0.6543746945276346, "SXM": 0.7173943075127993, "VGB": 0.7820247678762267, "VIR": 1.0033331207160447}, "2011": {"ATG": 0.94947212934494, "BHS": 0.617183029651642, "BRB": 1.08179557323456, "BLZ": -0.485015630722046, "CPV": 0.510734975337982, "COM": -1.00294435024261, "CUB": -0.690741539001465, "DMA": 0.648809731006622, "DOM": -0.773406386375427, "FJI": -0.824531316757202, "GRD": 0.137342363595963, "GNB": -1.30637729167938, "GUY": -0.510898888111115, "HTI": -1.40770125389099, "JAM": -0.398841857910156, "KIR": 0.100228667259216, "MDV": -0.554024219512939, "MHL": 0.12300767749548, "MUS": 0.901600897312164, "FSM": -0.0612993724644184, "NRU": 0.562195599079132, "PLW": 0.894978165626526, "PNG": -0.805611968040466, "KNA": 0.720971167087555, "LCA": 0.787003755569458, "VCT": 0.924631595611572, "WSM": 0.688720285892487, "STP": -0.661357581615448, "SYC": -0.0115596372634172, "SGP": 1.66999232769012, "SLB": -0.523234486579895, "SUR": -0.0429522395133972, "TLS": -0.4546961229537685, "TON": -0.0166459009051323, "TTO": -0.153959646821022, "TUV": 0.473808228969574, "VUT": 0.274797648191452, "ABW": 0.5776001860582385, "AIA": -0.0866283742979528, "ASM": 0.8454093318852625, "COK": -0.0866283742979528, "CUW": 0.3963085096964777, "GUM": 0.8020636530762013, "MNP": 0.6386238612610409, "MSR": -0.0866283742979528, "NCL": 0.654687771814064, "NIU": -0.0866283742979528, "PRI": 1.1478260939003109, "PYF": 0.5077201412468073, "SXM": 0.626401138481162, "VGB": 0.6914129566715379, "VIR": 1.0364425686950018}, "2012": {"ATG": 0.951546370983124, "BHS": 0.619721949100494, "BRB": 1.03167641162872, "BLZ": -0.457807391881943, "CPV": 0.524149298667908, "COM": -1.01576924324036, "CUB": -0.705526888370514, "DMA": 0.637001752853394, "DOM": -0.68777072429657, "FJI": -0.791216909885406, "GRD": 0.125437870621681, "GNB": -1.52277839183807, "GUY": -0.523705303668976, "HTI": -1.32745087146759, "JAM": -0.375789105892181, "KIR": 0.141667157411575, "MDV": -0.541809141635895, "MHL": 0.0284797567874193, "MUS": 0.974966704845428, "FSM": -0.0155285876244307, "NRU": 0.732393383979797, "PLW": 0.903807640075684, "PNG": -0.836267173290253, "KNA": 0.707597315311432, "LCA": 0.661241233348846, "VCT": 0.90910804271698, "WSM": 0.676024377346039, "STP": -0.747815072536469, "SYC": -0.0142718395218253, "SGP": 1.73118603229523, "SLB": -0.540003180503845, "SUR": -0.0574045069515705, "TLS": -0.8514410927132708, "TON": -0.0375958532094955, "TTO": -0.141139626502991, "TUV": 0.461471766233444, "VUT": 0.284567147493362, "ABW": 0.5567599879130669, "AIA": -0.1585787625947094, "ASM": 0.7828426505877897, "COK": -0.1585787625947094, "CUW": 0.8371080962520344, "GUM": 0.7349906315921528, "MNP": 0.626697157330224, "MSR": -0.1585787625947094, "NCL": 0.4721164956002768, "NIU": -0.1585787625947094, "PRI": 1.0475705649701292, "PYF": 0.630337455448692, "SXM": 0.040336288769978, "VGB": 0.7953207266036173, "VIR": 1.0381435008695905}, "2013": {"ATG": 0.837808132171631, "BHS": 0.637909829616547, "BRB": 1.046182513237, "BLZ": -0.467051774263382, "CPV": 0.535970628261566, "COM": -0.936803698539734, "CUB": -0.697264194488525, "DMA": 0.648914933204651, "DOM": -0.532390594482422, "FJI": -0.822952628135681, "GRD": 0.133370637893677, "GNB": -1.5855541229248, "GUY": -0.530195772647858, "HTI": -1.29426336288452, "JAM": -0.350025057792664, "KIR": 0.181601002812386, "MDV": -0.746615350246429, "MHL": 0.133154690265656, "MUS": 0.950068414211273, "FSM": 0.0653603225946426, "NRU": 0.623327970504761, "PLW": 0.903464019298553, "PNG": -0.947535812854767, "KNA": 0.724071860313416, "LCA": 0.700886607170105, "VCT": 0.877453088760376, "WSM": 0.683294892311096, "STP": -0.768153011798859, "SYC": 0.0717096105217934, "SGP": 1.70552384853363, "SLB": -0.525551378726959, "SUR": -0.0451611429452896, "TLS": -0.9523978902532388, "TON": -0.0054401247762143, "TTO": -0.168493673205376, "TUV": 0.4851975440979, "VUT": 0.309302449226379, "ABW": 0.8719277672965072, "AIA": -0.103556535704183, "ASM": 0.3581275720040126, "COK": -0.103556535704183, "CUW": 0.674249942447646, "GUM": 0.9024287418421388, "MNP": 0.4503726115499229, "MSR": -0.103556535704183, "NCL": 0.3527138187633585, "NIU": -0.103556535704183, "PRI": 0.8318033081252019, "PYF": 0.7657201279885789, "SXM": 0.4571832851648122, "VGB": 0.7594676497886189, "VIR": 0.8545017199300156}, "2014": {"ATG": -0.177203804254532, "BHS": 0.665428876876831, "BRB": 1.08249258995056, "BLZ": -0.745151877403259, "CPV": 0.634805202484131, "COM": -0.891699731349945, "CUB": -0.657768964767456, "DMA": 0.492903143167496, "DOM": -0.405669420957565, "FJI": -0.511486351490021, "GRD": -0.16748471558094, "GNB": -1.32520592212677, "GUY": -0.616555035114288, "HTI": -1.18546009063721, "JAM": -0.282042771577835, "KIR": -0.124372519552708, "MDV": -0.530172228813171, "MHL": -0.222078680992126, "MUS": 0.912838041782379, "FSM": -0.280935525894165, "NRU": -1.00908720493317, "PLW": 0.275592654943466, "PNG": -0.801755964756012, "KNA": 0.0712336003780365, "LCA": 0.56762307882309, "VCT": 0.552873969078064, "WSM": 0.717397809028625, "STP": -0.792880535125732, "SYC": 0.126385927200317, "SGP": 1.82477498054504, "SLB": -0.502281188964844, "SUR": -0.137176558375359, "TLS": -0.6913090864719449, "TON": -0.145887270569801, "TTO": -0.0908052697777748, "TUV": 0.373632431030273, "VUT": 0.178619623184204, "ABW": 0.5004930011714773, "AIA": -0.0129245925249635, "ASM": -0.3097261678931127, "COK": -0.0129245925249635, "CUW": 0.7497262141697232, "GUM": 0.8378670232799803, "MNP": 0.4500556930737313, "MSR": -0.0129245925249635, "NCL": 0.5597581159060083, "NIU": -0.0129245925249635, "PRI": 0.7844404799723547, "PYF": 0.3727301134002734, "SXM": -0.1384404065505884, "VGB": 0.6724667707568648, "VIR": 0.6611802395503097}}, "upperIntervals": {"2010": {"TLS": 0.0015867295483737, "ABW": 0.7250700386089358, "AIA": 0.0358416624955397, "ASM": 0.4450806389796968, "COK": 0.0358416624955397, "CUW": 0.6699484094885894, "GUM": 1.0063898276398398, "MNP": 0.4324491348199974, "MSR": 0.0358416624955397, "NCL": 0.9549413212333971, "NIU": 0.0358416624955397, "PRI": 1.0754719779208337, "PYF": 0.6672951999956797, "SXM": 0.7257112321717963, "VGB": 0.7898451612884098, "VIR": 0.9471323443432788}, "2011": {"TLS": 0.0699044045012306, "ABW": 0.6224351544437077, "AIA": 0.0744643304901983, "ASM": 0.8483013117250846, "COK": 0.0744643304901983, "CUW": 0.3488435939282746, "GUM": 0.7869893659794588, "MNP": 0.6209633924422855, "MSR": 0.0744643304901983, "NCL": 0.6680927888354807, "NIU": 0.0744643304901983, "PRI": 1.0659030243072365, "PYF": 0.5112224744312915, "SXM": 0.622711641057363, "VGB": 0.7017100747727391, "VIR": 1.0438027175159776}, "2012": {"TLS": 0.0353933219724602, "ABW": 0.5399270087593127, "AIA": 0.0353933219724602,