{"data": {"2010": {"ATG": 0.725706276098201, "BHS": 0.740958866012301, "BRB": 0.752471359527982, "BLZ": 0.582184215353652, "CPV": 0.714695563832668, "COM": 0.473263514811142, "CUB": 0.630140841313917, "DMA": 0.725382695714881, "DOM": 0.5623419146387, "FJI": 0.537255917601313, "GRD": 0.659218994545711, "GNB": 0.451248650450036, "GUY": 0.491143939682189, "HTI": 0.40836579319097, "JAM": 0.496204060154791, "KIR": 0.814741169314214, "MDV": 0.541483593506941, "MHL": 0.768366446337892, "MUS": 0.680178594067015, "FSM": 0.77804005246168, "NRU": 0.820115752558917, "PLW": 0.820115752558917, "PNG": 0.431043880484856, "KNA": 0.748253867261193, "LCA": 0.70597710820492, "VCT": 0.70597710820492, "WSM": 0.701749437424425, "STP": 0.589925515727762, "SYC": 0.717411576699129, "SGP": 0.771178053181002, "SLB": 0.629109259712701, "SUR": 0.584256082312831, "TLS": 0.443650910613287, "TON": 0.688681578862345, "TTO": 0.561332592129797, "TUV": 0.814741169314214, "VUT": 0.789375103630185, "ABW": 0.7359931871416183, "AIA": 0.5622586512398734, "ASM": 0.7067940523933862, "COK": 0.5622586512398734, "CUW": 0.7009877645224595, "GUM": 0.6921210990338523, "MNP": 0.7220086208468844, "MSR": 0.5622586512398734, "NCL": 0.6656517968789403, "NIU": 0.5622586512398734, "PRI": 0.6564198702699582, "PYF": 0.7158958864210226, "SXM": 0.6002453930360961, "VGB": 0.7316383225631844, "VIR": 0.7485209549725201}, "2011": {"ATG": 0.734750034153885, "BHS": 0.759863502543624, "BRB": 0.784370841979774, "BLZ": 0.596196607699212, "CPV": 0.6943397869552, "COM": 0.475018165520633, "CUB": 0.618290273539407, "DMA": 0.765974854376528, "DOM": 0.569989837220653, "FJI": 0.557813204449501, "GRD": 0.632002079409874, "GNB": 0.440470947221301, "GUY": 0.495388738656441, "HTI": 0.399792676078652, "JAM": 0.55924139957618, "KIR": 0.794062816579453, "MDV": 0.52834736567355, "MHL": 0.752672080228254, "MUS": 0.732843074748381, "FSM": 0.759479650598787, "NRU": 0.752672080228254, "PLW": 0.752672080228254, "PNG": 0.440290132536754, "KNA": 0.734750034153885, "LCA": 0.716089487196434, "VCT": 0.716089487196434, "WSM": 0.740081597034016, "STP": 0.5714186146455, "SYC": 0.731339135284317, "SGP": 0.774962594730904, "SLB": 0.622963800121134, "SUR": 0.590704961296637, "TLS": 0.5211686328343832, "TON": 0.731346710230569, "TTO": 0.59433442914139, "TUV": 0.794062816579453, "VUT": 0.760863600454161, "ABW": 0.7261284230738501, "AIA": 0.5687935003000714, "ASM": 0.7521965467539966, "COK": 0.5687935003000714, "CUW": 0.6772211303959746, "GUM": 0.6758077023848832, "MNP": 0.7546931011559677, "MSR": 0.5687935003000714, "NCL": 0.7125624154034356, "NIU": 0.5687935003000714, "PRI": 0.6660773790860381, "PYF": 0.716065900866822, "SXM": 0.7523494176384883, "VGB": 0.7116877907566113, "VIR": 0.7656358172434026}, "2012": {"ATG": 0.737879870741691, "BHS": 0.773690741779738, "BRB": 0.774024305921718, "BLZ": 0.601071769817413, "CPV": 0.709212030515287, "COM": 0.492288873845144, "CUB": 0.622910473114538, "DMA": 0.738704883866131, "DOM": 0.613472453969338, "FJI": 0.558417401228031, "GRD": 0.654794006153111, "GNB": 0.404069886392617, "GUY": 0.484153612201785, "HTI": 0.434543679907659, "JAM": 0.590796592264363, "KIR": 0.79197557550321, "MDV": 0.50727382932537, "MHL": 0.746583688990215, "MUS": 0.737110188550765, "FSM": 0.767988847055049, "NRU": 0.746583688990215, "PLW": 0.746583688990215, "PNG": 0.468533786023328, "KNA": 0.737879870741691, "LCA": 0.723764086529954, "VCT": 0.729813711263631, "WSM": 0.741912950480721, "STP": 0.572366005530346, "SYC": 0.698064866714567, "SGP": 0.805358937239346, "SLB": 0.602285665204514, "SUR": 0.583714372434461, "TLS": 0.4436126670228539, "TON": 0.72390317238339, "TTO": 0.588005416763088, "TUV": 0.79197557550321, "VUT": 0.776730294028458, "ABW": 0.7182676967080481, "AIA": 0.5584779587316198, "ASM": 0.7505605998919312, "COK": 0.5584779587316198, "CUW": 0.6908254322050235, "GUM": 0.6901226059096911, "MNP": 0.752796472916486, "MSR": 0.5584779587316198, "NCL": 0.6719041686226239, "NIU": 0.5584779587316198, "PRI": 0.7367565837612138, "PYF": 0.7362064687599947, "SXM": 0.5816674246341509, "VGB": 0.7362854098567271, "VIR": 0.7378086891284569}, "2013": {"ATG": 0.734969318085093, "BHS": 0.765229537066847, "BRB": 0.787947672148291, "BLZ": 0.600372130253651, "CPV": 0.703866055761773, "COM": 0.525888352590439, "CUB": 0.633799043215612, "DMA": 0.76265540837632, "DOM": 0.605744404626035, "FJI": 0.561297422828006, "GRD": 0.643362294980339, "GNB": 0.415311321885728, "GUY": 0.491549619567544, "HTI": 0.461556409753464, "JAM": 0.601435790060949, "KIR": 0.790870637876487, "MDV": 0.59157549328788, "MHL": 0.751349795970514, "MUS": 0.73255112668459, "FSM": 0.759732299144407, "NRU": 0.751349795970514, "PLW": 0.751349795970514, "PNG": 0.480605370023927, "KNA": 0.734969318085093, "LCA": 0.716825415262859, "VCT": 0.716825415262859, "WSM": 0.740153297641635, "STP": 0.58930605374124, "SYC": 0.712049990791162, "SGP": 0.807079300810525, "SLB": 0.621729791150429, "SUR": 0.59290686696861, "TLS": 0.4844925303239324, "TON": 0.73094227575248, "TTO": 0.586183985573448, "TUV": 0.790870637876487, "VUT": 0.769625465956572, "ABW": 0.7508647314798116, "AIA": 0.5566424426787631, "ASM": 0.7306023930861247, "COK": 0.5566424426787631, "CUW": 0.7455651915435357, "GUM": 0.6650451788972218, "MNP": 0.7242125199846763, "MSR": 0.5566424426787631, "NCL": 0.6639692660230299, "NIU": 0.5566424426787631, "PRI": 0.723746875489043, "PYF": 0.7205051461905705, "SXM": 0.7170981866859465, "VGB": 0.7324780340248465, "VIR": 0.741580813451423}, "2014": {"ATG": 0.739386793033034, "BHS": 0.734557749422172, "BRB": 0.789837759616676, "BLZ": 0.57842757758918, "CPV": 0.630396513687877, "COM": 0.537929588117269, "CUB": 0.663766248105956, "DMA": 0.751876598118903, "DOM": 0.595169190268382, "FJI": 0.665200926525605, "GRD": 0.703276019725119, "GNB": 0.448583560902896, "GUY": 0.546667872883751, "HTI": 0.459387525312006, "JAM": 0.574284704693129, "KIR": 0.707970303094613, "MDV": 0.686857492853925, "MHL": 0.740252673966277, "MUS": 0.684943419764119, "FSM": 0.739386793033034, "NRU": 0.673484729892382, "PLW": 0.740252673966277, "PNG": 0.511711430669746, "KNA": 0.668524021620352, "LCA": 0.710478430325173, "VCT": 0.710478430325173, "WSM": 0.76300771000375, "STP": 0.601746821556653, "SYC": 0.632262964043873, "SGP": 0.774076889784061, "SLB": 0.650937697368864, "SUR": 0.612940037237985, "TLS": 0.5575532419403868, "TON": 0.715765855561786, "TTO": 0.612698159158908, "TUV": 0.793519203995537, "VUT": 0.679453992544039, "ABW": 0.7436966632063994, "AIA": 0.5583730192696967, "ASM": 0.6785049433558646, "COK": 0.5583730192696967, "CUW": 0.7289966166588445, "GUM": 0.6417036707564143, "MNP": 0.7175613119787163, "MSR": 0.5583730192696967, "NCL": 0.6848479417487126, "NIU": 0.5583730192696967, "PRI": 0.7044618620705606, "PYF": 0.7069652357807258, "SXM": 0.6226573780613257, "VGB": 0.7363173990123977, "VIR": 0.7330304176190955}}, "upperIntervals": {"2010": {"TLS": 0.6302219381522364, "ABW": 0.7362861840415151, "AIA": 0.6302219381522364, "ASM": 0.7098202346477878, "COK": 0.6302219381522364, "CUW": 0.7019951869575852, "GUM": 0.6930791457145774, "MNP": 0.7212945141277526, "MSR": 0.6302219381522364, "NCL": 0.6605269985997685, "NIU": 0.6302219381522364, "PRI": 0.6592428248337475, "PYF": 0.7172837632883124, "SXM": 0.6302219381522364, "VGB": 0.7311132282113357, "VIR": 0.7482587959622308}, "2011": {"TLS": 0.6386772151880518, "ABW": 0.7268447535336598, "AIA": 0.6386772151880518, "ASM": 0.7532350494197955, "COK": 0.6386772151880518, "CUW": 0.6766807868552216, "GUM": 0.6765391666874276, "MNP": 0.754098705738697, "MSR": 0.6386772151880518, "NCL": 0.7114817220888381, "NIU": 0.6386772151880518, "PRI": 0.6681399711099718, "PYF": 0.7160874811611734, "SXM": 0.7538159966608535, "VGB": 0.7121254683390602, "VIR": 0.7658869336883622}, "2012": {"TLS": 0.6190317072487097, "ABW": 0.7180075283591802, "AIA": 0.6190317072487097, "ASM": 0.7505672640704424, "COK": 0.6190317072487097, "CUW": 0.6918556653985282, "GUM": 0.6858856378475868, "MNP": 0.7519015684825217,