{"data": {"2010": {"ATG": 0.794943366131761, "BHS": 0.189386672989255, "BRB": 0.734246516289646, "BLZ": 0.590285486426193, "CPV": 0.411460410177931, "COM": 0.776245029044391, "CUB": 0.252217396458632, "DMA": 0.343855413896044, "DOM": 0.282867581286575, "FJI": 0.515459806658117, "GRD": 0.691191843860802, "GNB": 0.645432109409521, "GUY": 0.790675618877238, "HTI": 0.565702831154555, "JAM": 0.498518143314401, "KIR": 0.566985310758818, "MDV": 0.685059651467308, "MHL": 0.284861352099926, "MUS": 0.629869919925853, "FSM": 0.837405295886366, "NRU": 0.0, "PLW": 0.271400704824925, "PNG": 0.937406373600319, "KNA": 0.740152388752977, "LCA": 0.878875728804061, "VCT": 0.550054424554635, "WSM": 0.861330545646574, "STP": 0.377717186304411, "SYC": 0.502904439103773, "SGP": 0.0, "SLB": 0.861653859832523, "SUR": 0.362715408076388, "TLS": 0.778842319671513, "TON": 0.825647436657362, "TTO": 0.495478989966483, "TUV": 0.4871698153876, "VUT": 0.814083565939928, "ABW": 0.5732568215638065, "AIA": 0.4747572100492076, "ASM": 0.4347974223476709, "COK": 0.4747572100492076, "CUW": 0.2085292237992246, "GUM": 0.1673998452855599, "MNP": 0.3752655359066383, "MSR": 0.4747572100492076, "NCL": 0.2282633144938809, "NIU": 0.4747572100492076, "PRI": 0.2377433166395987, "PYF": 0.5574447014868598, "SXM": 0.0958512408982262, "VGB": 0.6285316694066465, "VIR": 0.3034582925562949}, "2011": {"ATG": 0.800709135781181, "BHS": 0.188858593152206, "BRB": 0.736078630010023, "BLZ": 0.590285486426193, "CPV": 0.406061063272586, "COM": 0.775522960695772, "CUB": 0.251225899621722, "DMA": 0.340676157734214, "DOM": 0.271292933429609, "FJI": 0.509941911217925, "GRD": 0.691256506697992, "GNB": 0.641153585015465, "GUY": 0.793197469527638, "HTI": 0.555108902994967, "JAM": 0.496502818221987, "KIR": 0.557878627854595, "MDV": 0.680587138561683, "MHL": 0.279796096520062, "MUS": 0.631066182413864, "FSM": 0.837329855909644, "NRU": 0.0, "PLW": 0.263921369989977, "PNG": 0.93761113925142, "KNA": 0.741661188287405, "LCA": 0.878875728804061, "VCT": 0.545797454439643, "WSM": 0.863712293483064, "STP": 0.365733007145243, "SYC": 0.498766017523629, "SGP": 0.0, "SLB": 0.856696375647976, "SUR": 0.363448253564539, "TLS": 0.775102652254039, "TON": 0.825065471122655, "TTO": 0.49751586933796, "TUV": 0.476274127321126, "VUT": 0.813016629126297, "ABW": 0.5093261097183523, "AIA": 0.4709516449043666, "ASM": 0.3083458877871433, "COK": 0.4709516449043666, "CUW": 0.348062585122658, "GUM": 0.1178098807711106, "MNP": 0.1556758444416177, "MSR": 0.4709516449043666, "NCL": 0.2038813910252054, "NIU": 0.4709516449043666, "PRI": 0.2045088985082979, "PYF": 0.4931477662703205, "SXM": 0.2642133107945127, "VGB": 0.72874120860918, "VIR": 0.2842144479672968}, "2012": {"ATG": 0.802616689478279, "BHS": 0.188255073338434, "BRB": 0.737662869521172, "BLZ": 0.590091497914623, "CPV": 0.400683270646305, "COM": 0.774628458114647, "CUB": 0.250234402784813, "DMA": 0.337486124432853, "DOM": 0.260785222386274, "FJI": 0.504413238638201, "GRD": 0.691148735302676, "GNB": 0.636842729202815, "GUY": 0.793197469527638, "HTI": 0.544493420556316, "JAM": 0.494325836036599, "KIR": 0.548750390671308, "MDV": 0.676082294237463, "MHL": 0.274838612335514, "MUS": 0.632273222041406, "FSM": 0.837125090258544, "NRU": 0.0, "PLW": 0.256560583689877, "PNG": 0.937805127762989, "KNA": 0.7429544450312, "LCA": 0.878875728804061, "VCT": 0.541508152906056, "WSM": 0.866223366993933, "STP": 0.353921262218582, "SYC": 0.494455161710979, "SGP": 0.0, "SLB": 0.851717337184364, "SUR": 0.364181099052689, "TLS": 0.771341430557501, "TON": 0.825151688238908, "TTO": 0.499294097360679, "TUV": 0.465410770673248, "VUT": 0.811938915173135, "ABW": 0.5290846263965179, "AIA": 0.4683231646872493, "ASM": 0.3075545456906941, "COK": 0.4683231646872493, "CUW": 0.3163183861394482, "GUM": 0.1954798719296915, "MNP": 0.1547367746581527, "MSR": 0.4683231646872493, "NCL": 0.3055967273893285, "NIU": 0.4683231646872493, "PRI": 0.3317149844020516, "PYF": 0.4251724785617956, "SXM": 0.4650244281170999, "VGB": 0.6629868237039851, "VIR": 0.1640927252629645}, "2013": {"ATG": 0.804513466035845, "BHS": 0.18756533640841, "BRB": 0.738999234823093, "BLZ": 0.589703520891485, "CPV": 0.395337809438619, "COM": 0.773550744161485, "CUB": 0.249738654366358, "DMA": 0.33428531399196, "DOM": 0.250579271249825, "FJI": 0.498916897477072, "GRD": 0.690857752535322, "GNB": 0.632510319111101, "GUY": 0.793197469527638, "HTI": 0.533899492396728, "JAM": 0.491976419618705, "KIR": 0.539643707767084, "MDV": 0.671577449913244, "MHL": 0.270010453825346, "MUS": 0.633458707389885, "FSM": 0.836790998933063, "NRU": 0.0, "PLW": 0.249361454482751, "PNG": 0.937848236321116, "KNA": 0.744010604705299, "LCA": 0.878757180269213, "VCT": 0.537197297093405, "WSM": 0.868799103341991, "STP": 0.342626819989438, "SYC": 0.489961094526291, "SGP": 0.0, "SLB": 0.846727521581222, "SUR": 0.36491394454084, "TLS": 0.767558654581901, "TON": 0.825722876634084, "TTO": 0.500813674034638, "TUV": 0.454644408281154, "VUT": 0.810861201219972, "ABW": 0.5316239639187739, "AIA": 0.4675282460230446, "ASM": 0.4136823270545856, "COK": 0.4675282460230446, "CUW": 0.5102774042522376, "GUM": 0.1800956973050564, "MNP": 0.2471438727882501, "MSR": 0.4675282460230446, "NCL": 0.3523157066277171, "NIU": 0.4675282460230446, "PRI": 0.2955566308751047, "PYF": 0.3314941039712156, "SXM": 0.3807898537343489, "VGB": 0.6640208087413512, "VIR": 0.2130675679764987}, "2014": {"ATG": 0.806399465453879, "BHS": 0.186789382362133, "BRB": 0.740087725915787, "BLZ": 0.589132332496309, "CPV": 0.390024679649527, "COM": 0.772311373115348, "CUB": 0.249372231622283, "DMA": 0.331073726411536, "DOM": 0.240653525741198, "FJI": 0.493420556315943, "GRD": 0.690405112674994, "GNB": 0.628145577600793, "GUY": 0.793046589574195, "HTI": 0.523294787097609, "JAM": 0.489454568968304, "KIR": 0.530526247723329, "MDV": 0.66704027417043, "MHL": 0.265290066710494, "MUS": 0.634654969877895, "FSM": 0.836316804793672, "NRU": 0.0, "PLW": 0.242302428089536, "PNG": 0.937740464925799, "KNA": 0.744861998728298, "LCA": 0.878530860339049, "VCT": 0.532843332722629, "WSM": 0.871342508271455, "STP": 0.331795794760155, "SYC": 0.485305370248629, "SGP": 0.0, "SLB": 0.841737705978079, "SUR": 0.365463578656953, "TLS": 0.763743547187705, "TON": 0.826304842168792, "TTO": 0.502074599359838, "TUV": 0.444169028656414, "VUT": 0.80978348726681, "ABW": 0.5724925192551102, "AIA": 0.4637341242609419, "ASM": 0.3598852942284095, "COK": 0.4637341242609419, "CUW": 0.445043568399087, "GUM": 0.243684398960712, "MNP": 0.3203388247845017, "MSR": 0.4637341242609419, "NCL": 0.2496075802811992, "NIU": 0.4637341242609419, "PRI": 0.4021146216493394, "PYF": 0.4645265208393983, "SXM": 0.3460682881527079, "VGB": 0.5758414423293616, "VIR": 0.1604578873920009}}, "upperIntervals": {"2010": {"ABW": 0.5683668741825754, "AIA": 0.5312937509300941, "ASM": 0.5314092693158247, "COK": 0.5312937509300941, "CUW": 0.5312937509300941, "GUM": 0.5312937509300941, "MNP": 0.5312937509300941, "MSR": 0.5312937509300941, "NCL": 0.5312937509300941, "NIU": 0.5312937509300941, "PRI": 0.5312937509300941, "PYF": 0.5622758080176942, "SXM": 0.5312937509300941, "VGB": 0.6298252754933247, "VIR": 0.5314092693158247}, "2011": {"ABW": 0.524058870644089, "AIA": 0.524058870644089, "ASM": 0.524058870644089, "COK": 0.524058870644089, "CUW": 0.524058870644089, "GUM": 0.524058870644089, "MNP": 0.524058870644089, "MSR": 0.524058870644089, "NCL": 0.524058870644089, "NIU": 0.524058870644089, "PRI": 0.524058870644089, "PYF": 0.524058870644089, "SXM": 0.524058870644089, "VGB": 0.7291939193670322, "VIR": 0.524058870644089}, "2012": {"ABW": 0.5382200183746296, "AIA": 0.5274222721757021, "ASM": 0.4935709005893243, "COK": 0.5274222721757021, "CUW": 0.5038683726838568, "GUM": 0.4933347714823324, "MNP": 0.4933347714823324, "MSR": 0.5274222721757021, "NCL": 0.5059306861046288, "NIU": 0.5274222721757021, "PRI": 0.4953970849031043, "PYF": 0.5204430299209429, "SXM": 0.5359006335484074, "VGB": 0.6603082964040566, "VIR": 0.4933347714823324},