{"data": {"2010": {"ATG": 0.47158984760727, "BHS": 0.427355856801259, "BRB": 0.396215852502981, "BLZ": 0.472251738101211, "CPV": 0.385477524857862, "COM": 0.470871413538449, "CUB": 0.497414273672557, "DMA": 0.368598260211752, "DOM": 0.447163347975723, "FJI": 0.460279589760889, "GRD": 0.381918384296782, "GNB": 0.504926610720525, "GUY": 0.40391894070208, "HTI": 0.441219532119359, "JAM": 0.447556690928628, "KIR": 0.618499883404277, "MDV": 0.722357733729787, "MHL": 0.586987166809118, "MUS": 0.484726712434878, "FSM": 0.597655873445851, "NRU": 0.586392245804017, "PLW": 0.531686307688199, "PNG": 0.490933421720232, "KNA": 0.434583075941399, "LCA": 0.386044850541362, "VCT": 0.409896225986472, "WSM": 0.477800614860236, "STP": 0.476742984465288, "SYC": 0.594331149128666, "SGP": 0.538326678694068, "SLB": 0.557079259809077, "SUR": 0.418220178645075, "TLS": 0.523842724284904, "TON": 0.544697845512927, "TTO": 0.404252710062379, "TUV": 0.6313611189043, "VUT": 0.486688943340768, "ABW": 0.3991110472038732, "AIA": 0.4490064662112039, "ASM": 0.4640515504790136, "COK": 0.4490064662112039, "CUW": 0.3818198355652337, "GUM": 0.419757985283662, "MNP": 0.500457311030382, "MSR": 0.4490064662112039, "NCL": 0.4012622967900491, "NIU": 0.4490064662112039, "PRI": 0.4369442459013529, "PYF": 0.4032376172057302, "SXM": 0.3894910625311769, "VGB": 0.4348364739563173, "VIR": 0.3868361319554531}, "2011": {"ATG": 0.47158984760727, "BHS": 0.427355856801259, "BRB": 0.396215852502981, "BLZ": 0.472251738101211, "CPV": 0.385477524857862, "COM": 0.470871413538449, "CUB": 0.497414273672557, "DMA": 0.368598260211752, "DOM": 0.447163347975723, "FJI": 0.460279589760889, "GRD": 0.381918384296782, "GNB": 0.504926610720525, "GUY": 0.40391894070208, "HTI": 0.441219532119359, "JAM": 0.447556690928628, "KIR": 0.618499883404277, "MDV": 0.722357733729787, "MHL": 0.586987166809118, "MUS": 0.484726712434878, "FSM": 0.597655873445851, "NRU": 0.586392245804017, "PLW": 0.531686307688199, "PNG": 0.490933421720232, "KNA": 0.434583075941399, "LCA": 0.386044850541362, "VCT": 0.409896225986472, "WSM": 0.477800614860236, "STP": 0.476742984465288, "SYC": 0.594331149128666, "SGP": 0.538326678694068, "SLB": 0.557079259809077, "SUR": 0.418220178645075, "TLS": 0.523842724284904, "TON": 0.544697845512927, "TTO": 0.404252710062379, "TUV": 0.6313611189043, "VUT": 0.486688943340768, "ABW": 0.4403548885098344, "AIA": 0.4419224758954104, "ASM": 0.4700972181630629, "COK": 0.4419224758954104, "CUW": 0.4329364613155573, "GUM": 0.4073447241889514, "MNP": 0.4935527758334816, "MSR": 0.4419224758954104, "NCL": 0.4236369462785262, "NIU": 0.4419224758954104, "PRI": 0.3687148643516165, "PYF": 0.3937471847464908, "SXM": 0.4100160700007062, "VGB": 0.4183445077964012, "VIR": 0.424019623279555}, "2012": {"ATG": 0.47158984760727, "BHS": 0.427355856801259, "BRB": 0.396215852502981, "BLZ": 0.472251738101211, "CPV": 0.385477524857862, "COM": 0.470871413538449, "CUB": 0.497414273672557, "DMA": 0.368598260211752, "DOM": 0.447163347975723, "FJI": 0.460279589760889, "GRD": 0.381918384296782, "GNB": 0.504926610720525, "GUY": 0.40391894070208, "HTI": 0.441219532119359, "JAM": 0.447556690928628, "KIR": 0.618499883404277, "MDV": 0.722357733729787, "MHL": 0.586987166809118, "MUS": 0.484726712434878, "FSM": 0.597655873445851, "NRU": 0.586392245804017, "PLW": 0.531686307688199, "PNG": 0.490933421720232, "KNA": 0.434583075941399, "LCA": 0.386044850541362, "VCT": 0.409896225986472, "WSM": 0.477800614860236, "STP": 0.476742984465288, "SYC": 0.594331149128666, "SGP": 0.538326678694068, "SLB": 0.557079259809077, "SUR": 0.418220178645075, "TLS": 0.523842724284904, "TON": 0.544697845512927, "TTO": 0.404252710062379, "TUV": 0.6313611189043, "VUT": 0.486688943340768, "ABW": 0.4062093615550697, "AIA": 0.4422181482623101, "ASM": 0.4695035152825406, "COK": 0.4422181482623101, "CUW": 0.390025845858007, "GUM": 0.4874145331045781, "MNP": 0.4566045622528012, "MSR": 0.4422181482623101, "NCL": 0.4337689760068406, "NIU": 0.4422181482623101, "PRI": 0.4225960668999547, "PYF": 0.4216986864030613, "SXM": 0.4202875417935187, "VGB": 0.4017892709091038, "VIR": 0.3879305186478594}, "2013": {"ATG": 0.47158984760727, "BHS": 0.427355856801259, "BRB": 0.396215852502981, "BLZ": 0.472251738101211, "CPV": 0.385477524857862, "COM": 0.470871413538449, "CUB": 0.497414273672557, "DMA": 0.368598260211752, "DOM": 0.447163347975723, "FJI": 0.460279589760889, "GRD": 0.381918384296782, "GNB": 0.504926610720525, "GUY": 0.40391894070208, "HTI": 0.441219532119359, "JAM": 0.447556690928628, "KIR": 0.618499883404277, "MDV": 0.722357733729787, "MHL": 0.586987166809118, "MUS": 0.484726712434878, "FSM": 0.597655873445851, "NRU": 0.586392245804017, "PLW": 0.531686307688199, "PNG": 0.490933421720232, "KNA": 0.434583075941399, "LCA": 0.386044850541362, "VCT": 0.409896225986472, "WSM": 0.477800614860236, "STP": 0.476742984465288, "SYC": 0.594331149128666, "SGP": 0.538326678694068, "SLB": 0.557079259809077, "SUR": 0.418220178645075, "TLS": 0.523842724284904, "TON": 0.544697845512927, "TTO": 0.404252710062379, "TUV": 0.6313611189043, "VUT": 0.486688943340768, "ABW": 0.3982241969437011, "AIA": 0.452169617117959, "ASM": 0.5067618267893852, "COK": 0.452169617117959, "CUW": 0.4230281411849486, "GUM": 0.3773229573104981, "MNP": 0.4791496824934386, "MSR": 0.452169617117959, "NCL": 0.4023417331815198, "NIU": 0.452169617117959, "PRI": 0.3836259488273401, "PYF": 0.3788693009226372, "SXM": 0.4798887422634203, "VGB": 0.3986385943075941, "VIR": 0.3738291481938798}, "2014": {"ATG": 0.47158984760727, "BHS": 0.427355856801259, "BRB": 0.396215852502981, "BLZ": 0.472251738101211, "CPV": 0.385477524857862, "COM": 0.470871413538449, "CUB": 0.497414273672557, "DMA": 0.368598260211752, "DOM": 0.447163347975723, "FJI": 0.460279589760889, "GRD": 0.381918384296782, "GNB": 0.504926610720525, "GUY": 0.40391894070208, "HTI": 0.441219532119359, "JAM": 0.447556690928628, "KIR": 0.618499883404277, "MDV": 0.722357733729787, "MHL": 0.586987166809118, "MUS": 0.484726712434878, "FSM": 0.597655873445851, "NRU": 0.586392245804017, "PLW": 0.531686307688199, "PNG": 0.490933421720232, "KNA": 0.434583075941399, "LCA": 0.386044850541362, "VCT": 0.409896225986472, "WSM": 0.477800614860236, "STP": 0.476742984465288, "SYC": 0.594331149128666, "SGP": 0.538326678694068, "SLB": 0.557079259809077, "SUR": 0.418220178645075, "TLS": 0.523842724284904, "TON": 0.544697845512927, "TTO": 0.404252710062379, "TUV": 0.6313611189043, "VUT": 0.486688943340768, "ABW": 0.4143393538134629, "AIA": 0.4283072176682556, "ASM": 0.521471546291054, "COK": 0.4283072176682556, "CUW": 0.3881582237697007, "GUM": 0.4231459795108658, "MNP": 0.4567824138321226, "MSR": 0.4283072176682556, "NCL": 0.4110099460152019, "NIU": 0.4283072176682556, "PRI": 0.3964972948622512, "PYF": 0.4060300225143605, "SXM": 0.3750822465615779, "VGB": 0.4203910320179027, "VIR": 0.3894642526855471}}, "upperIntervals": {"2010": {"ABW": 0.4944285776816424, "AIA": 0.4951053503991086, "ASM": 0.475161427415353, "COK": 0.4951053503991086, "CUW": 0.4638799413337231, "GUM": 0.4794779522770833, "MNP": 0.4796506645459669, "MSR": 0.4951053503991086, "NCL": 0.4622756169801792, "NIU": 0.4951053503991086, "PRI": 0.4913766910041048, "PYF": 0.4878541891760565, "SXM": 0.4774833318602813, "VGB": 0.524098266781214, "VIR": 0.4774833318602813}, "2011": {"ABW": 0.520423657252236, "AIA": 0.5123678030780888, "ASM": 0.4847293116797593, "COK": 0.5123678030780888, "CUW": 0.5180624100574701, "GUM": 0.4919232364674586, "MNP": 0.4919232364674586, "MSR": 0.5123678030780888, "NCL": 0.4919232364674586, "NIU": 0.5123678030780888, "PRI": 0.4806121835747796, "PYF": 0.4942844836622245, "SXM": 0.4919232364674586, "VGB": 0.526256747096349, "VIR": 0.4919232364674586}, "2012": {"ABW": 0.4884587531725849, "AIA": 0.5063099639860522, "ASM": 0.4729575424839488, "COK": 0.5063099639860522, "CUW": 0.4973732461849358, "GUM": 0.506591906309148, "MNP": 0.4943014834291673, "MSR": 0.5063099639860522, "NCL": 0.4665386376949626, "NIU": 0.5063099639860522,