{"data": {"2010": {"ATG": 0.455488600511623, "BHS": 0.434435104886842, "BRB": 0.559854583203947, "BLZ": 0.344378158463816, "CPV": 0.357814345194737, "COM": 0.224627641100748, "CUB": 0.243489163892156, "DMA": 0.446227148585526, "DOM": 0.359029614989035, "FJI": 0.331137250463377, "GRD": 0.409262256802632, "GNB": 0.238105757613208, "GUY": 0.357283500274342, "HTI": 0.248311756268515, "JAM": 0.348789813944079, "KIR": 0.228394469821435, "MDV": 0.344252676611184, "MHL": 0.233267463968337, "MUS": 0.3930610378125, "FSM": 0.275744168673055, "NRU": 0.399057131558333, "PLW": 0.374093980025877, "PNG": 0.215888971677296, "KNA": 0.58476041477193, "LCA": 0.408600422173246, "VCT": 0.408748402482456, "WSM": 0.259971307017048, "STP": 0.300339116942291, "SYC": 0.415296662012062, "SGP": 0.587368233515351, "SLB": 0.221767739652838, "SUR": 0.362025673586623, "TLS": 0.238354966638737, "TON": 0.324484930488692, "TTO": 0.45139793964693, "TUV": 0.284313743073108, "VUT": 0.274843090407237, "ABW": 0.4447822632664279, "AIA": 0.3579923139358848, "ASM": 0.3877908124343071, "COK": 0.3579923139358848, "CUW": 0.5584303061804786, "GUM": 0.4311740754374518, "MNP": 0.3389404372400288, "MSR": 0.3579923139358848, "NCL": 0.3500884466572572, "NIU": 0.3579923139358848, "PRI": 0.4725614219611735, "PYF": 0.3405203385154295, "SXM": 0.4426880652699767, "VGB": 0.4404778609985108, "VIR": 0.5177349253865241}, "2011": {"ATG": 0.460321640379386, "BHS": 0.479122565264912, "BRB": 0.573877196214912, "BLZ": 0.350478705416009, "CPV": 0.367468372000658, "COM": 0.233768476215166, "CUB": 0.247400114786401, "DMA": 0.448124197348684, "DOM": 0.377745869535526, "FJI": 0.351006311220395, "GRD": 0.416837249317982, "GNB": 0.241514213712921, "GUY": 0.363027407806579, "HTI": 0.251498276626379, "JAM": 0.373609323358333, "KIR": 0.233948712845787, "MDV": 0.362643238505263, "MHL": 0.243365076274572, "MUS": 0.416150183857018, "FSM": 0.283907918002916, "NRU": 0.424563551558333, "PLW": 0.380870851901316, "PNG": 0.224927736762278, "KNA": 0.566862279980263, "LCA": 0.412563899618421, "VCT": 0.420319048767544, "WSM": 0.273718762886373, "STP": 0.307743247091009, "SYC": 0.440561842757456, "SGP": 0.589420291149123, "SLB": 0.258044217153709, "SUR": 0.368679877008333, "TLS": 0.254890931526478, "TON": 0.347743750893395, "TTO": 0.470492718892544, "TUV": 0.31358645734624, "VUT": 0.272579100296835, "ABW": 0.3447219162207163, "AIA": 0.3492830633872501, "ASM": 0.3506622926321624, "COK": 0.3492830633872501, "CUW": 0.5022424878114701, "GUM": 0.4840527082971776, "MNP": 0.4600973919009443, "MSR": 0.3492830633872501, "NCL": 0.4833091049100067, "NIU": 0.3492830633872501, "PRI": 0.5311056545154659, "PYF": 0.4346982604558836, "SXM": 0.3925412537525122, "VGB": 0.4621600739815384, "VIR": 0.5407970874176586}, "2012": {"ATG": 0.503494283212719, "BHS": 0.567533878417544, "BRB": 0.592719997719298, "BLZ": 0.33912149945091, "CPV": 0.371510221511184, "COM": 0.245515858276246, "CUB": 0.264426045901344, "DMA": 0.454512880065789, "DOM": 0.391049122489035, "FJI": 0.354314395138158, "GRD": 0.426001304276316, "GNB": 0.257547285935833, "GUY": 0.369647566151754, "HTI": 0.274503975552896, "JAM": 0.364233454616228, "KIR": 0.239249855610818, "MDV": 0.373932338905921, "MHL": 0.252212688580806, "MUS": 0.421997848894737, "FSM": 0.296841795539889, "NRU": 0.424563551558333, "PLW": 0.393275095585965, "PNG": 0.23284429803833, "KNA": 0.571329517, "LCA": 0.422454603427632, "VCT": 0.425835309201754, "WSM": 0.282272443755699, "STP": 0.311263134713596, "SYC": 0.445046015710526, "SGP": 0.589890148622807, "SLB": 0.264340046531134, "SUR": 0.380250503299781, "TLS": 0.261967785872038, "TON": 0.363048746363891, "TTO": 0.489235398203948, "TUV": 0.332837959498264, "VUT": 0.277865739932708, "ABW": 0.4526502501338652, "AIA": 0.3463327689676302, "ASM": 0.3919019140867413, "COK": 0.3463327689676302, "CUW": 0.4884755825388282, "GUM": 0.4948478126259431, "MNP": 0.5086707426236436, "MSR": 0.3463327689676302, "NCL": 0.3720355385181277, "NIU": 0.3463327689676302, "PRI": 0.4707869579822586, "PYF": 0.3563797740655147, "SXM": 0.3763195804321118, "VGB": 0.4795652932174915, "VIR": 0.536095434820921}, "2013": {"ATG": 0.527377448703947, "BHS": 0.560999358653509, "BRB": 0.597703426714912, "BLZ": 0.343926262910215, "CPV": 0.378027938876097, "COM": 0.255617969216181, "CUB": 0.284705853999687, "DMA": 0.471850185984649, "DOM": 0.401925277341009, "FJI": 0.353934520297149, "GRD": 0.441606353067983, "GNB": 0.254618742398656, "GUY": 0.374922557855263, "HTI": 0.277018691031579, "JAM": 0.374796882310307, "KIR": 0.240023118385179, "MDV": 0.387795241735965, "MHL": 0.258560300887041, "MUS": 0.442234904584649, "FSM": 0.304396955793763, "NRU": 0.424563551558333, "PLW": 0.414423434186403, "PNG": 0.240464391659125, "KNA": 0.571798473219298, "LCA": 0.42281775460307, "VCT": 0.437869137440789, "WSM": 0.28777186555223, "STP": 0.314399971038596, "SYC": 0.462014832287281, "SGP": 0.613807815013158, "SLB": 0.26907521314184, "SUR": 0.392162772399123, "TLS": 0.273815970935186, "TON": 0.374812313585046, "TTO": 0.503219668574561, "TUV": 0.343619321779967, "VUT": 0.269322857291336, "ABW": 0.4553645639043407, "AIA": 0.4009757701576907, "ASM": 0.3715893066790806, "COK": 0.4009757701576907, "CUW": 0.3804401255269264, "GUM": 0.5916526676195556, "MNP": 0.4381534541371946, "MSR": 0.4009757701576907, "NCL": 0.428813301211107, "NIU": 0.4009757701576907, "PRI": 0.4825607727928456, "PYF": 0.4225291867543766, "SXM": 0.357100249087547, "VGB": 0.4690053095325112, "VIR": 0.5426280807692992}, "2014": {"ATG": 0.496168610991228, "BHS": 0.573662508754386, "BRB": 0.614332739890351, "BLZ": 0.353660688399601, "CPV": 0.381122864112719, "COM": 0.261145067726809, "CUB": 0.293454250254902, "DMA": 0.487413812405702, "DOM": 0.414414442681579, "FJI": 0.36097933463114, "GRD": 0.48393157858114, "GNB": 0.258643439666667, "GUY": 0.382216096424561, "HTI": 0.279011397501316, "JAM": 0.384617157844737, "KIR": 0.246636148527482, "MDV": 0.399025485752851, "MHL": 0.268759570897442, "MUS": 0.461269747442544, "FSM": 0.303747183879758, "NRU": 0.424563551558333, "PLW": 0.396853867558114, "PNG": 0.248496725754577, "KNA": 0.585310294868421, "LCA": 0.439378681131579, "VCT": 0.453716911894737, "WSM": 0.310055377141221, "STP": 0.317938048152632, "SYC": 0.460060471821491, "SGP": 0.606268294669737, "SLB": 0.275134026388158, "SUR": 0.405334420018421, "TLS": 0.294513293866009, "TON": 0.362938597676316, "TTO": 0.516537503125, "TUV": 0.35325402363422, "VUT": 0.306053200735395, "ABW": 0.4975831174184176, "AIA": 0.3382716251004909, "ASM": 0.3348944138986428, "COK": 0.3382716251004909, "CUW": 0.4192606045254503, "GUM": 0.5504011974659095, "MNP": 0.4296354542596922, "MSR": 0.3382716251004909, "NCL": 0.4251940297386495, "NIU": 0.3382716251004909, "PRI": 0.5090243984110064, "PYF": 0.4519936156949455, "SXM": 0.4747312993148925, "VGB": 0.5038251675052994, "VIR": 0.5387156994080433}}, "upperIntervals": {"2010": {"ABW": 0.4655340498612492, "AIA": 0.439813365334358, "ASM": 0.4004442188470277, "COK": 0.439813365334358, "CUW": 0.4539981555177503, "GUM": 0.4876550899538766, "MNP": 0.3461130797251711, "MSR": 0.439813365334358, "NCL": 0.460488627714935, "NIU": 0.439813365334358, "PRI": 0.4685208299692733, "PYF": 0.3944574578806201, "SXM": 0.5590216174893903, "VGB": 0.4344432968981672, "VIR": 0.4092943285420884}, "2011": {"ABW": 0.4100107530049532, "AIA": 0.4640031706013059, "ASM": 0.4846010139449597, "COK": 0.4640031706013059, "CUW": 0.4394365004370776, "GUM": 0.5601190280462564, "MNP": 0.4901785103486329, "MSR": 0.4640031706013059, "NCL": 0.4754717323161506, "NIU": 0.4640031706013059, "PRI": 0.5007061256038532, "PYF": 0.4474544614806053, "SXM": 0.4377698031721256, "VGB": 0.4745883509062966, "VIR": 0.4911335337360587}, "2012": {"ABW": 0.5426913234862373, "AIA": 0.4974260252247374, "ASM": 0.5629209473972357, "COK": 0.4974260252247374, "CUW": 0.5768814374675587, "GUM": 0.5886306917254783, "MNP": 0.5900962543672108, "MSR": 0.4974260252247374, "NCL": 0.5059669250929124, "NIU": 0.4974260252247374,