{"data": {"2010": {"ATG": 0.697634200307242, "BHS": 0.687967810286113, "BRB": 0.713654395194508, "BLZ": 0.465930196751491, "CPV": 0.61238650543382, "COM": 0.314804045605737, "CUB": 0.422137948235817, "DMA": 0.643051400388753, "DOM": 0.408401830521671, "FJI": 0.397129023665174, "GRD": 0.575222020952444, "GNB": 0.289269486082313, "GUY": 0.402568634979197, "HTI": 0.280143619758455, "JAM": 0.465218384457603, "KIR": 0.50012948666394, "MDV": 0.43293118785618, "MHL": 0.475525769021952, "MUS": 0.650340463644137, "FSM": 0.501474523851457, "NRU": 0.540795096674906, "PLW": 0.534009771408409, "PNG": 0.339419307226395, "KNA": 0.665494421289696, "LCA": 0.673248153700718, "VCT": 0.662162418684169, "WSM": 0.565751720603774, "STP": 0.422530990365439, "SYC": 0.545568731071845, "SGP": 0.846973922343701, "SLB": 0.410748660069557, "SUR": 0.455300317580453, "TLS": 0.3418401202474889, "TON": 0.491272609910612, "TTO": 0.510415389560778, "TUV": 0.545016259266347, "VUT": 0.553587159339405, "ABW": 0.668183634480461, "AIA": 0.4788817128728944, "ASM": 0.560461355319559, "COK": 0.4788817128728944, "CUW": 0.6104537942576803, "GUM": 0.695989027010594, "MNP": 0.5596383823797629, "MSR": 0.4788817128728944, "NCL": 0.6595419361105613, "NIU": 0.4788817128728944, "PRI": 0.6954373595544059, "PYF": 0.6071856629070264, "SXM": 0.6351217521345975, "VGB": 0.6707005258256905, "VIR": 0.6813726507945815}, "2011": {"ATG": 0.697335743241441, "BHS": 0.686377208530003, "BRB": 0.742265639131583, "BLZ": 0.444479753191378, "CPV": 0.616950682018597, "COM": 0.321329061188825, "CUB": 0.42037362446684, "DMA": 0.641533545629882, "DOM": 0.411731421547928, "FJI": 0.43089222942002, "GRD": 0.565805573290757, "GNB": 0.288464753676906, "GUY": 0.395158110354681, "HTI": 0.272948712327546, "JAM": 0.488271040341348, "KIR": 0.503675125164128, "MDV": 0.418385589800886, "MHL": 0.489441281797287, "MUS": 0.661853562049018, "FSM": 0.486930149003233, "NRU": 0.523978492036803, "PLW": 0.521268456192562, "PNG": 0.350089521738802, "KNA": 0.661924877793506, "LCA": 0.674639942842872, "VCT": 0.665964598420802, "WSM": 0.572587312173713, "STP": 0.42790112151732, "SYC": 0.551211290239241, "SGP": 0.846251757222771, "SLB": 0.42279150933765, "SUR": 0.464571555187749, "TLS": 0.4379348756004076, "TON": 0.497593697428966, "TTO": 0.518416921067505, "TUV": 0.493903581409805, "VUT": 0.551429062403569, "ABW": 0.605804602827551, "AIA": 0.4897876926498629, "ASM": 0.6265888683187786, "COK": 0.4897876926498629, "CUW": 0.5777821449639198, "GUM": 0.6519392405813147, "MNP": 0.5942694984497808, "MSR": 0.4897876926498629, "NCL": 0.6534175955151219, "NIU": 0.4897876926498629, "PRI": 0.6965237744609456, "PYF": 0.5930887164794602, "SXM": 0.6198870048434454, "VGB": 0.6634168130298732, "VIR": 0.7339569788819428}, "2012": {"ATG": 0.696072228649929, "BHS": 0.681786753940612, "BRB": 0.723902233500554, "BLZ": 0.460121889368725, "CPV": 0.618442923450235, "COM": 0.32398801942944, "CUB": 0.421888721730322, "DMA": 0.632821402858518, "DOM": 0.428485170666642, "FJI": 0.429515857229044, "GRD": 0.570825880376309, "GNB": 0.256761611717647, "GUY": 0.385196875622768, "HTI": 0.290303206479821, "JAM": 0.489034068074827, "KIR": 0.503871706832098, "MDV": 0.404690980715455, "MHL": 0.485121138952804, "MUS": 0.660581614451572, "FSM": 0.499706588602757, "NRU": 0.52691763211842, "PLW": 0.521267206256122, "PNG": 0.360685327727548, "KNA": 0.656623024457916, "LCA": 0.650851430189961, "VCT": 0.662391221775637, "WSM": 0.571549952646154, "STP": 0.421225638013743, "SYC": 0.546986971338292, "SGP": 0.86623216758941, "SLB": 0.416115776271082, "SUR": 0.464080181140878, "TLS": 0.3541203516316004, "TON": 0.493336176923478, "TTO": 0.505926759152833, "TUV": 0.503628543353302, "VUT": 0.554938250429562, "ABW": 0.6436951390699063, "AIA": 0.4717204778168768, "ASM": 0.578761493113914, "COK": 0.4717204778168768, "CUW": 0.6564013696432658, "GUM": 0.6566793749234999, "MNP": 0.5910658361442676, "MSR": 0.4717204778168768, "NCL": 0.6097176712398166, "NIU": 0.4717204778168768, "PRI": 0.6905851199192553, "PYF": 0.6495446691120952, "SXM": 0.5058515747118758, "VGB": 0.6563817631294301, "VIR": 0.7201807242974351}, "2013": {"ATG": 0.689448156531893, "BHS": 0.671629870370252, "BRB": 0.726152231667338, "BLZ": 0.461209412139092, "CPV": 0.608260976729369, "COM": 0.347941449058978, "CUB": 0.417289758915372, "DMA": 0.638760787305632, "DOM": 0.434936614110552, "FJI": 0.429570500267339, "GRD": 0.568268803900479, "GNB": 0.252129152383229, "GUY": 0.393515638511775, "HTI": 0.305044723464637, "JAM": 0.491862043713757, "KIR": 0.501775385929074, "MDV": 0.41067010133676, "MHL": 0.502385468183073, "MUS": 0.655136973498476, "FSM": 0.498897069340247, "NRU": 0.477629128710722, "PLW": 0.510088218001307, "PNG": 0.357046129237186, "KNA": 0.657074322702701, "LCA": 0.651797890520744, "VCT": 0.656288181054513, "WSM": 0.577778333818296, "STP": 0.424214108826656, "SYC": 0.556077292267979, "SGP": 0.862995463494558, "SLB": 0.416261725485316, "SUR": 0.471704620653331, "TLS": 0.3442793670885457, "TON": 0.498550305486931, "TTO": 0.502251570645103, "TUV": 0.498588930265113, "VUT": 0.561770536639985, "ABW": 0.6670461603264644, "AIA": 0.467994568260446, "ASM": 0.5396233024887878, "COK": 0.467994568260446, "CUW": 0.6458444215316114, "GUM": 0.6604147896649037, "MNP": 0.5602928623160143, "MSR": 0.467994568260446, "NCL": 0.5742135298239294, "NIU": 0.467994568260446, "PRI": 0.6733395431460796, "PYF": 0.6560611969895193, "SXM": 0.5789256562892148, "VGB": 0.6512255394870089, "VIR": 0.6816800695475767}, "2014": {"ATG": 0.601753560529536, "BHS": 0.662787011441539, "BRB": 0.69509958102785, "BLZ": 0.435722777539, "CPV": 0.59649162435589, "COM": 0.365206227440203, "CUB": 0.436334772024492, "DMA": 0.624172807873002, "DOM": 0.443508009533118, "FJI": 0.495992061373484, "GRD": 0.5541509318974, "GNB": 0.264425052620423, "GUY": 0.401550413910183, "HTI": 0.297500372822387, "JAM": 0.482939996785289, "KIR": 0.503717351136209, "MDV": 0.470545110164474, "MHL": 0.484933876063701, "MUS": 0.653875107834845, "FSM": 0.527925246382125, "NRU": 0.394791996842784, "PLW": 0.494747524975316, "PNG": 0.382885701593115, "KNA": 0.556928809871835, "LCA": 0.605580775476302, "VCT": 0.62079970619272, "WSM": 0.596803870366213, "STP": 0.435733452084266, "SYC": 0.536211339990011, "SGP": 0.872981635129131, "SLB": 0.432806753947377, "SUR": 0.453460414273889, "TLS": 0.398636934705104, "TON": 0.497110460915949, "TTO": 0.499332554298101, "TUV": 0.536199121488016, "VUT": 0.552434964770863, "ABW": 0.5773732207102887, "AIA": 0.4784050006114945, "ASM": 0.4867491282247507, "COK": 0.4784050006114945, "CUW": 0.6721877486895259, "GUM": 0.6516728204889245, "MNP": 0.6010846196389952, "MSR": 0.4784050006114945, "NCL": 0.6077177413458983, "NIU": 0.4784050006114945, "PRI": 0.6182837154793531, "PYF": 0.555279710288514, "SXM": 0.5420763557395134, "VGB": 0.6283871427399231, "VIR": 0.7419815715650476}}, "upperIntervals": {"2010": {"TLS": 0.4369573902561349, "ABW": 0.6851337908270383, "AIA": 0.5178183918653696, "ASM": 0.6133598653150882, "COK": 0.5178183918653696, "CUW": 0.6228053157467125, "GUM": 0.6843662036705639, "MNP": 0.6271403164041914, "MSR": 0.5178183918653696, "NCL": 0.674366660645959, "NIU": 0.5178183918653696, "PRI": 0.684531169355611, "PYF": 0.6277255569718369, "SXM": 0.6329000749033575, "VGB": 0.6959773889402655, "VIR": 0.7045413536553287}, "2011": {"TLS": 0.4544811302634113, "ABW": 0.6457242281712066, "AIA": 0.5183591480012024, "ASM": 0.6958831619737855, "COK": 0.5183591480012024, "CUW": 0.5609533957604844, "GUM": 0.6729175094537105, "MNP": 0.6755712659585342, "MSR": 0.5183591480012024, "NCL": 0.6724633924398542, "NIU": 0.5183591480012024, "PRI": 0.7241373551063053, "PYF": 0.6356450323157179, "SXM": 0.6750594938840939, "VGB": 0.6688885437140002, "VIR": 0.7253917825430354}, "2012": {"TLS": 0.4352930547049602, "ABW": 0.6567129927775731, "AIA": 0.5097074814928834, "ASM": 0.6423547511308979, "COK": 0.5097074814928834, "CUW": 0.6590406465127043, "GUM": 0.6621271599411969, "MNP": 0.6678492793043478,