{"data": {"2010": {"ATG": 0.454925432614669, "BHS": 0.48759746987979, "BRB": 0.487506693794556, "BLZ": 0.655882058127987, "CPV": 0.604281679019591, "COM": 0.764046023088996, "CUB": 0.41932206373428, "DMA": 0.5949550466705992, "DOM": 0.574695916440653, "FJI": 0.508252751421407, "GRD": 0.506854648915029, "GNB": 0.810759835036305, "GUY": 0.584040450938128, "HTI": 0.68242087174247, "JAM": 0.544297076709561, "KIR": 0.655287700298981, "MDV": 0.408391398579679, "MHL": 0.5610108939963746, "MUS": 0.401487908958672, "FSM": 0.63609553923982, "NRU": 0.4585199989318915, "PLW": 0.6800631188506624, "PNG": 0.704362495158761, "KNA": 0.5259531759582156, "LCA": 0.455644082641617, "VCT": 0.514339262233197, "WSM": 0.745948182114076, "STP": 0.824763054968126, "SYC": 0.421932646902509, "SGP": 0.192372246926836, "SLB": 0.766475574305743, "SUR": 0.552449500479181, "TLS": 0.828986513960876, "TON": 0.742197508893667, "TTO": 0.387561402331161, "TUV": 0.6882386427735718, "VUT": 0.716920087957449, "ABW": 0.4899255940071426, "AIA": 0.56077796889457, "ASM": 0.5735309606273938, "COK": 0.56077796889457, "CUW": 0.4986745994453729, "GUM": 0.4757568189776728, "MNP": 0.5214899952179846, "MSR": 0.56077796889457, "NCL": 0.4877075504860897, "NIU": 0.56077796889457, "PRI": 0.5304379067676982, "PYF": 0.7384291478195233, "SXM": 0.4812872822311272, "VGB": 0.5460210592118682, "VIR": 0.4740932465219111}, "2011": {"ATG": 0.45026955071951, "BHS": 0.478384504293581, "BRB": 0.485921615641769, "BLZ": 0.638660797978993, "CPV": 0.581202507384376, "COM": 0.759606090648899, "CUB": 0.420644459722612, "DMA": 0.5028596759562959, "DOM": 0.567268484631101, "FJI": 0.51152827841443, "GRD": 0.501603222857096, "GNB": 0.809105170322554, "GUY": 0.571301627040896, "HTI": 0.674084439247071, "JAM": 0.531538225577596, "KIR": 0.656981953671326, "MDV": 0.379540571021766, "MHL": 0.516326229543705, "MUS": 0.395139900365492, "FSM": 0.621546640727479, "NRU": 0.4829407361781309, "PLW": 0.5986989996499951, "PNG": 0.698492220994205, "KNA": 0.4965231758685126, "LCA": 0.438675463447076, "VCT": 0.509540102535439, "WSM": 0.740761659755383, "STP": 0.823967689290534, "SYC": 0.420972683560727, "SGP": 0.196020736951144, "SLB": 0.764819178866047, "SUR": 0.545799375638114, "TLS": 0.813615392260461, "TON": 0.737727321135725, "TTO": 0.392896310806881, "TUV": 0.6335943071282382, "VUT": 0.721091724230947, "ABW": 0.549708809375392, "AIA": 0.5261687016729654, "ASM": 0.5546551564406866, "COK": 0.5261687016729654, "CUW": 0.4981364350307609, "GUM": 0.4548834890078255, "MNP": 0.505150976658519, "MSR": 0.5261687016729654, "NCL": 0.4926724201846368, "NIU": 0.5261687016729654, "PRI": 0.5084441611055315, "PYF": 0.6972431339849187, "SXM": 0.5646950754620564, "VGB": 0.5216878437856661, "VIR": 0.5646843840980046}, "2012": {"ATG": 0.444394457609561, "BHS": 0.466531967646181, "BRB": 0.485468574607072, "BLZ": 0.622743566158433, "CPV": 0.562433547603449, "COM": 0.75486450097562, "CUB": 0.422233340174095, "DMA": 0.5492794576649805, "DOM": 0.560788034035676, "FJI": 0.515448604859569, "GRD": 0.494113648379374, "GNB": 0.806635443061094, "GUY": 0.560919759432147, "HTI": 0.665255066655443, "JAM": 0.519541581005355, "KIR": 0.648959329912568, "MDV": 0.351677050797309, "MHL": 0.545017648555586, "MUS": 0.392759268945014, "FSM": 0.605917328490595, "NRU": 0.5099330009232472, "PLW": 0.5364157650134077, "PNG": 0.690938339753656, "KNA": 0.5127574717303106, "LCA": 0.423672785679387, "VCT": 0.503273378603065, "WSM": 0.73745518738315, "STP": 0.824308544632784, "SYC": 0.418868739487503, "SGP": 0.20003837029533, "SLB": 0.76429882139549, "SUR": 0.540276476341788, "TLS": 0.800586291775587, "TON": 0.7347741894671, "TTO": 0.39923751745707, "TUV": 0.5022339608215778, "VUT": 0.720125799673439, "ABW": 0.4759736853586381, "AIA": 0.4940857048999864, "ASM": 0.5435501050245716, "COK": 0.4940857048999864, "CUW": 0.5315332834260497, "GUM": 0.5343775344166922, "MNP": 0.5204537984504377, "MSR": 0.4940857048999864, "NCL": 0.4923481914409841, "NIU": 0.4940857048999864, "PRI": 0.4811184274123081, "PYF": 0.5531092033034877, "SXM": 0.6065075661913084, "VGB": 0.5116885756629673, "VIR": 0.50969117772836}, "2013": {"ATG": 0.438481327933655, "BHS": 0.453146984383432, "BRB": 0.485717661682235, "BLZ": 0.607331133256337, "CPV": 0.547509460351807, "COM": 0.749980672075705, "CUB": 0.424223837577072, "DMA": 0.5334892297284352, "DOM": 0.555233407456118, "FJI": 0.520743547049779, "GRD": 0.487286048164959, "GNB": 0.803801518478641, "GUY": 0.552696656641522, "HTI": 0.656210440758782, "JAM": 0.508574929785823, "KIR": 0.636560286684683, "MDV": 0.326896705636282, "MHL": 0.516327784395899, "MUS": 0.393360035950984, "FSM": 0.591003581681293, "NRU": 0.4779176232744849, "PLW": 0.6137687786232494, "PNG": 0.682259475242749, "KNA": 0.4883869183478738, "LCA": 0.410119151581136, "VCT": 0.496310033386408, "WSM": 0.737462649730154, "STP": 0.824614919049168, "SYC": 0.417961958190025, "SGP": 0.201855112933665, "SLB": 0.764370281704551, "SUR": 0.53548681414656, "TLS": 0.788525792449719, "TON": 0.73148923751305, "TTO": 0.406364552075287, "TUV": 0.5976530763656119, "VUT": 0.720206610692178, "ABW": 0.5819338142637774, "AIA": 0.5164192085120323, "ASM": 0.561660369219803, "COK": 0.5164192085120323, "CUW": 0.7128707647332939, "GUM": 0.5249163965229913, "MNP": 0.5019618567756249, "MSR": 0.5164192085120323, "NCL": 0.5325917626258111, "NIU": 0.5164192085120323, "PRI": 0.4933323361726535, "PYF": 0.5792980131662144, "SXM": 0.5974135792362534, "VGB": 0.4957148967041814, "VIR": 0.4689169504259403}, "2014": {"ATG": 0.433708920917663, "BHS": 0.440289704079526, "BRB": 0.486198775369483, "BLZ": 0.591814634951509, "CPV": 0.535053617734265, "COM": 0.74501071065664, "CUB": 0.426902872311096, "DMA": 0.5911742930436001, "DOM": 0.550484236344978, "FJI": 0.527097732033047, "GRD": 0.483559044263246, "GNB": 0.800943345845075, "GUY": 0.545822860714511, "HTI": 0.647328261074763, "JAM": 0.498868029750717, "KIR": 0.628235707012164, "MDV": 0.306524409373913, "MHL": 0.5068393520560095, "MUS": 0.394798381705041, "FSM": 0.578601072124422, "NRU": 0.4814782720512476, "PLW": 0.598101199547088, "PNG": 0.673367833440551, "KNA": 0.4966473228728859, "LCA": 0.397891250107532, "VCT": 0.490451487166905, "WSM": 0.741250953586606, "STP": 0.823419316195974, "SYC": 0.419646570350056, "SGP": 0.201919515554034, "SLB": 0.764087548248523, "SUR": 0.530766461633013, "TLS": 0.775510305659358, "TON": 0.727581846503518, "TTO": 0.413745035196403, "TUV": 0.5896477676532428, "VUT": 0.725213639667332, "ABW": 0.461667259996899, "AIA": 0.53306947767723, "ASM": 0.5146551118716477, "COK": 0.53306947767723, "CUW": 0.5209468028717569, "GUM": 0.5340771310487292, "MNP": 0.4915867210632363, "MSR": 0.53306947767723, "NCL": 0.5588695310964612, "NIU": 0.53306947767723, "PRI": 0.4929225197477788, "PYF": 0.5804924847551639, "SXM": 0.5649401962369484, "VGB": 0.543464668071934, "VIR": 0.5043111974018439}}, "upperIntervals": {"2010": {"DMA": 0.6496254352836903, "MHL": 0.5999529556256871, "NRU": 0.6378518372603567, "PLW": 0.671876618366885, "KNA": 0.7596446982573588, "TUV": 0.642896850385152, "ABW": 0.7266360588177044, "AIA": 0.6550682832801564, "ASM": 0.7320741874211799, "COK": 0.6550682832801564, "CUW": 0.6076999938145277, "GUM": 0.5915902758560551, "MNP": 0.6335367167889939, "MSR": 0.6550682832801564, "NCL": 0.5771909534222462, "NIU": 0.6550682832801564, "PRI": 0.5830803037839871, "PYF": 0.7451078371349632, "SXM": 0.5895990949642881, "VGB": 0.7073114369003735, "VIR": 0.5609164739564152}, "2011": {"DMA": 0.7326352991297349, "MHL": 0.7410891963909353, "NRU": 0.7326224057894706, "PLW": 0.7166845170019192, "KNA": 0.7960039345879315, "TUV": 0.8096504423820305, "ABW": 0.7735591226905474, "AIA": 0.7201474651787233, "ASM": 0.7756210974213213, "COK": 0.7201474651787233, "CUW": 0.6673078874250405, "GUM": 0.6686885032982656, "MNP": 0.6605761105715279, "MSR": 0.7201474651787233, "NCL": 0.634693267491094, "NIU": 0.7201474651787233, "PRI": 0.6321516419659048, "PYF": 0.7567627177032458, "SXM": 0.7281351086398545,