{"ssi-ce": {"data": {"2020": {"ATG": 3.6181695663039593, "ABW": 3.3408003487415043, "BHS": 2.1471791496272696, "BHR": 2.469098659693343, "BRB": 4.239273232367142, "BLZ": 3.149629330439068, "BMU": 2.1529013635090903, "VGB": 3.851889707857445, "CPV": 2.1523590856573063, "CYM": 2.1529783749873928, "COM": 2.1539273273078643, "COK": 2.7997497014086634, "CUB": 5.009607915943975, "DMA": 3.371550353277676, "DOM": 3.5265844778837128, "FJI": 2.369835654377481, "GRD": 3.777344281346355, "GNB": 4.140375236115504, "GUY": 2.525915532895693, "HTI": 3.130786123900217, "JAM": 4.640936675376979, "KIR": 2.1542964346228297, "MDV": 2.9248383890491327, "MUS": 2.8469016601321235, "FSM": 3.161730304279605, "NRU": 3.095438252134149, "PNG": 3.205615625412383, "WSM": 2.1537799202359973, "STP": 2.937128637255295, "SYC": 2.1518598141543483, "SGP": 1.548148578438525, "SLB": 2.153784235268172, "KNA": 3.1801375591694003, "LCA": 2.7791398038943225, "VCT": 2.153873903157168, "SUR": 4.914657419109069, "TLS": 2.691371403724807, "TON": 2.1540911600146244, "TTO": 2.9124270376142367, "TCA": 2.153966488878728, "TUV": 10.0, "VUT": 2.1540675542931385}, "recentValue": {"ATG": 3.6181695663039593, "ABW": 3.3408003487415043, "BHS": 2.1471791496272696, "BMU": 2.1529013635090903, "BHR": 2.469098659693343, "BRB": 4.239273232367142, "BLZ": 3.149629330439068, "VGB": 3.851889707857445, "CPV": 2.1523590856573063, "CYM": 2.1529783749873928, "COM": 2.1539273273078643, "CUB": 5.009607915943975, "DMA": 3.371550353277676, "DOM": 3.5265844778837128, "FJI": 2.369835654377481, "GRD": 3.777344281346355, "GNB": 4.140375236115504, "GUY": 2.525915532895693, "HTI": 3.130786123900217, "JAM": 4.640936675376979, "KIR": 2.1542964346228297, "MDV": 2.9248383890491327, "MUS": 2.8469016601321235, "FSM": 3.161730304279605, "NRU": 3.095438252134149, "PNG": 3.205615625412383, "WSM": 2.1537799202359973, "STP": 2.937128637255295, "SYC": 2.1518598141543483, "SGP": 1.548148578438525, "SLB": 2.153784235268172, "KNA": 3.1801375591694003, "VCT": 2.153873903157168, "LCA": 2.7791398038943225, "SUR": 4.914657419109069, "TLS": 2.691371403724807, "TTO": 2.9124270376142367, "TON": 2.1540911600146244, "TUV": 10.0, "TCA": 2.153966488878728, "VUT": 2.1540675542931385, "COK": 2.7997497014086634}, "recentYear": {"ATG": "2020", "ABW": "2020", "BHS": "2020", "BMU": "2020", "BHR": "2020", "BRB": "2020", "BLZ": "2020", "VGB": "2020", "CPV": "2020", "CYM": "2020", "COM": "2020", "CUB": "2020", "DMA": "2020", "DOM": "2020", "FJI": "2020", "GRD": "2020", "GNB": "2020", "GUY": "2020", "HTI": "2020", "JAM": "2020", "KIR": "2020", "MDV": "2020", "MUS": "2020", "FSM": "2020", "NRU": "2020", "PNG": "2020", "WSM": "2020", "STP": "2020", "SYC": "2020", "SGP": "2020", "SLB": "2020", "KNA": "2020", "VCT": "2020", "LCA": "2020", "SUR": "2020", "TLS": "2020", "TTO": "2020", "TON": "2020", "TUV": "2020", "TCA": "2020", "VUT": "2020", "COK": "2020"}}, "def": "A geometric average of the scores for energy use, energy savings, greenhouse gases, and renewable energy.", "name": "Climate and Energy", "source": "EIA, IEA", "dataset": "EIA, IEA", "category": "Environmental Wellbeing", "subcategory": "Climate and Energy", "link": "https://ssi.wi.th-koeln.de/ssi-final.html", "dim": "none", "priority": "2.0", "units": "Score"}, "confidenceIntervals": {"2020": {"ATG": 0.9045423915759898, "BRB": 0.6056104617667346, "BLZ": 3.149629330439068, "BMU": 0.30755733764415577, "DMA": 0.842887588319419, "DOM": 0.5037977825548161, "FJI": 0.3385479506253544, "HTI": 3.130786123900217, "KIR": 0.21542964346228297, "FSM": 0.4516757577542293, "SYC": 2.1518598141543483, "SGP": 0.38703714460963123}, "recentValue": {"BHS": 0.30673987851818135, "BMU": 2.1529013635090903, "CPV": 0.21523590856573063, "DMA": 0.3371550353277676, "DOM": 0.5037977825548161, "FJI": 0.5924589135943702, "KIR": 0.5385741086557074, "FSM": 0.3161730304279605, "NRU": 0.3095438252134149, "PNG": 3.205615625412383, "STP": 2.937128637255295, "SLB": 0.2153784235268172, "SUR": 1.2286643547772673, "TTO": 0.7281067594035592, "TUV": 1.0}}, "featureImportances": {"indicators": {"wdi-IC.BUS.DFRN.XQ": 0.025, "wdi2-SE.SEC.PROG.MA.ZS": 0.397, "wdi-EN.ATM.GHGO.ZG": 0.501, "wdi-IE.PPI.WATR.CD": 0.618, "ssi-t": 0.522, "wdi2-SL.TLF.0714.SW.FE.TM": 0.41, "ihme-liver-cancer": 0.285, "ihme-acute-lymphoid-leukemia": 0.299, "wdi2-SL.SRV.EMPL.MA.ZS": 0.601, "ssi-ce": 0.869}, "categories": {"Incentives": 0.098, "Adaptive Capacity; Results": 0.154, "Transport injuries": 0.089, "Non-communicable diseases": 0.014}}}