{"ssi-nr": {"data": {"2020": {"ATG": 8.519122967716743, "ABW": 7.479394065006975, "BHS": 7.160437612108836, "BHR": 6.360748192634995, "BRB": 4.319407772356554, "BLZ": 3.1622776601683795, "BMU": 3.2699797558643624, "VGB": 5.172203670416517, "CPV": 2.915497442142951, "CYM": 5.637567458917177, "COM": 7.0546506154698285, "COK": 3.2312500000000064, "CUB": 6.9936309679264745, "DMA": 7.75, "DOM": 6.99528546657974, "FJI": 2.46734905462246, "GRD": 7.207175286092037, "GNB": 7.098487822901463, "GUY": 4.977433429603315, "HTI": 5.672765301916692, "JAM": 7.451670860668226, "KIR": 3.3588353758207647, "MDV": 4.807902513768152, "MHL": 3.25, "MUS": 5.954251273432052, "FSM": 3.4865622085664576, "NRU": 7.75, "PLW": 1.7923913043478343, "PNG": 5.654987878067693, "STP": 7.8676604272958945, "SYC": 5.096579906618815, "SGP": 6.681145899191426, "KNA": 7.43630239785165, "LCA": 6.482185520847287, "VCT": 5.762301594813939, "SUR": 6.154717064040792, "TLS": 8.598385626533647, "TON": 7.75, "TTO": 6.01230718979132, "TCA": 3.25, "TUV": 6.76598740723405, "VUT": 7.75}, "recentValue": {"ATG": 8.519122967716743, "ABW": 7.479394065006975, "BHS": 7.160437612108836, "BMU": 3.2699797558643624, "BHR": 6.360748192634995, "BRB": 4.319407772356554, "BLZ": 3.1622776601683795, "VGB": 5.172203670416517, "CPV": 2.915497442142951, "CYM": 5.637567458917177, "COM": 7.0546506154698285, "CUB": 6.9936309679264745, "DMA": 7.75, "DOM": 6.99528546657974, "FJI": 2.46734905462246, "GRD": 7.207175286092037, "GNB": 7.098487822901463, "GUY": 4.977433429603315, "HTI": 5.672765301916692, "JAM": 7.451670860668226, "KIR": 3.3588353758207647, "MDV": 4.807902513768152, "MHL": 3.25, "MUS": 5.954251273432052, "FSM": 3.4865622085664576, "NRU": 7.75, "PLW": 1.7923913043478343, "PNG": 5.654987878067693, "STP": 7.8676604272958945, "SYC": 5.096579906618815, "SGP": 6.681145899191426, "KNA": 7.43630239785165, "VCT": 5.762301594813939, "LCA": 6.482185520847287, "SUR": 6.154717064040792, "TLS": 8.598385626533647, "TTO": 6.01230718979132, "TON": 7.75, "TUV": 6.76598740723405, "TCA": 3.25, "VUT": 7.75, "COK": 3.2312500000000064}, "recentYear": {"ATG": "2020", "ABW": "2020", "BHS": "2020", "BMU": "2020", "BHR": "2020", "BRB": "2020", "BLZ": "2020", "VGB": "2020", "CPV": "2020", "CYM": "2020", "COM": "2020", "CUB": "2020", "DMA": "2020", "DOM": "2020", "FJI": "2020", "GRD": "2020", "GNB": "2020", "GUY": "2020", "HTI": "2020", "JAM": "2020", "KIR": "2020", "MDV": "2020", "MHL": "2020", "MUS": "2020", "FSM": "2020", "NRU": "2020", "PLW": "2020", "PNG": "2020", "STP": "2020", "SYC": "2020", "SGP": "2020", "KNA": "2020", "VCT": "2020", "LCA": "2020", "SUR": "2020", "TLS": "2020", "TTO": "2020", "TON": "2020", "TUV": "2020", "TCA": "2020", "VUT": "2020", "COK": "2020"}}, "def": "A geometric average of the scores for biodiversity, renewable energy resources, and consumption.", "name": "Natural Resources", "source": "FAO, World Bank, Global Footprint Network", "dataset": "FAO, World Bank, Global Footprint Network", "category": "Environmental Wellbeing", "subcategory": "Natural Resources", "link": "https://ssi.wi.th-koeln.de/ssi-final.html", "dim": "none", "priority": "2.0", "units": "Score"}, "confidenceIntervals": {"2020": {"BLZ": 0.45175395145262565, "CPV": 2.915497442142951, "SYC": 0.7280828438026878, "SUR": 6.154717064040792, "TLS": 1.228340803790521}, "recentValue": {"BHS": 7.160437612108836, "BMU": 0.32699797558643623, "CYM": 1.4093918647292942, "CUB": 6.9936309679264745, "NRU": 1.1071428571428572, "PNG": 1.4137469695169234, "STP": 0.7867660427295895, "SGP": 6.681145899191426, "LCA": 1.6205463802118218, "SUR": 6.154717064040792, "TON": 1.1071428571428572}}, "featureImportances": {"indicators": {"irena-lb-cap-all": 0.046, "hdr-148306": 0.291, "igrac-twap_sids_socioeconomic_percagridepgw": 0.622, "wdi-EG.IMP.CONS.ZS": 0.887, "ohi-mar-resilience": 0.504, "unicef-mnh3": 0.167, "wdi2-TM.TAX.MANF.BC.ZS": 0.426, "ihme-anxiety-disorders": 0.398, "wdi-IC.FRM.FEMM.ZS": 0.118, "blasiak-index-26-50": 0.797}, "categories": {"Road injuries": 0.082, "Exposure to mechanical forces": 0.327, "Acute hepatitis": 0.826, "Total Renewable": 0.69}}}