{"ssi-19": {"data": {"2020": {"ATG": 7.346204491512087, "ABW": 9.278128980228288, "BHS": 9.092433294035567, "BHR": 9.648045625504231, "BRB": 6.516601114236593, "BLZ": 3.80025751302575, "CPV": 3.606661577532032, "CYM": 9.990271720081225, "COM": 1.888886523612268, "DMA": 5.303906598765261, "DOM": 6.7304187620080285, "FJI": 5.922639625375323, "GRD": 6.615071237753423, "GNB": 1.2762703794194752, "GUY": 4.524970520200247, "HTI": 1.1831122295750365, "JAM": 4.741463049859433, "KIR": 1.4552717148493322, "MDV": 6.994048085727522, "MHL": 2.278908991783334, "MUS": 7.614180097264686, "FSM": 2.133697413321637, "NRU": 5.105986789755329, "PLW": 6.969136985500387, "PNG": 2.564520054384276, "WSM": 3.543972267590969, "STP": 2.3471347195947168, "SYC": 8.397985669746372, "SGP": 10.0, "SLB": 1.5096599792884258, "KNA": 8.17586507627742, "LCA": 6.314754456120775, "VCT": 5.588367198718121, "SUR": 6.643035425793052, "TLS": 1.959853882128565, "TON": 3.4694971740109235, "TTO": 8.307714662673853, "TCA": 8.191050591546468, "TUV": 2.3410461055485445, "VUT": 1.9361762292836928}, "recentValue": {"ATG": 7.346204491512087, "ABW": 9.278128980228288, "BHS": 9.092433294035567, "BHR": 9.648045625504231, "BRB": 6.516601114236593, "BLZ": 3.80025751302575, "CPV": 3.606661577532032, "CYM": 9.990271720081225, "COM": 1.888886523612268, "DMA": 5.303906598765261, "DOM": 6.7304187620080285, "FJI": 5.922639625375323, "GRD": 6.615071237753423, "GNB": 1.2762703794194752, "GUY": 4.524970520200247, "HTI": 1.1831122295750365, "JAM": 4.741463049859433, "KIR": 1.4552717148493322, "MDV": 6.994048085727522, "MHL": 2.278908991783334, "MUS": 7.614180097264686, "FSM": 2.133697413321637, "NRU": 5.105986789755329, "PLW": 6.969136985500387, "PNG": 2.564520054384276, "WSM": 3.543972267590969, "STP": 2.3471347195947168, "SYC": 8.397985669746372, "SGP": 10.0, "SLB": 1.5096599792884258, "KNA": 8.17586507627742, "VCT": 5.588367198718121, "LCA": 6.314754456120775, "SUR": 6.643035425793052, "TLS": 1.959853882128565, "TTO": 8.307714662673853, "TON": 3.4694971740109235, "TUV": 2.3410461055485445, "TCA": 8.191050591546468, "VUT": 1.9361762292836928}, "recentYear": {"ATG": "2020", "ABW": "2020", "BHS": "2020", "BHR": "2020", "BRB": "2020", "BLZ": "2020", "CPV": "2020", "CYM": "2020", "COM": "2020", "DMA": "2020", "DOM": "2020", "FJI": "2020", "GRD": "2020", "GNB": "2020", "GUY": "2020", "HTI": "2020", "JAM": "2020", "KIR": "2020", "MDV": "2020", "MHL": "2020", "MUS": "2020", "FSM": "2020", "NRU": "2020", "PLW": "2020", "PNG": "2020", "WSM": "2020", "STP": "2020", "SYC": "2020", "SGP": "2020", "SLB": "2020", "KNA": "2020", "VCT": "2020", "LCA": "2020", "SUR": "2020", "TLS": "2020", "TTO": "2020", "TON": "2020", "TUV": "2020", "TCA": "2020", "VUT": "2020"}}, "def": "Indicator: GDP per capita, PPP (current international $). Gross domestic product (GDP) is the market value of all goods and services produced within a country in a given period. It is a measure of a country\u2019s economy as far as money is involved. To enable a fair comparison across countries GDP is calculated in Purchasing Power Parity, PPP, i.e. the exchange rate is adjusted so that an identical good in two different countries has the same price when expressed in the same currency (current international dollar). ", "name": "GDP", "source": "World Bank", "dataset": "World Bank", "category": "Economic Wellbeing", "subcategory": "Economy", "link": "https://ssi.wi.th-koeln.de/ssi-final.html", "dim": "none", "priority": "3.0", "units": "Score"}, "confidenceIntervals": {"2020": {"BHR": 9.648045625504231, "COM": 0.26984093194460973, "GNB": 0.3190675948548688, "GUY": 1.1312426300500618, "MUS": 7.614180097264686, "FSM": 0.21336974133216371, "PNG": 0.641130013596069, "STP": 2.3471347195947168, "SLB": 1.5096599792884258, "TLS": 0.27997912601836644, "TCA": 2.047762647886617, "VUT": 0.1936176229283693}, "recentValue": {"CPV": 3.606661577532032, "COM": 0.472221630903067, "DOM": 6.7304187620080285, "MHL": 0.2278908991783334, "MUS": 0.7614180097264687, "NRU": 1.2764966974388323, "STP": 2.3471347195947168, "SLB": 0.15096599792884258, "VCT": 0.558836719871812, "LCA": 0.6314754456120775, "TCA": 2.047762647886617}}, "featureImportances": {"indicators": {"wdi2-SE.PRM.OENR.MA.ZS": 0.332, "egov-hci": 0.585, "key-3": 0.007, "wdi2-TM.TAX.MANF.SR.ZS": 0.48, "unicef-ncwh1": 0.006, "ssi-19": 0.571, "itu-fbs2": 0.777, "ihme-syphilis": 0.963, "key-wdi2-NY.GDP.MKTP.KD.ZG": 0.146, "wdi2-SP.POP.2529.FE.5Y": 0.484}, "categories": {"Nutrition: Children, Women, and Households": 0.141, "Migration": 0.875, "Chronic respiratory diseases": 0.385, "Dermatitis": 0.878}}}