{"ssi-ssi": {"data": {"2020": {"ATG": 6.391571604120555, "ABW": 6.656407974315403, "BHS": 4.959200636041642, "BHR": 5.895971783547188, "BRB": 5.66928687760746, "BLZ": 4.102850095159813, "BMU": 4.814928073288519, "VGB": 5.202629615024239, "CPV": 4.241748140726751, "CYM": 5.28422735498962, "COM": 3.6042137084546617, "COK": 3.4374231094572374, "CUB": 5.295429252661337, "DMA": 4.992331968023341, "DOM": 6.149085765074172, "FJI": 4.91171449423426, "GRD": 5.708659373570924, "GNB": 3.180676060264294, "GUY": 4.901756489593215, "HTI": 3.5821877612655184, "JAM": 5.392493981983287, "KIR": 3.6757474016073375, "MDV": 4.8185684933987964, "MHL": 3.741214997506313, "MUS": 5.003459619385216, "FSM": 3.629679272504918, "NRU": 4.608570157193204, "PLW": 4.637174763948959, "PNG": 3.7681248338491935, "WSM": 4.586292109620781, "STP": 4.254478065278143, "SYC": 4.907156998427573, "SGP": 5.942341630645324, "SLB": 3.5100675301693136, "KNA": 5.820091076540559, "LCA": 4.4202874940622925, "VCT": 4.232378382761438, "SUR": 5.055557166865591, "TLS": 4.282521403878239, "TON": 5.272272631200558, "TTO": 6.187984260813643, "TCA": 4.123329826066282, "TUV": 5.124733198023532, "VUT": 4.082338992272789}, "recentValue": {"ATG": 6.391571604120555, "ABW": 6.656407974315403, "BHS": 4.959200636041642, "BMU": 4.814928073288519, "BHR": 5.895971783547188, "BRB": 5.66928687760746, "BLZ": 4.102850095159813, "VGB": 5.202629615024239, "CPV": 4.241748140726751, "CYM": 5.28422735498962, "COM": 3.6042137084546617, "CUB": 5.295429252661337, "DMA": 4.992331968023341, "DOM": 6.149085765074172, "FJI": 4.91171449423426, "GRD": 5.708659373570924, "GNB": 3.180676060264294, "GUY": 4.901756489593215, "HTI": 3.5821877612655184, "JAM": 5.392493981983287, "KIR": 3.6757474016073375, "MDV": 4.8185684933987964, "MHL": 3.741214997506313, "MUS": 5.003459619385216, "FSM": 3.629679272504918, "NRU": 4.608570157193204, "PLW": 4.637174763948959, "PNG": 3.7681248338491935, "WSM": 4.586292109620781, "STP": 4.254478065278143, "SYC": 4.907156998427573, "SGP": 5.942341630645324, "SLB": 3.5100675301693136, "KNA": 5.820091076540559, "VCT": 4.232378382761438, "LCA": 4.4202874940622925, "SUR": 5.055557166865591, "TLS": 4.282521403878239, "TTO": 6.187984260813643, "TON": 5.272272631200558, "TUV": 5.124733198023532, "TCA": 4.123329826066282, "VUT": 4.082338992272789, "COK": 3.4374231094572374}, "recentYear": {"ATG": "2020", "ABW": "2020", "BHS": "2020", "BMU": "2020", "BHR": "2020", "BRB": "2020", "BLZ": "2020", "VGB": "2020", "CPV": "2020", "CYM": "2020", "COM": "2020", "CUB": "2020", "DMA": "2020", "DOM": "2020", "FJI": "2020", "GRD": "2020", "GNB": "2020", "GUY": "2020", "HTI": "2020", "JAM": "2020", "KIR": "2020", "MDV": "2020", "MHL": "2020", "MUS": "2020", "FSM": "2020", "NRU": "2020", "PLW": "2020", "PNG": "2020", "WSM": "2020", "STP": "2020", "SYC": "2020", "SGP": "2020", "SLB": "2020", "KNA": "2020", "VCT": "2020", "LCA": "2020", "SUR": "2020", "TLS": "2020", "TTO": "2020", "TON": "2020", "TUV": "2020", "TCA": "2020", "VUT": "2020", "COK": "2020"}}, "def": "The Sustainable Society Index is based on the overall approach to sustainability based on the Triple Bottom Line which includes all three wellbeing dimensions: Human, Environmental and Economic Wellbeing. The SSI is used for monitoring the progress of a country on its way to sustainability, for setting policy priorities with respect to sustainability, to make comparisons between countries when assessing corporate risks, for education purposes, and for further research and development.", "name": "Sustainable Society Index", "source": "Sustainable Society Foudnation", "dataset": "Sustainable Society Foudnation", "category": "None", "subcategory": "None", "link": "https://ssi.wi.th-koeln.de/ssi-final.html", "dim": "none", "priority": "1.0", "units": "Score"}, "confidenceIntervals": {"2020": {"ABW": 0.9509154249022005, "BLZ": 1.0257125237899531, "CPV": 0.6059640201038217, "CYM": 0.528422735498962, "COK": 0.4910604442081768, "CUB": 0.7564898932373338, "DMA": 1.2480829920058352, "FJI": 1.227928623558565, "MDV": 1.2046421233496991, "PLW": 1.1592936909872398, "VCT": 4.232378382761438, "VUT": 4.082338992272789}, "recentValue": {"BHR": 0.5895971783547188, "DMA": 1.2480829920058352, "FJI": 0.49117144942342594, "GUY": 1.2254391223983037, "MHL": 0.3741214997506313, "PNG": 0.37681248338491935, "SYC": 1.2267892496068933, "SLB": 0.5014382185956162, "COK": 3.4374231094572374}}, "featureImportances": {"indicators": {"ihme-hodgkin-lymphoma": 0.438, "ihme-nutritional-deficiencies": 0.735, "wdi-IP.IDS.RSCT": 0.4, "igrac-twap_sids_environmental_percgwdepecosysisland": 0.276, "wdi-DT.NFL.PRVT.CD": 0.02, "wdi-DT.NFL.MLAT.CD": 0.389, "paris-86": 0.052, "oecd-RD_332WAVE": 0.452, "wdi-GC.TAX.GSRV.CN": 0.832, "ndgain-id_heal_02-raw": 0.261}, "categories": {"Chronic respiratory diseases": 0.133, "Acute hepatitis": 0.576, "Human security": 0.108, "Respiratory infections and tuberculosis": 0.796}}}