{"ssi-ecwi": {"data": {"2020": {"ATG": 7.346204491512087, "ABW": 9.278128980228288, "BHS": 4.508353388978235, "BHR": 9.40062755299858, "BRB": 4.955108337279168, "BLZ": 3.249929656788704, "CPV": 4.566558348282898, "CYM": 9.990271720081225, "COM": 3.946606257944405, "COK": 4.071776573367679, "CUB": 3.211131013432542, "DMA": 3.935639676075688, "DOM": 7.616692758037421, "FJI": 6.3530761637960245, "GRD": 4.537473072738776, "GNB": 2.1268155074379407, "GUY": 4.651927353536668, "HTI": 2.587549187647642, "JAM": 3.5510098313431846, "KIR": 3.243158434799191, "MDV": 6.201382841402568, "MHL": 2.278908991783334, "MUS": 4.332142421431567, "FSM": 2.133697413321637, "NRU": 5.105986789755329, "PLW": 6.969136985500387, "PNG": 4.021055349530527, "WSM": 5.340653293200264, "STP": 3.949928679717864, "SYC": 6.098079946414437, "SGP": 8.565012335766399, "SLB": 4.486937991571234, "KNA": 8.17586507627742, "LCA": 2.7712180990618864, "VCT": 2.884311080537976, "SUR": 3.335423239675713, "TLS": 3.2375579689339737, "TON": 6.10215065816023, "TTO": 7.96124044315843, "TCA": 8.191050591546468, "TUV": 2.3410461055485445, "VUT": 4.775199746248541}, "recentValue": {"ATG": 7.346204491512087, "ABW": 9.278128980228288, "BHS": 4.508353388978235, "BHR": 9.40062755299858, "BRB": 4.955108337279168, "BLZ": 3.249929656788704, "CPV": 4.566558348282898, "CYM": 9.990271720081225, "COM": 3.946606257944405, "CUB": 3.211131013432542, "DMA": 3.935639676075688, "DOM": 7.616692758037421, "FJI": 6.3530761637960245, "GRD": 4.537473072738776, "GNB": 2.1268155074379407, "GUY": 4.651927353536668, "HTI": 2.587549187647642, "JAM": 3.5510098313431846, "KIR": 3.243158434799191, "MDV": 6.201382841402568, "MHL": 2.278908991783334, "MUS": 4.332142421431567, "FSM": 2.133697413321637, "NRU": 5.105986789755329, "PLW": 6.969136985500387, "PNG": 4.021055349530527, "WSM": 5.340653293200264, "STP": 3.949928679717864, "SYC": 6.098079946414437, "SGP": 8.565012335766399, "SLB": 4.486937991571234, "KNA": 8.17586507627742, "VCT": 2.884311080537976, "LCA": 2.7712180990618864, "SUR": 3.335423239675713, "TLS": 3.2375579689339737, "TTO": 7.96124044315843, "TON": 6.10215065816023, "TUV": 2.3410461055485445, "TCA": 8.191050591546468, "VUT": 4.775199746248541, "COK": 4.071776573367679}, "recentYear": {"ATG": "2020", "ABW": "2020", "BHS": "2020", "BHR": "2020", "BRB": "2020", "BLZ": "2020", "CPV": "2020", "CYM": "2020", "COM": "2020", "CUB": "2020", "DMA": "2020", "DOM": "2020", "FJI": "2020", "GRD": "2020", "GNB": "2020", "GUY": "2020", "HTI": "2020", "JAM": "2020", "KIR": "2020", "MDV": "2020", "MHL": "2020", "MUS": "2020", "FSM": "2020", "NRU": "2020", "PLW": "2020", "PNG": "2020", "WSM": "2020", "STP": "2020", "SYC": "2020", "SGP": "2020", "SLB": "2020", "KNA": "2020", "VCT": "2020", "LCA": "2020", "SUR": "2020", "TLS": "2020", "TTO": "2020", "TON": "2020", "TUV": "2020", "TCA": "2020", "VUT": "2020", "COK": "2020"}}, "def": "A geometric average of the scores for transition and economy.", "name": "Economic Wellbeing Index", "source": "Sustainable Society Foudnation", "dataset": "Sustainable Society Foudnation", "category": "Economic Wellbeing", "subcategory": "None", "link": "https://ssi.wi.th-koeln.de/ssi-final.html", "dim": "none", "priority": "1.0", "units": "Score"}, "confidenceIntervals": {"2020": {"BHS": 4.508353388978235, "COK": 1.0179441433419198, "KIR": 0.46330834782845587, "NRU": 0.7294266842507613, "PNG": 0.574436478504361, "WSM": 5.340653293200264, "SLB": 0.6409911416530335, "LCA": 0.2771218099061886, "SUR": 0.4764890342393876, "TTO": 1.1373200633083471}, "recentValue": {"BHR": 2.350156888249645, "DMA": 0.3935639676075688, "PLW": 0.9955909979286267, "STP": 0.5642755256739805, "SGP": 8.565012335766399, "KNA": 0.817586507627742, "SUR": 0.8338558099189283, "TLS": 0.46250828127628196, "TUV": 0.23410461055485446}}, "featureImportances": {"indicators": {"ihme-edentulism": 0.922, "wdi2-SL.TLF.0714.WK.ZS": 0.333, "key-wdi-ER.FSH.CAPT.MT": 0.933, "ohi-le-pressures": 0.549, "wdi2-per_allsp.adq_pop_tot": 0.975, "paris-165": 0.405, "key-39": 0.701, "wdi-BX.PEF.TOTL.CD.WD": 0.273, "wdi2-SH.STA.OWGH.ZS": 0.214, "igrac-twap_ind_sids_natbackgwquality": 0.207}, "categories": {"Headache disorders": 0.989, "Osteoarthritis": 0.235, "Poisonings": 0.104, "Sensitivity; Results": 0.419}}}