{"ssi-hwi": {"data": {"2020": {"ATG": 7.930390146885755, "ABW": 7.778661903312392, "BHS": 7.7825208215079344, "BHR": 5.886281155701282, "BRB": 8.609692080328688, "BLZ": 6.736391512450678, "BMU": 9.700078350087308, "VGB": 6.527870502453334, "CPV": 7.197495652071677, "CYM": 5.392802253998255, "COM": 4.094167816496554, "CUB": 8.000961636515424, "DMA": 7.615481641614536, "DOM": 6.88906906753623, "FJI": 7.744477217429317, "GRD": 8.382438076283444, "GNB": 2.945359725363083, "GUY": 7.641327177818542, "HTI": 4.654316196183592, "JAM": 7.767417044864606, "KIR": 6.361251037142695, "MDV": 5.447537738927073, "MHL": 7.070134194257671, "MUS": 7.941778588732044, "FSM": 6.861033967100501, "NRU": 4.923249986233385, "PLW": 7.9826770884585105, "PNG": 3.3076249243900646, "WSM": 8.38666755516659, "STP": 4.475665172218432, "SYC": 7.25882880941891, "SGP": 8.456155069722236, "SLB": 4.475011485241752, "KNA": 6.131714657549513, "LCA": 7.991826077182912, "VCT": 8.232671860251223, "SUR": 7.312927400947636, "TLS": 5.664089742299452, "TON": 8.095378680686467, "TTO": 8.02570336332083, "TCA": 3.585127218002972, "TUV": 6.989373051594165, "VUT": 4.802481909547132}, "recentValue": {"ATG": 7.930390146885755, "ABW": 7.778661903312392, "BHS": 7.7825208215079344, "BMU": 9.700078350087308, "BHR": 5.886281155701282, "BRB": 8.609692080328688, "BLZ": 6.736391512450678, "VGB": 6.527870502453334, "CPV": 7.197495652071677, "CYM": 5.392802253998255, "COM": 4.094167816496554, "CUB": 8.000961636515424, "DMA": 7.615481641614536, "DOM": 6.88906906753623, "FJI": 7.744477217429317, "GRD": 8.382438076283444, "GNB": 2.945359725363083, "GUY": 7.641327177818542, "HTI": 4.654316196183592, "JAM": 7.767417044864606, "KIR": 6.361251037142695, "MDV": 5.447537738927073, "MHL": 7.070134194257671, "MUS": 7.941778588732044, "FSM": 6.861033967100501, "NRU": 4.923249986233385, "PLW": 7.9826770884585105, "PNG": 3.3076249243900646, "WSM": 8.38666755516659, "STP": 4.475665172218432, "SYC": 7.25882880941891, "SGP": 8.456155069722236, "SLB": 4.475011485241752, "KNA": 6.131714657549513, "VCT": 8.232671860251223, "LCA": 7.991826077182912, "SUR": 7.312927400947636, "TLS": 5.664089742299452, "TTO": 8.02570336332083, "TON": 8.095378680686467, "TUV": 6.989373051594165, "TCA": 3.585127218002972, "VUT": 4.802481909547132}, "recentYear": {"ATG": "2020", "ABW": "2020", "BHS": "2020", "BMU": "2020", "BHR": "2020", "BRB": "2020", "BLZ": "2020", "VGB": "2020", "CPV": "2020", "CYM": "2020", "COM": "2020", "CUB": "2020", "DMA": "2020", "DOM": "2020", "FJI": "2020", "GRD": "2020", "GNB": "2020", "GUY": "2020", "HTI": "2020", "JAM": "2020", "KIR": "2020", "MDV": "2020", "MHL": "2020", "MUS": "2020", "FSM": "2020", "NRU": "2020", "PLW": "2020", "PNG": "2020", "WSM": "2020", "STP": "2020", "SYC": "2020", "SGP": "2020", "SLB": "2020", "KNA": "2020", "VCT": "2020", "LCA": "2020", "SUR": "2020", "TLS": "2020", "TTO": "2020", "TON": "2020", "TUV": "2020", "TCA": "2020", "VUT": "2020"}}, "def": "A geometric average of the composite scores for basic needs, personal development and health, and a well-balanced society.", "name": "Human Wellbeing Index", "source": "Sustainable Society Foudnation", "dataset": "Sustainable Society Foudnation", "category": "Human Wellbeing", "subcategory": "None", "link": "https://ssi.wi.th-koeln.de/ssi-final.html", "dim": "none", "priority": "1.0", "units": "Score"}, "confidenceIntervals": {"2020": {"BHR": 1.4715702889253206, "BRB": 2.152423020082172, "CYM": 0.5392802253998255, "DMA": 7.615481641614536, "JAM": 0.7767417044864606, "MDV": 5.447537738927073, "PLW": 0.7982677088458511, "SLB": 0.639287355034536, "KNA": 6.131714657549513, "TON": 8.095378680686467, "TUV": 0.6989373051594165}, "recentValue": {"BHS": 1.9456302053769836, "BLZ": 6.736391512450678, "DMA": 1.0879259488020765, "FJI": 7.744477217429317, "HTI": 0.46543161961835916, "MDV": 5.447537738927073, "PNG": 0.4725178463414378, "STP": 0.44756651722184315, "SYC": 0.725882880941891, "SLB": 0.4475011485241752, "KNA": 0.6131714657549513, "LCA": 7.991826077182912, "SUR": 7.312927400947636, "TTO": 0.802570336332083}}, "featureImportances": {"indicators": {"ihme-aortic-aneurysm": 0.454, "ohi-ico-resilience": 0.674, "ihme-cysticercosis": 0.945, "key-wdi2-PX.REX.REER": 0.438, "wdi2-NY.ADJ.DMIN.CD": 0.499, "wdi-IC.REG.COST.PC.MA.ZS": 0.323, "ndgain-id_ecos_03-score": 0.403, "ssi-hwi": 0.721, "ihme-non-hodgkin-lymphoma": 0.477, "wdi2-TX.VAL.FOOD.ZS.UN": 0.959}, "categories": {"Economic": 0.042, "Financial": 0.772, "Maternal and neonatal disorders": 0.432, "Depressive disorders": 0.871}}}