{"ssi-13": {"data": {"2020": {"ATG": 9.97995371108824, "ABW": 9.962931071487706, "BHS": 9.899308158929625, "BHR": 8.5736521424198, "BRB": 9.954944869567017, "BLZ": 9.972135679044433, "BMU": 9.978663978406598, "VGB": 9.995148805664003, "CPV": 9.971125529570823, "CYM": 9.979734857686292, "COM": 9.992936756170112, "COK": 9.997112198970289, "CUB": 9.276330163776196, "DMA": 9.99458161499147, "DOM": 9.30309297094753, "FJI": 9.92314797837952, "GRD": 9.990943064717891, "GNB": 9.990588586792434, "GUY": 9.936357841683956, "HTI": 9.904712339120271, "JAM": 9.77049257871742, "KIR": 9.998074949252006, "MDV": 9.950712132738394, "MUS": 9.818920526951876, "FSM": 9.996538517, "NRU": 9.998060407980232, "PNG": 9.809433343608, "WSM": 9.990885254170015, "STP": 9.995385003419695, "SYC": 9.964188289179395, "SGP": 2.67641157323614, "SLB": 9.990945303589122, "KNA": 9.992460134956332, "LCA": 9.986232117510124, "VCT": 9.992193206128752, "SUR": 9.9194713158452, "TLS": 9.985469247509688, "TON": 9.995217187436175, "TTO": 8.242953950540226, "TCA": 9.993481825000122, "TUV": 10.0, "VUT": 9.99488859169441}, "recentValue": {"ATG": 9.97995371108824, "ABW": 9.962931071487706, "BHS": 9.899308158929625, "BMU": 9.978663978406598, "BHR": 8.5736521424198, "BRB": 9.954944869567017, "BLZ": 9.972135679044433, "VGB": 9.995148805664003, "CPV": 9.971125529570823, "CYM": 9.979734857686292, "COM": 9.992936756170112, "CUB": 9.276330163776196, "DMA": 9.99458161499147, "DOM": 9.30309297094753, "FJI": 9.92314797837952, "GRD": 9.990943064717891, "GNB": 9.990588586792434, "GUY": 9.936357841683956, "HTI": 9.904712339120271, "JAM": 9.77049257871742, "KIR": 9.998074949252006, "MDV": 9.950712132738394, "MUS": 9.818920526951876, "FSM": 9.996538517, "NRU": 9.998060407980232, "PNG": 9.809433343608, "WSM": 9.990885254170015, "STP": 9.995385003419695, "SYC": 9.964188289179395, "SGP": 2.67641157323614, "SLB": 9.990945303589122, "KNA": 9.992460134956332, "VCT": 9.992193206128752, "LCA": 9.986232117510124, "SUR": 9.9194713158452, "TLS": 9.985469247509688, "TTO": 8.242953950540226, "TON": 9.995217187436175, "TUV": 10.0, "TCA": 9.993481825000122, "VUT": 9.99488859169441, "COK": 9.997112198970289}, "recentYear": {"ATG": "2020", "ABW": "2020", "BHS": "2020", "BMU": "2020", "BHR": "2020", "BRB": "2020", "BLZ": "2020", "VGB": "2020", "CPV": "2020", "CYM": "2020", "COM": "2020", "CUB": "2020", "DMA": "2020", "DOM": "2020", "FJI": "2020", "GRD": "2020", "GNB": "2020", "GUY": "2020", "HTI": "2020", "JAM": "2020", "KIR": "2020", "MDV": "2020", "MUS": "2020", "FSM": "2020", "NRU": "2020", "PNG": "2020", "WSM": "2020", "STP": "2020", "SYC": "2020", "SGP": "2020", "SLB": "2020", "KNA": "2020", "VCT": "2020", "LCA": "2020", "SUR": "2020", "TLS": "2020", "TTO": "2020", "TON": "2020", "TUV": "2020", "TCA": "2020", "VUT": "2020", "COK": "2020"}}, "def": "Indicator: Primary energy usage. Energy use (TPES \u2013 Total Primary Energy Supply) is defined as production + imports - exports \u00b1 stock changes. ", "name": "Energy Use", "source": "EIA", "dataset": "EIA", "category": "Environmental Wellbeing", "subcategory": "Climate and Energy", "link": "https://ssi.wi.th-koeln.de/ssi-final.html", "dim": "none", "priority": "3.0", "units": "Score"}, "confidenceIntervals": {"2020": {"BRB": 2.488736217391754, "CYM": 1.4256764082408988, "COK": 0.9997112198970288, "GRD": 1.4272775806739844, "GNB": 2.4976471466981085, "HTI": 1.4149589055886103, "WSM": 0.9990885254170015, "TLS": 2.496367311877422, "TON": 1.4278881696337393, "TUV": 1.4285714285714286, "VUT": 9.99488859169441}, "recentValue": {"BRB": 0.9954944869567017, "DMA": 2.4986454037478674, "DOM": 0.930309297094753, "HTI": 1.4149589055886103, "SYC": 1.4234554698827708, "SLB": 1.4272779005127316, "KNA": 2.498115033739083, "VUT": 0.9994888591694411, "COK": 9.997112198970289}}, "featureImportances": {"indicators": {"irena-bg-gen-off": 0.68, "itu-hiat": 0.238, "hdr-181106": 0.733, "paris-121": 0.006, "wdi2-TM.TAX.MANF.SR.ZS": 0.174, "wdi-FM.AST.DOMO.ZG.M3": 0.97, "unicef-hivaidse8": 0.12, "paris-78": 0.776, "wdi2-SP.POP.0014.FE.ZS": 0.024, "epi-PBD": 0.21}, "categories": {"Blue": 0.17, "WASH": 0.176, "Public Sector": 0.052, "Demographics": 0.214}}}