{"data": {"2010": {"ASM": -156.78162069182042, "ATG": 28.055297358020194, "ABW": 89.15196095298015, "BHS": -220.28443489466056, "BRB": -80.16627756092014, "BLZ": 41.64171550368808, "VGB": -81.53892331296002, "CPV": 53.28707257149811, "COM": -58.93100260163987, "CUB": 57.46574895, "CUW": 99.865014, "DMA": 71.75467000794006, "DOM": 86.91857948, "FJI": 41.624825583180034, "PYF": 70.36719099925998, "GRD": -76.13992099783998, "GUM": -143.71100314172045, "GNB": -83.57715270456205, "GUY": -163.11114933008665, "HTI": 17.77460884, "JAM": 82.65261778, "KIR": -73.77692729162001, "MDV": 72.00736740459992, "MHL": -81.61875985766007, "MUS": 81.65622435, "FSM": 62.30212499807984, "NRU": 24.244128501140057, "NCL": 52.32887176233994, "MNP": -170.5738198919206, "PLW": -173.2176900907208, "PNG": -71.081049447906, "PRI": 49.4571767484198, "KNA": 87.13985611246017, "LCA": -89.10307754392011, "VCT": 79.7664238677401, "WSM": 50.16399335257807, "STP": 54.140166545180165, "SYC": -87.8110498677401, "SGP": 97.68803286, "SXM": -82.47911051436012, "SLB": -109.193182061506, "SUR": -29.80889606, "TLS": -160.8807754397262, "TON": -90.33197167980008, "TTO": -112.0297788, "TUV": -134.95421601350026, "VIR": -159.60415987544047, "VUT": 31.97818956084599, "AIA": -31.780138965535315, "COK": -31.780138965535315, "MSR": -31.780138965535315, "NIU": -31.780138965535315}, "2011": {"ASM": -101.71095324078014, "ATG": -9.52906362905, "ABW": 89.30881989546666, "BHS": -55.12340819818384, "BRB": -4.782124774209798, "BLZ": 44.607097715830726, "VGB": 83.24368050629688, "CPV": 56.72096338402641, "COM": -15.085704505888687, "CUB": 53.31754822, "CUW": 99.88641978, "DMA": 77.37582870917402, "DOM": 87.17057787, "FJI": 43.38531347472627, "PYF": 72.24172079585661, "GRD": -0.3381964629638173, "GUM": -95.2651471491762, "GNB": -10.926666530148957, "GUY": -59.7581798439186, "HTI": 17.96016537, "JAM": 82.49309604, "KIR": 15.644680363087229, "MDV": 74.85685285189697, "MHL": 0.105420335736182, "MUS": 82.43963257, "FSM": 78.29810894676744, "NRU": -0.6002468150700001, "NCL": 47.93600615210973, "MNP": -109.31060330976014, "PLW": -110.28938737574023, "PNG": -42.54403942578639, "PRI": 29.365025428610497, "KNA": 87.55241636944201, "LCA": -4.361827214016124, "VCT": 79.06067149676421, "WSM": 53.36687923010592, "STP": 55.60362387224885, "SYC": -9.590010021907656, "SGP": 97.70144276, "SXM": -2.6608627234633384, "SLB": -19.65364286193601, "SUR": -36.39190957, "TLS": -43.40437000960765, "TON": -12.8074595724638, "TTO": -104.8181171, "TUV": -86.54731410404322, "VIR": 62.33147197655007, "VUT": 41.99489126366941, "AIA": -34.23771942594468, "COK": -34.23771942594468, "MSR": -34.23771942594468, "NIU": -34.23771942594468}, "2012": {"ASM": 61.46172148455271, "ATG": -63.92415330692597, "ABW": 84.8252784893449, "BHS": -55.92565944429094, "BRB": 14.984731975988105, "BLZ": 35.26904029180407, "VGB": 71.91139612937458, "CPV": 46.39138590034331, "COM": 18.40433250397233, "CUB": 53.96512256, "CUW": 99.8649176, "DMA": 82.38323420126522, "DOM": 87.23523703, "FJI": 37.26905939953935, "PYF": 78.52145431486245, "GRD": 15.090493460737267, "GUM": -108.28254372271574, "GNB": -13.20623285957361, "GUY": -63.05008922331213, "HTI": 18.04963098, "JAM": 81.95419983, "KIR": 17.63769151782799, "MDV": 67.78975057396836, "MHL": 59.53767180074043, "MUS": 83.15317008, "FSM": 60.38007914798072, "NRU": -7.487620232046005, "NCL": 72.90707252433572, "MNP": -119.9339486199957, "PLW": -74.68466476973991, "PNG": -33.54415797223733, "PRI": 18.73583097331332, "KNA": 74.88402518056026, "LCA": 4.707710984989982, "VCT": 71.24658131754279, "WSM": 44.97913560750649, "STP": 41.91507442040756, "SYC": -14.786934808897447, "SGP": 97.60899516, "SXM": -57.93106917954, "SLB": -17.115561217995275, "SUR": -25.2452502, "TLS": -15.694138409927964, "TON": -4.589964758022005, "TTO": -106.862188, "TUV": -51.148410992299965, "VIR": 66.36625206893818, "VUT": 33.370350173180505, "AIA": -19.940482779954483, "COK": -19.940482779954483, "MSR": -19.940482779954483, "NIU": -19.940482779954483}, "2013": {"ASM": 26.356339025140045, "ATG": -72.32907530351002, "ABW": 90.18266752958988, "BHS": -86.32919854572013, "BRB": 1.9093526018900344, "BLZ": 38.29720938249788, "VGB": 72.6681582475797, "CPV": 46.68868347028387, "COM": -3.815377870749996, "CUB": 53.57120777, "CUW": 99.8474458, "DMA": 83.71823580741012, "DOM": 86.59393534, "FJI": 37.20622798008189, "PYF": 79.2011104223021, "GRD": 13.476677281309964, "GUM": -92.75180113763994, "GNB": -121.04792325349402, "GUY": -61.842710166898655, "HTI": 18.69779908, "JAM": 82.54225886, "KIR": -3.933922343909988, "MDV": 5.235488887340042, "MHL": 36.2617163619379, "MUS": 83.7810985, "FSM": 64.37127054995582, "NRU": -72.38770099857005, "NCL": 71.91324882334605, "MNP": -103.95177849278004, "PLW": -94.30758718521008, "PNG": -16.69973504105799, "PRI": 13.488231079399975, "KNA": 75.70262740052966, "LCA": -24.21278628293004, "VCT": 85.20933712933001, "WSM": 45.52031764250583, "STP": 47.67438436494596, "SYC": 46.53137461746986, "SGP": 97.55516705, "SXM": -65.31243847739, "SLB": -88.33207000101197, "SUR": -39.86648591, "TLS": -62.40715545584009, "TON": 45.12412996420992, "TTO": -103.5453686, "TUV": -63.27035849129001, "VIR": 39.08323977647997, "VUT": 30.72924460814601, "AIA": -29.75075018039344, "COK": -29.75075018039344, "MSR": -29.75075018039344, "NIU": -29.75075018039344}, "2014": {"ASM": 40.66901630825004, "ATG": -52.67830478088242, "ABW": 88.76428216536297, "BHS": -13.413504211627094, "BRB": 64.1282394994493, "BLZ": 36.49623546903561, "VGB": 53.97489460392759, "CPV": 46.79375474980807, "COM": 29.53307997475776, "CUB": 49.77823924, "CUW": 99.86047335, "DMA": 87.35011630675238, "DOM": 86.71710022, "FJI": 37.93683310632669, "PYF": 81.11542053287671, "GRD": 61.22077049752346, "GUM": -71.01744376604589, "GNB": -134.44274702456727, "GUY": -31.27434249746148, "HTI": 22.01586996, "JAM": 82.04251868, "KIR": 56.46777085594225, "MDV": 42.73606936900711, "MHL": 65.78054940532968, "MUS": 84.54228895, "FSM": 65.76620300177589, "NRU": -51.4121604448201, "NCL": 67.82118103666275, "MNP": -72.34244911026022, "PLW": -60.186840446142426, "PNG": -31.190590585863347, "PRI": 21.93770444253037, "KNA": 71.03247229167023, "LCA": 46.730974599436, "VCT": 88.56212387106515, "WSM": 46.82579323355307, "STP": 45.7591974730104, "SYC": 66.84272293551705, "SGP": 97.68200129, "SXM": -45.66340704296003, "SLB": 31.62349817933677, "SUR": -43.75983539, "TLS": 20.2436240034438, "TON": 51.12181327715262, "TTO": -102.6627373, "TUV": -43.933941014932, "VIR": 76.29801028096327, "VUT": 38.60083398758667, "AIA": -23.703430793462594, "COK": -23.703430793462594, "MSR": -23.703430793462594, "NIU": -23.703430793462594}}, "upperIntervals": {"2010": {"ASM": 100.0, "ATG": 99.865014, "ABW": 99.865014, "BHS": 99.41771038, "BRB": 99.41771038, "BLZ": 81.42717362, "VGB": 100.0, "CPV": 97.22202390699998, "COM": 99.440075561, "DMA": 99.865014, "FJI": 81.42717362, "PYF": 99.30006161, "GRD": 99.865014, "GUM": 100.0, "GNB": 82.65261777999999, "GUY": 83.36523198, "KIR": 99.865014, "MDV": 99.865014, "MHL": 100.0, "FSM": 99.865014, "NRU": 99.865014, "NCL": 97.68803286, "MNP": 99.865014, "PLW": 99.865014, "PNG": 88.76467961, "PRI": 99.865014, "KNA": 99.865014, "LCA": 99.865014, "VCT": 99.865014, "WSM": 97.22202390699998, "STP": 97.68803286, "SYC": 99.865014, "SXM": 100.0, "SLB": 78.6511089099998, "TLS": 82.65261777999999, "TON": 99.865014, "TUV": 100.0, "VIR": 100.0, "VUT": 82.05158406349997, "AIA": 28.34760875, "COK": 28.34760875, "MSR": 28.34760875, "NIU": 28.34760875}, "2011": {"ASM": 100.0, "ATG": 99.88641978, "ABW": 99.88641978, "BHS": 99.22622241, "BRB": 99.88641978, "BLZ": 82.43963257, "VGB": 99.88641978, "CPV": 97.70144276, "COM": 99.22622241, "DMA": 99.25923227849998, "FJI": 82.776114, "PYF": 99.22622241, "GRD": 99.88641978, "GUM": 100.0, "GNB": 100.0, "GUY": 85.89553715, "KIR": 100.0, "MDV": 99.88641978, "MHL": 99.88641978, "FSM": 99.88641978, "NRU": 100.0, "NCL": 97.70144276, "MNP": 100.0, "PLW": 100.0,