{"data": {"2010": {"ASM": 6.070395713173997, "ATG": 8.209196222486005, "ABW": 12.715949598159982, "BHS": 8.576744704032002, "BRB": 9.39726193483999, "BLZ": 12.469044836391994, "VGB": 4.063321542091998, "CPV": 2.709374462622002, "COM": 2.132516801254003, "CUB": 0.060215134, "CUW": 14.501815471109971, "DMA": 9.44351953950999, "DOM": 1.828067306, "FJI": 8.463391191167974, "PYF": 15.186790033701934, "GRD": 7.192148666340023, "GUM": 10.827584858397987, "GNB": 2.3624244184859995, "GUY": 1.5782310163819997, "HTI": 0.155731577, "JAM": 0.482902627, "KIR": 6.153681688346024, "MDV": 3.053087234422004, "MHL": 6.632846511222019, "MUS": 0.620162355, "FSM": 6.770148217236025, "NRU": 7.264758341624013, "NCL": 11.051734536295989, "MNP": 13.309461154939976, "PLW": 6.993268949550018, "PNG": 2.5362399256340025, "PRI": 14.665237029203952, "KNA": 10.509555407163973, "LCA": 5.778669673757992, "VCT": 8.390256918840002, "WSM": 12.068028503309977, "STP": 7.424724985098011, "SYC": 3.046161465915994, "SGP": 0.186691987, "SXM": 5.451102288862007, "SLB": 3.4060564634519968, "SUR": 13.02605931, "TLS": 6.355185630575998, "TON": 5.855503290797999, "TTO": 0.0, "TUV": 9.879457729926015, "VIR": 2.1669451502179973, "VUT": 4.632991230424, "AIA": 3.4459598448740083, "COK": 3.4459598448740083, "MSR": 3.4459598448740083, "NIU": 3.4459598448740083}, "2011": {"ASM": 1.1359491259432766, "ATG": 7.4542612325122, "ABW": 8.044459847752476, "BHS": 11.233095102569829, "BRB": 12.388789649006291, "BLZ": 9.79198139611275, "VGB": 6.868678012840138, "CPV": 3.447675860627046, "COM": 0.8550758661575004, "CUB": 0.070109879, "CUW": 14.631792213821248, "DMA": 12.52698918505772, "DOM": 1.992593847, "FJI": 9.379030649145566, "PYF": 15.390155244095208, "GRD": 0.8655973427805351, "GUM": 13.591184664890756, "GNB": 0.6760486714441443, "GUY": 4.228070418772442, "HTI": 0.065987073, "JAM": 0.512995745, "KIR": 0.6907662004037219, "MDV": 3.780540376939723, "MHL": 7.252097545350746, "MUS": 0.369047081, "FSM": 0.7339487983832016, "NRU": 5.9410471470964765, "NCL": 11.57354399791664, "MNP": 10.24070916154228, "PLW": 1.0585399936538622, "PNG": 3.4818443536006205, "PRI": 14.953045083866517, "KNA": 2.348740328469293, "LCA": 5.513778537772908, "VCT": 7.686814663090975, "WSM": 11.602363500956365, "STP": 1.1295713681344983, "SYC": 0.7173124579847169, "SGP": 0.187056641, "SXM": 20.8212628307236, "SLB": 0.996178896143416, "SUR": 13.00115958, "TLS": 3.0000536107619817, "TON": 1.2709137856549635, "TTO": 0.0, "TUV": 9.078997888666034, "VIR": 0.6662756434987143, "VUT": 1.914706593061914, "AIA": 3.616841791691399, "COK": 3.616841791691399, "MSR": 3.616841791691399, "NIU": 3.616841791691399}, "2012": {"ASM": 1.4513326643980031, "ATG": 10.204572961984011, "ABW": 15.690582472309975, "BHS": 10.793822824992006, "BRB": 10.326633409210016, "BLZ": 7.452171659594002, "VGB": 7.758267779119987, "CPV": 4.683259469057993, "COM": 2.7806712568799985, "CUB": 0.076033733, "CUW": 12.932172937831998, "DMA": 3.926670061309993, "DOM": 2.370973167, "FJI": 9.592915270934038, "PYF": 16.249343648545956, "GRD": 5.068348168134004, "GUM": 16.473554581565967, "GNB": 0.6294610965259996, "GUY": 3.4743891180000115, "HTI": 0.209175113, "JAM": 0.625903278, "KIR": 1.4638806709660024, "MDV": 4.9923303733779925, "MHL": 7.004395009375988, "MUS": 0.570343682, "FSM": 1.1549387276540006, "NRU": 6.371442788715983, "NCL": 3.869800818746003, "MNP": 11.03803345936801, "PLW": 0.985302377522001, "PNG": 3.567398558928, "PRI": 15.102677216669983, "KNA": 10.689439648434025, "LCA": 5.551934415382003, "VCT": 6.436713968422004, "WSM": 10.859724076916017, "STP": 1.7746440057139998, "SYC": 0.7809759057060005, "SGP": 0.198670671, "SXM": 17.070817882033978, "SLB": 1.1201894709980014, "SUR": 12.29094806, "TLS": 2.654940599554002, "TON": 1.5027996622360018, "TTO": 0.0, "TUV": 7.821532997751988, "VIR": 16.27442852029601, "VUT": 2.0223901389760046, "AIA": 3.4659465988639955, "COK": 3.4659465988639955, "MSR": 3.4659465988639955, "NIU": 3.4659465988639955}, "2013": {"ASM": 7.698969003605597, "ATG": 11.79871699872248, "ABW": 17.30305271771701, "BHS": 11.689282465290944, "BRB": 11.785320861456002, "BLZ": 8.15696273352814, "VGB": 1.2929827109948833, "CPV": 4.783660461178332, "COM": 0.4317791651554953, "CUB": 0.091741034, "CUW": 14.465371302764565, "DMA": 8.5667576981664, "DOM": 2.995885296, "FJI": 8.125962380529911, "PYF": 14.959311466989927, "GRD": 6.271566774594069, "GUM": 12.375151751541509, "GNB": 0.3906714341462955, "GUY": 3.051207273309481, "HTI": 0.127892945, "JAM": 0.52849053, "KIR": 1.03077327882435, "MDV": 5.941813141709266, "MHL": 6.460175362440076, "MUS": 0.70282267, "FSM": 0.7015830707409805, "NRU": 5.082519675354418, "NCL": 13.02959772891995, "MNP": 12.387883045549753, "PLW": 0.9697398998475204, "PNG": 4.2551409662742445, "PRI": 14.96786875868582, "KNA": 13.84310063359972, "LCA": 6.075838434107763, "VCT": 7.8145154556942, "WSM": 14.073977082774244, "STP": 1.4538777716249878, "SYC": 4.568068361744492, "SGP": 0.198830885, "SXM": 16.373559020271703, "SLB": 1.1163264965485378, "SUR": 14.53422473, "TLS": 5.405811323174865, "TON": 1.4791897312519315, "TTO": 0.0, "TUV": 8.63454621231243, "VIR": 16.13652251801473, "VUT": 2.412493960377628, "AIA": 3.789264422731325, "COK": 3.789264422731325, "MSR": 3.789264422731325, "NIU": 3.789264422731325}, "2014": {"ASM": 7.244478835466666, "ATG": 13.567866472940008, "ABW": 15.72682848148478, "BHS": 13.612647251441745, "BRB": 1.1177701429833695, "BLZ": 7.247463374130968, "VGB": 6.102416908277037, "CPV": 5.631235869225022, "COM": 1.9881344744936025, "CUB": 0.085396664, "CUW": 14.818295226984963, "DMA": 7.687832789428921, "DOM": 2.343656955, "FJI": 10.730429915510012, "PYF": 15.57778132844029, "GRD": 1.1063357245047525, "GUM": 15.991392431220488, "GNB": 0.2053016649704012, "GUY": 3.69292308478072, "HTI": 0.073973368, "JAM": 0.56970773, "KIR": 0.8805726376673305, "MDV": 1.9553482437745888, "MHL": 1.211940510699463, "MUS": 0.804578466, "FSM": 0.9027475942304076, "NRU": 6.11702732812278, "NCL": 10.368337881877965, "MNP": 14.098382442666184, "PLW": 0.9378632682804288, "PNG": 5.758571271321128, "PRI": 14.768417756848052, "KNA": 14.870789825196706, "LCA": 1.1470667651977728, "VCT": 6.963212262560197, "WSM": 11.501135247863573, "STP": 1.783183622705347, "SYC": 11.780587608517852, "SGP": 0.192789212, "SXM": 15.80401476041478, "SLB": 4.916594940062524, "SUR": 15.18762473, "TLS": 5.064674100117272, "TON": 2.847045513989932, "TTO": 0.0, "TUV": 9.240589312619914, "VIR": 15.949551116234357, "VUT": 3.677760630964856, "AIA": 3.477023432881312, "COK": 3.477023432881312, "MSR": 3.477023432881312, "NIU": 3.477023432881312}}, "upperIntervals": {"2010": {"ASM": 55.57672106, "ATG": 55.57672106, "ABW": 55.57672106, "BHS": 24.30058627, "BRB": 39.43492773, "BLZ": 55.57672106, "VGB": 24.30058627, "CPV": 21.24231601, "COM": 24.656584220000003, "CUW": 44.97926436, "DMA": 55.57672106, "FJI": 32.51402351, "PYF": 32.51402351, "GRD": 55.57672106, "GUM": 24.30058627, "GNB": 32.51402351, "GUY": 5.68326959, "KIR": 55.57672106, "MDV": 21.24231601, "MHL": 55.57672106, "FSM": 55.57672106, "NRU": 55.57672106, "NCL": 32.51402351, "MNP": 55.57672106, "PLW": 55.57672106, "PNG": 5.68326959, "PRI": 41.60449670049984, "KNA": 44.97926436, "LCA": 21.39522952299986, "VCT": 55.57672106, "WSM": 55.57672106, "STP": 55.57672106, "SYC": 32.51402351, "SXM": 55.57672106, "SLB": 32.51402351, "TLS": 55.57672106, "TON": 55.57672106, "TUV": 55.57672106, "VIR": 2.9657694403499084, "VUT": 24.656584220000003, "AIA": 7.452712658, "COK": 7.452712658, "MSR": 7.452712658, "NIU": 7.452712658}, "2011": {"ASM": 3.521215407, "ATG": 23.53305445, "ABW": 25.55051808, "BHS": 26.69834787105976, "BRB": 47.72007848, "BLZ": 25.34523182463329, "VGB": 23.53305445, "CPV": 23.24801284366666, "COM": 2.691835841237496, "CUW": 25.55051808, "DMA": 29.01719756557497, "FJI": 26.19567308, "PYF": 29.92376523, "GRD": 3.521215407, "GUM": 25.55051808, "GNB": 2.643181357, "GUY": 18.44054659, "KIR": 2.175518482252496, "MDV": 23.441261390333327,