{"data": {"2010": {"ASM": 18.087382824906022, "ATG": 13.752206690821978, "ABW": 12.353889394241984, "BHS": 7.652022605350006, "BRB": 6.917151924082004, "BLZ": 13.458475015501984, "VGB": 13.584192966917987, "CPV": 15.554435774488011, "COM": 18.372588478932, "CUB": 15.91078922, "CUW": 7.182987292682013, "DMA": 13.37589580597598, "DOM": 12.01486101, "FJI": 14.96672735750198, "PYF": 8.43300868693601, "GRD": 13.98532102941198, "GUM": 6.520595787238006, "GNB": 24.751333704248005, "GUY": 14.057646577446038, "HTI": 58.43270869, "JAM": 20.87962963, "KIR": 18.892285561855985, "MDV": 9.924112983385983, "MHL": 16.42018943094599, "MUS": 7.21457791, "FSM": 18.932667344058007, "NRU": 12.704225453989975, "NCL": 7.967343986255991, "MNP": 6.957576633189997, "PLW": 13.771026981381963, "PNG": 17.711509496146032, "PRI": 6.687432330600013, "KNA": 8.275843155816013, "LCA": 14.680964472302, "VCT": 12.667256396010004, "WSM": 13.495902697761984, "STP": 30.14381387238793, "SYC": 15.710854686367965, "SGP": 2.854875333, "SXM": 7.952554885740002, "SLB": 34.455260990927954, "SUR": 8.526682135, "TLS": 18.088616685134006, "TON": 15.403182528957972, "TTO": 3.123158515, "TUV": 12.786818327007982, "VIR": 7.513899198777992, "VUT": 16.19285153875, "AIA": 13.36222861065006, "COK": 13.36222861065006, "MSR": 13.36222861065006, "NIU": 13.36222861065006}, "2011": {"ASM": 19.48789532999696, "ATG": 15.229145945559209, "ABW": 7.315265574136594, "BHS": 7.229602127292904, "BRB": 6.5388906545207455, "BLZ": 14.80394792639921, "VGB": 12.759821403421425, "CPV": 18.76067421161901, "COM": 21.79656544381552, "CUB": 15.69256757, "CUW": 5.973387736631989, "DMA": 13.519852191617211, "DOM": 11.6862161, "FJI": 15.391516435321469, "PYF": 7.595786092110766, "GRD": 16.94657041113763, "GUM": 6.18308171481599, "GNB": 39.6751810287681, "GUY": 13.865071934395788, "HTI": 66.48992577, "JAM": 22.01099404, "KIR": 19.35125930116706, "MDV": 9.656740128051275, "MHL": 15.53786832505929, "MUS": 7.103625046, "FSM": 23.18099107668685, "NRU": 13.475495728523642, "NCL": 11.492958911974508, "MNP": 6.311765391539322, "PLW": 14.113742451899697, "PNG": 17.73333071770872, "PRI": 4.510509514578905, "KNA": 7.107724875728969, "LCA": 13.89431698619802, "VCT": 12.965338405436633, "WSM": 14.401460168190448, "STP": 36.170848345924405, "SYC": 16.648846102803738, "SGP": 2.542483376, "SXM": 6.890397983414526, "SLB": 39.60314849841039, "SUR": 9.021014864, "TLS": 22.04185425185904, "TON": 15.47853858761077, "TTO": 2.770177839, "TUV": 13.070860354455496, "VIR": 6.523018127749779, "VUT": 23.661166839919485, "AIA": 11.2589728432891, "COK": 11.2589728432891, "MSR": 11.2589728432891, "NIU": 11.2589728432891}, "2012": {"ASM": 28.62720932125589, "ATG": 6.131182939543973, "ABW": 7.0041362780739735, "BHS": 7.01126199351799, "BRB": 6.408731720647969, "BLZ": 17.854631234673956, "VGB": 11.677544842185965, "CPV": 21.7291735528339, "COM": 27.63442681967391, "CUB": 15.74777512, "CUW": 5.736157783559973, "DMA": 11.511316825689969, "DOM": 11.64749622, "FJI": 17.860524476769967, "PYF": 7.393222362197992, "GRD": 17.720772697741957, "GUM": 6.080858570059974, "GNB": 37.80897150657997, "GUY": 15.006602127820017, "HTI": 57.0, "JAM": 25.94173782, "KIR": 23.99423437712593, "MDV": 9.504906965275971, "MHL": 17.816528059849926, "MUS": 6.828745084, "FSM": 27.8377411766879, "NRU": 10.856490899973988, "NCL": 10.902060400925992, "MNP": 6.167200167167976, "PLW": 12.458756524515984, "PNG": 17.408957426023967, "PRI": 5.219660374237994, "KNA": 6.745341572849975, "LCA": 12.183743741763982, "VCT": 11.55493409917797, "WSM": 12.30783327180997, "STP": 28.97903612273989, "SYC": 11.616953811999988, "SGP": 1.896915118, "SXM": 6.124093690469974, "SLB": 33.48661609463794, "SUR": 9.026369168, "TLS": 27.091588069449937, "TON": 19.501060715423947, "TTO": 2.61717039, "TUV": 11.28306788037599, "VIR": 6.6713125624239735, "VUT": 30.27408492679592, "AIA": 12.311024097007987, "COK": 12.311024097007987, "MSR": 12.311024097007987, "NIU": 12.311024097007987}, "2013": {"ASM": 10.5934553410473, "ATG": 5.6691014377177575, "ABW": 6.355581644100567, "BHS": 7.668988490667314, "BRB": 6.147412330204591, "BLZ": 12.141223668776394, "VGB": 9.89250446819637, "CPV": 14.35381156973972, "COM": 19.257311131798705, "CUB": 15.37617555, "CUW": 6.148767599544297, "DMA": 9.890206048896736, "DOM": 11.35461417, "FJI": 11.873694990984523, "PYF": 8.058299243762324, "GRD": 14.453657976260931, "GUM": 5.354537948715963, "GNB": 26.9396773595624, "GUY": 14.160219909558991, "HTI": 56.77725118, "JAM": 27.47307789, "KIR": 20.836017979066995, "MDV": 7.760309533687584, "MHL": 15.686315841926346, "MUS": 6.371191136, "FSM": 20.970486990459268, "NRU": 9.804445782590804, "NCL": 8.31494362981528, "MNP": 5.740618640813858, "PLW": 10.847416476263, "PNG": 16.39624028416764, "PRI": 6.300267032285272, "KNA": 6.680267894481535, "LCA": 12.009820880426687, "VCT": 10.434906975469396, "WSM": 11.629607266661676, "STP": 17.11252069571118, "SYC": 12.363158221782758, "SGP": 2.295232338, "SXM": 5.437918125328765, "SLB": 21.282486714102035, "SUR": 9.02014652, "TLS": 16.52910908834407, "TON": 11.64848878972588, "TTO": 2.461862178, "TUV": 11.347480990228918, "VIR": 6.529235387039652, "VUT": 17.239436379687227, "AIA": 11.322956846064764, "COK": 11.322956846064764, "MSR": 11.322956846064764, "NIU": 11.322956846064764}, "2014": {"ASM": 12.561924397112696, "ATG": 5.405596307458999, "ABW": 5.594942379468849, "BHS": 7.404752574104703, "BRB": 5.575448435837492, "BLZ": 24.061354993173538, "VGB": 8.651658639845936, "CPV": 25.02645090525477, "COM": 31.087537113641268, "CUB": 15.28968295, "CUW": 5.303935180198589, "DMA": 7.336298811959441, "DOM": 12.17868871, "FJI": 18.26648545120192, "PYF": 8.352975403603779, "GRD": 25.35583107044436, "GUM": 5.973403914621323, "GNB": 39.85569680397275, "GUY": 24.124673163323067, "HTI": 60.11616651, "JAM": 26.74587779, "KIR": 28.38135777199081, "MDV": 6.437396421783138, "MHL": 24.107226187937165, "MUS": 6.196799455, "FSM": 32.29102501903931, "NRU": 9.154460694626822, "NCL": 7.810215620155817, "MNP": 6.047988826260964, "PLW": 9.08190883641806, "PNG": 19.45928403472252, "PRI": 6.980875934166653, "KNA": 5.970602738386751, "LCA": 13.628523356381848, "VCT": 12.31790209893702, "WSM": 13.227644752473015, "STP": 29.94683977507741, "SYC": 5.5604726274907605, "SGP": 2.029161604, "SXM": 5.81301632359871, "SLB": 34.35911081524503, "SUR": 8.71559633, "TLS": 30.783114149482817, "TON": 12.820543528813984, "TTO": 2.304194037, "TUV": 13.254005137997313, "VIR": 6.240857033905948, "VUT": 31.417015150292663, "AIA": 14.655245034319536, "COK": 14.655245034319536, "MSR": 14.655245034319536, "NIU": 14.655245034319536}}, "upperIntervals": {"2010": {"ASM": 49.16201117, "ATG": 23.90715667, "ABW": 20.87962963, "BHS": 14.356188515499955, "BRB": 12.678771459999998, "BLZ": 19.554581658999982, "VGB": 24.09090909, "CPV": 28.6, "COM": 49.16201117, "CUW": 17.97600619, "DMA": 20.87962963, "FJI": 22.37548547, "PYF": 17.61707989, "GRD": 23.90715667, "GUM": 12.678771459999998, "GNB": 58.43270869, "GUY": 23.573895377999985, "KIR": 49.16201117, "MDV": 20.11163363, "MHL": 28.6, "FSM": 49.16201117, "NRU": 24.09090909, "NCL": 14.30911708, "MNP": 12.678771459999998, "PLW": 24.10150307749999, "PNG": 28.6, "PRI": 12.799809698999995, "KNA": 17.97600619, "LCA": 35.75465323, "VCT": 20.87962963, "WSM": 22.37548547, "STP": 62.59398495999999, "SYC": 35.75465323, "SXM": 20.47033672, "SLB": 62.59398495999999, "TLS": 49.16201117, "TON": 35.90005725, "TUV": 23.91634429099999, "VIR": 13.495954631499966, "VUT": 25.21072797, "AIA": 16.62585192, "COK": 16.62585192, "MSR": 16.62585192, "NIU": 16.62585192}, "2011": {"ASM": 71.875, "ATG": 38.50620559, "ABW": 20.53697598, "BHS": 20.53697598, "BRB": 16.45939781, "BLZ": 24.77409639, "VGB": 26.9959493, "CPV": 71.875, "COM": 71.875, "CUW": 13.66728035, "DMA": 24.77409639, "FJI": 24.8851890354999, "PYF": 13.68945224699998, "GRD": 31.5281357, "GUM": 13.794983389999883, "GNB": 71.875, "GUY": 23.11607143, "KIR": 71.875, "MDV": 24.77409639,