{"data": {"2010": {"ASM": 8.652379262267969, "ATG": 9.141055745539967, "ABW": 10.47429519119996, "BHS": 6.925204982941989, "BRB": 9.491811691005974, "BLZ": 8.383183738873983, "VGB": 10.24579948772596, "CPV": 9.184291231071985, "COM": 10.096681577585978, "CUB": 8.811865493631997, "CUW": 1.960912793, "DMA": 9.55209404983397, "DOM": 14.6910173, "FJI": 7.697359957325982, "PYF": 7.601274000410008, "GRD": 9.649201554631963, "GUM": 10.207265106049965, "GNB": 4.621055056040008, "GUY": 7.683413581317993, "HTI": 6.88767761, "JAM": 8.303679876, "KIR": 10.331490094373976, "MDV": 10.506186131327972, "MHL": 10.122349083297962, "MUS": 14.90197444, "FSM": 9.893527681095977, "NRU": 10.16904797235594, "NCL": 6.578086167330005, "MNP": 8.325492882091966, "PLW": 9.706453018573958, "PNG": 7.574486198256017, "PRI": 7.383805910027979, "KNA": 9.47395058173797, "LCA": 9.198618105351969, "VCT": 9.293716847281974, "WSM": 8.114778355623972, "STP": 10.408643445061974, "SYC": 9.523118453185964, "SGP": 15.03895675, "SXM": 8.577490131903986, "SLB": 6.689302931256021, "SUR": 9.994174295, "TLS": 8.422216546217994, "TON": 9.46656989473197, "TTO": 2.020618543, "TUV": 9.356448254071958, "VIR": 9.391894666065964, "VUT": 8.377430890184003, "AIA": 7.04912317587001, "COK": 7.04912317587001, "MSR": 7.04912317587001, "NIU": 7.04912317587001}, "2011": {"ASM": 10.703362576204016, "ATG": 7.897694624089986, "ABW": 12.251388392828012, "BHS": 7.907434069193998, "BRB": 12.992415818152, "BLZ": 8.159981851309976, "VGB": 14.791980262790029, "CPV": 8.580011996853989, "COM": 9.069951213211992, "CUB": 8.853634731537994, "CUW": 1.694740609, "DMA": 7.808975212965977, "DOM": 15.18820899, "FJI": 9.03891457755798, "PYF": 9.918518368558008, "GRD": 11.10929007758, "GUM": 11.642947756120014, "GNB": 6.163836807051999, "GUY": 8.037660451409968, "HTI": 7.21106189, "JAM": 8.084303558, "KIR": 7.649690024357979, "MDV": 13.651345678264008, "MHL": 7.847370772409985, "MUS": 15.807392, "FSM": 7.404652587675977, "NRU": 4.734782039951989, "NCL": 10.675516114540008, "MNP": 10.73301573378602, "PLW": 7.995789004237985, "PNG": 8.451225386461994, "PRI": 9.613986673560005, "KNA": 11.583336717530006, "LCA": 11.311987736020004, "VCT": 10.927294427738014, "WSM": 6.409205317177979, "STP": 11.221928708933998, "SYC": 13.011694018793998, "SGP": 15.79200602, "SXM": 7.739543380001986, "SLB": 7.6714043113419805, "SUR": 11.08731037, "TLS": 7.278296983777978, "TON": 7.438865937457976, "TTO": 2.090422153, "TUV": 4.704616240851987, "VIR": 10.906396505136016, "VUT": 7.908806268591974, "AIA": 8.439882216002, "COK": 8.439882216002, "MSR": 8.439882216002, "NIU": 8.439882216002}, "2012": {"ASM": 13.830627728808022, "ATG": 12.552522790433995, "ABW": 7.184735339385985, "BHS": 7.70957366301798, "BRB": 15.26838777144405, "BLZ": 10.517375077526012, "VGB": 15.772554149976049, "CPV": 12.15433919045402, "COM": 9.141134713938005, "CUB": 9.10795724345598, "CUW": 1.954070274, "DMA": 7.909378420075991, "DOM": 14.59483193, "FJI": 11.50134495233401, "PYF": 12.520446406608032, "GRD": 8.32452224696798, "GUM": 14.366015586492011, "GNB": 10.569971665036045, "GUY": 9.32098997577601, "HTI": 6.953781381, "JAM": 8.401735725, "KIR": 8.495822449825985, "MDV": 16.52969031231805, "MHL": 15.275346702294051, "MUS": 15.88670627, "FSM": 8.099936496743991, "NRU": 6.598028483761999, "NCL": 12.204091780588035, "MNP": 6.606815892568, "PLW": 12.642918772173996, "PNG": 9.955072359055986, "PRI": 8.6032863571, "KNA": 12.780866156294044, "LCA": 8.369982560493975, "VCT": 13.044095103704043, "WSM": 6.950779048674003, "STP": 12.38199605597404, "SYC": 16.78086562190806, "SGP": 16.75365959, "SXM": 5.932198706312001, "SLB": 8.063990106808005, "SUR": 10.95884976, "TLS": 9.359820636545972, "TON": 8.435437880579984, "TTO": 2.100505558, "TUV": 6.343495374519995, "VIR": 13.455669287590036, "VUT": 11.35262400570202, "AIA": 9.282259490025991, "COK": 9.282259490025991, "MSR": 9.282259490025991, "NIU": 9.282259490025991}, "2013": {"ASM": 14.139769780677968, "ATG": 6.9511850115240215, "ABW": 13.058949622543954, "BHS": 9.844090902680003, "BRB": 13.592382151795944, "BLZ": 11.459060114957994, "VGB": 16.08654382704396, "CPV": 11.641342452059996, "COM": 13.353473077627973, "CUB": 10.819216786359984, "CUW": 2.210286671, "DMA": 12.754958559019958, "DOM": 16.43051727, "FJI": 11.959383787754, "PYF": 12.649619976046, "GRD": 13.155993046937953, "GUM": 8.768799233758003, "GNB": 8.996683959556025, "GUY": 8.818679822616007, "HTI": 7.289389804, "JAM": 8.386807772, "KIR": 12.33489668897397, "MDV": 15.900513683633935, "MHL": 14.437262288143955, "MUS": 16.32034769, "FSM": 12.32735439917798, "NRU": 8.12899891032402, "NCL": 12.707081720993996, "MNP": 8.04979414462401, "PLW": 6.907382281772021, "PNG": 9.354770450388, "PRI": 10.47471368808201, "KNA": 13.02919623477596, "LCA": 12.52931351804996, "VCT": 12.923122500471967, "WSM": 11.474906371629988, "STP": 12.559637559925967, "SYC": 14.12257302521394, "SGP": 17.00714789, "SXM": 7.1214673061720175, "SLB": 9.020711284293997, "SUR": 13.30057271, "TLS": 9.658196292856, "TON": 12.60979090351197, "TTO": 2.076112212, "TUV": 7.16041025848001, "VIR": 13.183920729855965, "VUT": 9.929396172829986, "AIA": 9.595479564496006, "COK": 9.595479564496006, "MSR": 9.595479564496006, "NIU": 9.595479564496006}}, "upperIntervals": {"2010": {"ASM": 15.038956750000002, "ATG": 15.03895675, "ABW": 15.03895675, "BHS": 11.61829433, "BRB": 15.03895675, "BLZ": 13.21545761, "VGB": 25.26665026, "CPV": 14.90197444, "COM": 15.03895675, "CUB": 12.67356486, "DMA": 14.90197444, "FJI": 13.21545761, "PYF": 14.901974439999998, "GRD": 15.03895675, "GUM": 25.26665026, "GNB": 8.131679266649993, "GUY": 12.31861477, "KIR": 15.03895675, "MDV": 15.043574011, "MHL": 16.843154672999596, "FSM": 15.03895675, "NRU": 25.26665026, "NCL": 12.25815503, "MNP": 15.03895675, "PLW": 25.26665026, "PNG": 12.334974168499985, "PRI": 11.35866561, "KNA": 15.03895675, "LCA": 15.03895675, "VCT": 15.03895675, "WSM": 14.90197444, "STP": 17.04398765, "SYC": 15.03895675, "SXM": 15.03895675, "SLB": 12.31861477, "TLS": 12.31861477, "TON": 15.03895675, "TUV": 15.05181838999999, "VIR": 16.3998128, "VUT": 13.08715416, "AIA": 10.61431454, "COK": 10.61431454, "MSR": 10.61431454, "NIU": 10.61431454}, "2011": {"ASM": 25.04655726, "ATG": 15.807392, "ABW": 15.807392, "BHS": 14.53508091, "BRB": 25.04655726, "BLZ": 13.48217997, "VGB": 25.04655726, "CPV": 15.807392, "COM": 25.04655726, "CUB": 15.66561307, "DMA": 15.807392, "FJI": 16.02519118449999, "PYF": 15.807392, "GRD": 25.04655726, "GUM": 25.04655726, "GNB": 12.34941264, "GUY": 13.88166775, "KIR": 25.04655726, "MDV": 25.04655726, "MHL": 25.04655726, "FSM": 15.807392, "NRU": 15.79200602, "NCL": 15.81798875099999, "MNP": 25.04655726, "PLW": 25.04655726, "PNG": 13.88166775, "PRI": 15.79200602, "KNA": 25.04655726, "LCA": 25.04655726, "VCT": 15.807392, "WSM": 15.807392, "STP": 25.04655726, "SYC": 25.04655726, "SXM": 25.04655726, "SLB": 13.88166775, "TLS": 13.88166775, "TON": 25.04655726, "TUV": 15.79200602, "VIR": 25.04655726, "VUT": 13.88166775, "AIA": 13.7840271, "COK": 13.7840271, "MSR": 13.7840271, "NIU": 13.7840271}, "2012": {"ASM": 26.18648611, "ATG": 26.18648611, "ABW": 16.75365959, "BHS": 11.44392762, "BRB": 26.18648611, "BLZ": 17.4213566, "VGB": 26.18648611, "CPV": 17.4213566, "COM": 23.85973482, "CUB": 12.58670153, "DMA": 16.75365959, "FJI": 17.4213566, "PYF": 18.7126752, "GRD": 26.18648611, "GUM": 26.18648611, "GNB": 23.85973482, "GUY": 15.538807, "KIR": 26.18648611, "MDV": 26.18648611, "MHL": 26.18648611, "FSM": 16.75365959, "NRU": 16.75365959, "NCL": 17.48592252999994, "MNP": 16.75365959, "PLW": 26.18648611, "PNG": 14.28259201, "PRI": 11.44392762, "KNA": 26.18648611, "LCA": 26.18648611, "VCT": 17.4213566, "WSM": 15.88670627, "STP": 17.48629535399994, "SYC": 26.18648611, "SXM": 16.75365959, "SLB": 14.49224841, "TLS": 14.49224841, "TON": 26.18648611, "TUV": 16.75365959, "VIR": 26.18648611, "VUT": 17.4213566, "AIA": 15.538807, "COK": 15.538807, "MSR": 15.538807, "NIU": 15.538807},