{"data": {"2010": {"ASM": 8.631126192161638, "ATG": 6.322302222154971, "ABW": 9.708725628258414, "BHS": 7.759142583416206, "BRB": 7.514578072532962, "BLZ": 7.079218870608141, "VGB": 8.082147417355568, "CPV": 9.89803110161032, "COM": 8.51117826386424, "CUB": 9.5348795293733, "CUW": 1.960912793, "DMA": 7.375562514365215, "DOM": 14.6910173, "FJI": 7.584408707252717, "PYF": 8.815363495790596, "GRD": 7.901916210998844, "GUM": 9.07836459482026, "GNB": 6.192483852061107, "GUY": 6.597290035684552, "HTI": 6.88767761, "JAM": 8.303679876, "KIR": 8.220527374440183, "MDV": 8.825339919822893, "MHL": 10.386654051836288, "MUS": 14.90197444, "FSM": 8.06664531824945, "NRU": 8.999267239524492, "NCL": 8.123156767146398, "MNP": 5.455553534944121, "PLW": 8.688377794579928, "PNG": 7.098945386343219, "PRI": 6.293192905357818, "KNA": 8.666098537457561, "LCA": 7.678904360414716, "VCT": 7.661175485223307, "WSM": 7.99852712234184, "STP": 8.600729951147597, "SYC": 7.474157799842999, "SGP": 15.03895675, "SXM": 7.032729408690252, "SLB": 8.211776516954036, "SUR": 9.994174295, "TLS": 7.656543833603961, "TON": 7.252714287916421, "TTO": 2.020618543, "TUV": 10.33563299325706, "VIR": 6.830339996868851, "VUT": 8.756985964907846, "AIA": 6.387173142760294, "COK": 6.387173142760294, "MSR": 6.387173142760294, "NIU": 6.387173142760294}, "2011": {"ASM": 7.190203167931449, "ATG": 3.744791827297602, "ABW": 7.576468396275954, "BHS": 7.642633638989459, "BRB": 7.692107210465488, "BLZ": 7.3863004971182, "VGB": 13.870042066496758, "CPV": 9.648946967136062, "COM": 9.808690539261754, "CUB": 12.520807294299717, "CUW": 1.694740609, "DMA": 6.279616795437031, "DOM": 15.18820899, "FJI": 11.030363121680823, "PYF": 7.894971021717657, "GRD": 4.794159757380309, "GUM": 8.462116186762152, "GNB": 7.867862358831173, "GUY": 6.93290059675642, "HTI": 7.21106189, "JAM": 8.084303558, "KIR": 6.872352085325761, "MDV": 11.96079729195518, "MHL": 7.4576392303732755, "MUS": 15.807392, "FSM": 6.324795949287063, "NRU": 5.386712442906125, "NCL": 9.652162037950404, "MNP": 7.689540357141952, "PLW": 5.4329355670826125, "PNG": 7.66184048070542, "PRI": 12.342553412725524, "KNA": 5.0124292696569706, "LCA": 5.803453193018237, "VCT": 6.8175315070886615, "WSM": 6.246961182142451, "STP": 6.981696549424883, "SYC": 10.2153147272736, "SGP": 15.79200602, "SXM": 5.998725564025744, "SLB": 5.223976421036588, "SUR": 11.08731037, "TLS": 4.504186400667775, "TON": 6.387198170339827, "TTO": 2.090422153, "TUV": 5.599001922136511, "VIR": 7.918179793479094, "VUT": 8.33574416193077, "AIA": 8.252381629704548, "COK": 8.252381629704548, "MSR": 8.252381629704548, "NIU": 8.252381629704548}, "2012": {"ASM": 8.546064845370115, "ATG": 3.941668447071079, "ABW": 5.433456339400781, "BHS": 7.424289299836466, "BRB": 10.209466123036668, "BLZ": 8.588450080443709, "VGB": 13.912893477312734, "CPV": 10.0147038415336, "COM": 5.199416684713484, "CUB": 9.11610798553098, "CUW": 1.954070274, "DMA": 6.5027579983608135, "DOM": 14.59483193, "FJI": 9.766175857967747, "PYF": 10.96641130039826, "GRD": 5.934037615760119, "GUM": 8.702386967780162, "GNB": 12.38421279261146, "GUY": 8.115661362857631, "HTI": 6.953781381, "JAM": 8.401735725, "KIR": 4.604576185912223, "MDV": 9.99535420283858, "MHL": 7.013400874389106, "MUS": 15.88670627, "FSM": 4.440496800941795, "NRU": 3.03700712265758, "NCL": 12.37838470245962, "MNP": 6.2212753080810685, "PLW": 3.4038275578502244, "PNG": 11.983753005803276, "PRI": 7.417040659341008, "KNA": 7.925366746341049, "LCA": 5.298968964223766, "VCT": 7.135349288269786, "WSM": 5.54297853287942, "STP": 6.1010961997034645, "SYC": 10.230883779852144, "SGP": 16.75365959, "SXM": 2.581784957702792, "SLB": 4.845994443285059, "SUR": 10.95884976, "TLS": 5.863925749506048, "TON": 4.473150598564473, "TTO": 2.100505558, "TUV": 4.813037947705672, "VIR": 10.995227607401732, "VUT": 9.16747869846876, "AIA": 9.099103428347648, "COK": 9.099103428347648, "MSR": 9.099103428347648, "NIU": 9.099103428347648}, "2013": {"ASM": 15.306236295953068, "ATG": 4.33761753373881, "ABW": 12.432764639087498, "BHS": 8.505688645251622, "BRB": 9.529050489373466, "BLZ": 10.690155177815878, "VGB": 17.493242027036437, "CPV": 7.477076580207734, "COM": 9.630756070407664, "CUB": 13.691547371764363, "CUW": 2.210286671, "DMA": 10.604911753084036, "DOM": 16.43051727, "FJI": 10.766828135522784, "PYF": 12.698818570786305, "GRD": 11.6753254959894, "GUM": 9.274767475730911, "GNB": 8.799274682848036, "GUY": 6.972466498977734, "HTI": 7.289389804, "JAM": 8.386807772, "KIR": 9.032172738178591, "MDV": 13.38817200509303, "MHL": 9.826996333643915, "MUS": 16.32034769, "FSM": 8.736537057422492, "NRU": 2.9087959716759944, "NCL": 11.181488917864648, "MNP": 8.872047728686146, "PLW": 4.2197397260137, "PNG": 13.928534313723526, "PRI": 7.807924307622208, "KNA": 10.844035969495248, "LCA": 7.3353003568726205, "VCT": 7.500722842642006, "WSM": 12.147371144751029, "STP": 10.980980110928725, "SYC": 10.900072173448756, "SGP": 17.00714789, "SXM": 5.803192656196803, "SLB": 10.28500234601232, "SUR": 13.30057271, "TLS": 9.232602101754228, "TON": 9.85294981193067, "TTO": 2.076112212, "TUV": 4.147788041374249, "VIR": 15.599128484422216, "VUT": 11.899826656730124, "AIA": 7.892451428907261, "COK": 7.892451428907261, "MSR": 7.892451428907261, "NIU": 7.892451428907261}}, "upperIntervals": {"2010": {"ASM": 7.769342478343915, "ATG": 8.162302487195394, "ABW": 8.52512926214734, "BHS": 10.261563575229792, "BRB": 10.665256363623914, "BLZ": 11.427717612905145, "VGB": 11.826280767486615, "CPV": 9.893226717152768, "COM": 11.0873194920909, "CUB": 11.02030184096741, "DMA": 10.879570382071474, "FJI": 10.35420632960848, "PYF": 10.987627649441146, "GRD": 10.591352154650838, "GUM": 8.421787120346448, "GNB": 7.1377514690102855, "GUY": 10.880730675570083, "KIR": 10.289436669255112, "MDV": 10.77748148813692, "MHL": 10.670650857424196, "FSM": 10.55294452410509, "NRU": 8.077080698084874, "NCL": 10.572211682764172, "MNP": 7.766289800532898, "PLW": 8.286715017350648, "PNG": 9.624247880454982, "PRI": 11.049931473240372, "KNA": 7.843548196414789, "LCA": 10.240298669951889, "VCT": 8.076196865713163, "WSM": 10.36064956250518, "STP": 10.617401704084385, "SYC": 10.577818892373369, "SXM": 10.12338314922696, "SLB": 8.09234712012803, "TLS": 10.254115856558926, "TON": 10.35508447823614, "TUV": 8.282285281056577, "VIR": 8.610781051388086, "VUT": 8.786448412014668, "AIA": 9.178259001268597, "COK": 9.178259001268597, "MSR": 9.178259001268597, "NIU": 9.178259001268597}, "2011": {"ASM": 12.181275714462425, "ATG": 13.55790782605332, "ABW": 13.829071919643702, "BHS": 12.565132185830375, "BRB": 13.194339361410124, "BLZ": 9.356167017712549, "VGB": 13.658662856359314, "CPV": 9.811394504895402, "COM": 12.84133362962852, "CUB": 11.330979083246588, "DMA": 12.072561496776489, "FJI": 8.74726215666767, "PYF": 13.733776591032708, "GRD": 11.245190819225092, "GUM": 14.186338275670549, "GNB": 8.361636401607079, "GUY": 9.407463354344898, "KIR": 10.52412618587604, "MDV": 13.810511887608284, "MHL": 9.682792529896512, "FSM": 11.025852366393526, "NRU": 11.692830968065586, "NCL": 11.94492806863486, "MNP": 13.197721129615074, "PLW": 10.539093384130888, "PNG": 10.52918688991569, "PRI": 12.813424380846229, "KNA": 13.888593179313348, "LCA": 11.278962921614363, "VCT": 10.75958594275354, "WSM": 10.551330729748717, "STP": 11.44954354470015, "SYC": 11.799647609566312, "SXM": 8.868530103117989, "SLB": 7.89756385883404, "TLS": 11.115490327502414, "TON": 11.871777391315833, "TUV": 11.073149343696825, "VIR": 14.537110831310684, "VUT": 10.601343340554635, "AIA": 7.429617252407487, "COK": 7.429617252407487, "MSR": 7.429617252407487, "NIU": 7.429617252407487}, "2012": {"ASM": 14.025091365761105, "ATG": 15.425415210772634, "ABW": 14.607606356874172, "BHS": 13.534463506662885, "BRB": 15.425415210772634, "BLZ": 15.17719448026858, "VGB": 20.498056636582525, "CPV": 15.105554298875152, "COM": 16.114987894007676, "CUB": 12.441412645395449, "DMA": 13.375526086922276, "FJI": 15.225306368718584, "PYF": 17.873055513963774,