{"data": {"2010": {"ASM": 13.245520888052493, "ATG": 28.08162986424553, "ABW": 25.69069435004876, "BHS": 6.8871926182339696, "BRB": 9.06147922012733, "BLZ": 19.45853872154024, "VGB": 7.5803092365548626, "CPV": 22.58234710728485, "COM": 35.08665152076498, "CUB": 2.684370869, "CUW": 9.617637033797903, "DMA": 33.33907427604935, "DOM": 0.145956346, "FJI": 34.64669877771233, "PYF": 24.686579382559803, "GRD": 32.960384353412074, "GUM": 14.91806414201262, "GNB": 16.52944428789995, "GUY": 5.987264694003206, "HTI": 0.0, "JAM": 4.166666667, "KIR": 21.73579826454809, "MDV": 10.683804955745083, "MHL": 8.599420381518696, "MUS": 20.5652659, "FSM": 8.302465260165896, "NRU": 18.154733144525675, "NCL": 6.549938003285238, "MNP": 10.726322378666024, "PLW": 16.259942522629693, "PNG": 5.594719285267894, "PRI": 9.99913898443653, "KNA": 20.264646262986314, "LCA": 27.93101475762657, "VCT": 27.94207557958856, "WSM": 23.09460140788803, "STP": 32.605304446234214, "SYC": 14.4924404449356, "SGP": 1.305085867, "SXM": 13.6505332580599, "SLB": 12.854923985367757, "SUR": 0.0, "TLS": 22.59564343393482, "TON": 22.994274176760005, "TTO": 0.0, "TUV": 15.774933088380363, "VIR": 20.653415662254936, "VUT": 17.051525862388612, "AIA": 4.363414274808274, "COK": 4.363414274808274, "MSR": 4.363414274808274, "NIU": 4.363414274808274}, "2011": {"ASM": 14.116445819971624, "ATG": 10.991256657020042, "ABW": 8.335192074409777, "BHS": 3.2081336673045464, "BRB": 7.419846525739597, "BLZ": 8.186512870970372, "VGB": 12.864687708474834, "CPV": 9.559758316252546, "COM": 14.954588457152422, "CUB": 2.668918919, "CUW": 4.934536747597329, "DMA": 9.438407859155124, "DOM": 0.34754546, "FJI": 8.186512870970372, "PYF": 4.446196613845868, "GRD": 9.438407859155124, "GUM": 6.54034350850668, "GNB": 2.224008741091342, "GUY": 2.4818483829407865, "HTI": 0.0, "JAM": 5.245075584, "KIR": 14.098608936881629, "MDV": 6.751770684743293, "MHL": 7.880104458716244, "MUS": 18.16184548, "FSM": 9.331735803908671, "NRU": 10.367536784038489, "NCL": 0.4021731167558152, "MNP": 4.942420386057145, "PLW": 11.050179530949812, "PNG": 1.3583478284607893, "PRI": 3.63662813647978, "KNA": 4.864936423646309, "LCA": 14.116445819971624, "VCT": 15.099604503230855, "WSM": 6.92935528348407, "STP": 13.610312272267908, "SYC": 8.30070933700432, "SGP": 1.327741319, "SXM": 6.949081344832438, "SLB": 1.4337480742404405, "SUR": 0.0, "TLS": 2.996565281260635, "TON": 10.957067648529252, "TTO": 0.0, "TUV": 5.841120080411864, "VIR": 7.11267366748416, "VUT": 5.721123934132488, "AIA": 2.394068157866133, "COK": 2.394068157866133, "MSR": 2.394068157866133, "NIU": 2.394068157866133}, "2012": {"ASM": 2.1180032299101845, "ATG": 4.005223261834818, "ABW": 3.328282911577018, "BHS": 6.461389568746272, "BRB": 6.362346520124163, "BLZ": 6.1367953348793725, "VGB": 7.444614000252632, "CPV": 6.030722986632296, "COM": 5.192131442687212, "CUB": 3.109398741, "CUW": 4.092941136414053, "DMA": 4.74054090654383, "DOM": 1.527826188, "FJI": 5.459854984621573, "PYF": 3.6762185645420886, "GRD": 3.352843325566816, "GUM": 4.077111928175912, "GNB": 4.784914228872275, "GUY": 3.145350089725261, "HTI": 0.0, "JAM": 7.132094425, "KIR": 2.968121279468388, "MDV": 4.408023298262835, "MHL": 7.308098311342461, "MUS": 18.05505899, "FSM": 2.881360137913713, "NRU": 6.761328794537913, "NCL": 0.3615286458206602, "MNP": 4.005223261834818, "PLW": 6.295326424671506, "PNG": 1.555749364755436, "PRI": 7.55351936268343, "KNA": 7.823254120402963, "LCA": 6.3185021740201295, "VCT": 3.672929856199611, "WSM": 4.45047733499817, "STP": 2.4278061462977005, "SYC": 7.347878658921458, "SGP": 1.358284899, "SXM": 4.711325335946729, "SLB": 2.313299750296354, "SUR": 0.0, "TLS": 7.387739011488886, "TON": 5.554648432332593, "TTO": 0.0, "TUV": 7.7276048242939375, "VIR": 7.718438745924821, "VUT": 2.484857411266366, "AIA": 2.900102131918535, "COK": 2.900102131918535, "MSR": 2.900102131918535, "NIU": 2.900102131918535}, "2013": {"ASM": 18.99926054745113, "ATG": 7.616657831488024, "ABW": 7.570652973306712, "BHS": 9.381666571845171, "BRB": 8.060570967449992, "BLZ": 19.4935679145278, "VGB": 8.409591275663635, "CPV": 24.42701316759236, "COM": 10.498736682809518, "CUB": 3.68861024, "CUW": 7.513553814599565, "DMA": 9.802497935398351, "DOM": 3.84468976, "FJI": 11.577595890080396, "PYF": 11.730385378257736, "GRD": 9.707140500955926, "GUM": 8.493619978428413, "GNB": 3.411120274996531, "GUY": 7.190526903125488, "HTI": 0.0, "JAM": 6.937139995, "KIR": 12.839673276849622, "MDV": 10.6682726168052, "MHL": 12.438055064994476, "MUS": 17.31301939, "FSM": 12.613846144729084, "NRU": 18.62761011271304, "NCL": 5.213742966500713, "MNP": 8.203038747704765, "PLW": 10.688671822036232, "PNG": 11.754778001887605, "PRI": 14.567433473456326, "KNA": 11.164614088552758, "LCA": 10.252985921665704, "VCT": 12.009009164628615, "WSM": 22.761643176611024, "STP": 9.446481965137988, "SYC": 11.71029127912426, "SGP": 1.546832329, "SXM": 9.732710745976734, "SLB": 11.774844746970077, "SUR": 0.0, "TLS": 12.682645511864528, "TON": 12.047938676149853, "TTO": 0.0, "TUV": 12.104066328280712, "VIR": 11.03618345553872, "VUT": 5.342583789000701, "AIA": 3.723806078882504, "COK": 3.723806078882504, "MSR": 3.723806078882504, "NIU": 3.723806078882504}, "2014": {"ASM": 5.451775310210325, "ATG": 11.702188578674653, "ABW": 7.134407293284422, "BHS": 9.690301274518744, "BRB": 12.22375851867278, "BLZ": 12.741222462114496, "VGB": 6.129552900790653, "CPV": 14.460229827435404, "COM": 11.603282611178942, "CUB": 3.480326345, "CUW": 11.61274939258948, "DMA": 4.998128756273331, "DOM": 4.370965916, "FJI": 9.801956411495231, "PYF": 11.98573777500353, "GRD": 9.10186308675147, "GUM": 6.799926607472217, "GNB": 8.139959899946222, "GUY": 10.730485516095303, "HTI": 0.0, "JAM": 6.498545102, "KIR": 5.566930338866981, "MDV": 9.876181961073287, "MHL": 8.685755050901335, "MUS": 17.19441607, "FSM": 6.510838050454409, "NRU": 6.369911380474901, "NCL": 7.135917128475051, "MNP": 7.302361545634203, "PLW": 7.150198683709843, "PNG": 8.766280805145502, "PRI": 15.339698424092846, "KNA": 7.329879028863701, "LCA": 7.565130325680244, "VCT": 8.337109617981202, "WSM": 8.489962376735104, "STP": 7.018286777893785, "SYC": 9.088270104268355, "SGP": 1.662616444, "SXM": 10.305981779810084, "SLB": 10.667224932217769, "SUR": 0.0, "TLS": 7.944782186812172, "TON": 8.883448488409474, "TTO": 0.0, "TUV": 11.618635528686772, "VIR": 8.40111080104184, "VUT": 9.29187702698518, "AIA": 3.696243062173067, "COK": 3.696243062173067, "MSR": 3.696243062173067, "NIU": 3.696243062173067}}, "upperIntervals": {"2010": {"ASM": 19.044948901451928, "ATG": 19.286517575380827, "ABW": 20.914003807312923, "BHS": 20.87223516710455, "BRB": 20.720733834015377, "BLZ": 20.23247108403916, "VGB": 10.17244350990502, "CPV": 10.10475959548, "COM": 19.59138834426473, "CUW": 21.12061767646898, "DMA": 13.175323801243636, "FJI": 14.371444090932748, "PYF": 17.76349383912929, "GRD": 13.9231121927584, "GUM": 8.103982871341207, "GNB": 13.5063978457707, "GUY": 20.014045057914057, "KIR": 11.559226932605515, "MDV": 14.994875499758866, "MHL": 11.542248744553229, "FSM": 24.616620323644863, "NRU": 19.627535268313743, "NCL": 18.20438104134416, "MNP": 21.277347772896093, "PLW": 19.6636799708006, "PNG": 14.394007006653792, "PRI": 21.028357048597734, "KNA": 20.01587593758756, "LCA": 20.884258573973973, "VCT": 20.822648573583155, "WSM": 8.931639259348868, "STP": 17.873937347051122, "SYC": 10.697605286619622, "SXM": 10.315763811919467, "SLB": 11.754056339587086, "TLS": 16.862754387962244, "TON": 10.554927042468972, "TUV": 19.65574390280924, "VIR": 10.362154014363847, "VUT": 20.941639923496783, "AIA": 4.560137837648711, "COK": 4.560137837648711, "MSR": 4.560137837648711, "NIU": 4.560137837648711}, "2011": {"ASM": 17.76407469296141, "ATG": 20.93609499366641, "ABW": 11.326840732885229, "BHS": 19.45930730187261, "BRB": 19.64827833070912, "BLZ": 20.86633841169148, "VGB": 12.89964370428968, "CPV": 12.86390207816409, "COM": 17.026103527267, "CUW": 22.3768932012955, "DMA": 15.619910586169825,