{"data": {"2010": {"ASM": 86.70058996312015, "ATG": 87.4513530983016, "ABW": 52.53016616039467, "BHS": 78.30464942428901, "BRB": 79.84455150240804, "BLZ": 34.12732643026377, "VGB": 95.39999487525851, "CPV": 95.38534109685848, "COM": 93.5280277211244, "CUB": 52.57228258, "CUW": 80.23852443802218, "DMA": 57.52815257720084, "DOM": 88.1111922, "FJI": 39.97248944869739, "PYF": 55.55968337731201, "GRD": 86.95794694126188, "GUM": 73.30641936448521, "GNB": 87.21178009882658, "GUY": 92.57217285227166, "HTI": 69.84667802, "JAM": 92.31481481, "KIR": 81.01946538063349, "MDV": 80.84526169957022, "MHL": 90.61592634316254, "MUS": 75.67869096, "FSM": 93.45783841045808, "NRU": 75.17780925529219, "NCL": 82.64077440258905, "MNP": 80.31993030156474, "PLW": 80.39766039918065, "PNG": 44.02941098458094, "PRI": 74.41460408731047, "KNA": 78.22246936211818, "LCA": 87.43282021109506, "VCT": 62.09193161648117, "WSM": 48.93854784847511, "STP": 56.683046803407535, "SYC": 82.26933746189573, "SGP": 97.40085095, "SXM": 73.48646957343209, "SLB": 78.90878390455622, "SUR": 29.81438515, "TLS": 76.32391573500504, "TON": 82.03294570671179, "TTO": 100.0, "TUV": 72.63439032107546, "VIR": 75.12096180125599, "VUT": 74.47226490666063, "AIA": 57.99582464306121, "COK": 57.99582464306121, "MSR": 57.99582464306121, "NIU": 57.99582464306121}, "2011": {"ASM": 68.24560636988572, "ATG": 42.3166923429205, "ABW": 85.390801305835, "BHS": 42.17890108873439, "BRB": 53.84847003433442, "BLZ": 42.04220691377121, "VGB": 84.11133296828953, "CPV": 82.87566104200341, "COM": 72.02186139209014, "CUB": 56.03603604, "CUW": 35.81170057759001, "DMA": 68.5222792707169, "DOM": 87.91038292, "FJI": 43.12600626654843, "PYF": 68.43564327259658, "GRD": 71.60354404401306, "GUM": 85.10046301258593, "GNB": 52.91809289357665, "GUY": 58.606220472063605, "HTI": 87.16861082, "JAM": 91.27347687, "KIR": 69.42801010786765, "MDV": 76.31162945344495, "MHL": 81.73011455051544, "MUS": 79.78762358, "FSM": 79.9194796099418, "NRU": 77.22508836772111, "NCL": 60.43539890570263, "MNP": 64.84910727610325, "PLW": 81.28388578648146, "PNG": 38.33247343506893, "PRI": 57.0400107643536, "KNA": 75.11710259576274, "LCA": 49.47101914380488, "VCT": 41.364632671199736, "WSM": 75.130140554385, "STP": 51.12940866674421, "SYC": 59.447861772079726, "SGP": 97.36190186, "SXM": 73.87035031045946, "SLB": 37.8104588165282, "SUR": 39.3644285, "TLS": 87.22646259941764, "TON": 81.9995662035645, "TTO": 100.0, "TUV": 73.16738581100643, "VIR": 74.6540842879527, "VUT": 70.91085202431977, "AIA": 58.77152709356608, "COK": 58.77152709356608, "MSR": 58.77152709356608, "NIU": 58.77152709356608}, "2012": {"ASM": 46.43392381148691, "ATG": 32.0759708600683, "ABW": 37.76348292488051, "BHS": 30.571571724290543, "BRB": 41.659704883300186, "BLZ": 30.82968351564685, "VGB": 86.3680289928768, "CPV": 81.7015224227097, "COM": 78.45560790781673, "CUB": 56.43585848, "CUW": 33.743060177558675, "DMA": 51.11101948962945, "DOM": 85.52341118, "FJI": 34.602744914997274, "PYF": 53.72658662751486, "GRD": 47.79398805505813, "GUM": 41.8316091176853, "GNB": 31.79162431354104, "GUY": 59.06529283359159, "HTI": 79.90909091, "JAM": 89.07584129, "KIR": 39.41054057979444, "MDV": 84.21411128152818, "MHL": 46.70547292840268, "MUS": 79.2992492, "FSM": 51.28501291025753, "NRU": 57.01262653911588, "NCL": 85.04234288043914, "MNP": 45.07634468240815, "PLW": 51.38296808928923, "PNG": 36.67220798897997, "PRI": 73.77906365248042, "KNA": 58.76191434375389, "LCA": 32.314415359922045, "VCT": 31.650820145960388, "WSM": 43.25314280981713, "STP": 35.39551676557584, "SYC": 47.618798480610586, "SGP": 97.31110685, "SXM": 44.73188595153008, "SLB": 20.409544109366017, "SUR": 36.76470588, "TLS": 74.29046889577378, "TON": 42.2938572877335, "TTO": 100.0, "TUV": 46.13808981233292, "VIR": 36.5605854976854, "VUT": 35.566385775059686, "AIA": 63.96438187735576, "COK": 63.96438187735576, "MSR": 63.96438187735576, "NIU": 63.96438187735576}, "2013": {"ASM": 65.99964976157105, "ATG": 52.02451021030916, "ABW": 62.33467076955424, "BHS": 64.65874286323908, "BRB": 51.80500764513002, "BLZ": 42.35341174590531, "VGB": 90.41566156545856, "CPV": 77.4842589870752, "COM": 46.07425679954811, "CUB": 58.72518286, "CUW": 48.36574988595389, "DMA": 65.37928766248238, "DOM": 83.4303116, "FJI": 41.299872100436566, "PYF": 69.02701826030786, "GRD": 51.49065977958538, "GUM": 80.30837324580611, "GNB": 45.59364587859643, "GUY": 55.07530218232534, "HTI": 86.63507109, "JAM": 90.15777611, "KIR": 73.21311641736973, "MDV": 66.66936091859137, "MHL": 71.8555908564714, "MUS": 79.39750693, "FSM": 69.60339725418406, "NRU": 82.60430209400992, "NCL": 63.11039556068851, "MNP": 60.20716599459401, "PLW": 78.46342169670616, "PNG": 41.189824271087474, "PRI": 71.202005653038, "KNA": 70.21325877743772, "LCA": 67.46491696307471, "VCT": 51.67344623653894, "WSM": 81.65566998442192, "STP": 59.168785358703786, "SYC": 75.37252402604683, "SGP": 97.13565011, "SXM": 63.9052421498492, "SLB": 46.45804459722597, "SUR": 40.06410256, "TLS": 64.78970755165632, "TON": 67.26791367961894, "TTO": 100.0, "TUV": 75.47834766038409, "VIR": 58.15523829722285, "VUT": 37.61839100922747, "AIA": 58.406397916088274, "COK": 58.406397916088274, "MSR": 58.406397916088274, "NIU": 58.406397916088274}, "2014": {"ASM": 68.23744348980794, "ATG": 61.42518796000428, "ABW": 59.10122450468863, "BHS": 59.63663495628542, "BRB": 63.807211951986936, "BLZ": 30.41377302096042, "VGB": 81.6345832584568, "CPV": 66.62690487613759, "COM": 35.65139899939914, "CUB": 60.3635237, "CUW": 48.547320372092265, "DMA": 44.07264663502469, "DOM": 86.66062734, "FJI": 72.74518556186806, "PYF": 50.19358734989842, "GRD": 73.29348327558971, "GUM": 41.35435941277761, "GNB": 23.93181481366254, "GUY": 47.02401598200471, "HTI": 91.2875121, "JAM": 90.20368574, "KIR": 81.17901534250609, "MDV": 71.88418600778319, "MHL": 71.14683761287229, "MUS": 79.7071842, "FSM": 65.13829108599275, "NRU": 69.18654900746786, "NCL": 64.43188240571999, "MNP": 55.34247595389446, "PLW": 72.18222527517666, "PNG": 32.12689617425191, "PRI": 42.82778657621282, "KNA": 67.51410684833935, "LCA": 71.235804016148, "VCT": 72.07128948987649, "WSM": 70.4262970072942, "STP": 61.609584454185445, "SYC": 69.71126541480488, "SGP": 97.06156339, "SXM": 59.31204009173428, "SLB": 25.36481681622644, "SUR": 37.66055046, "TLS": 65.34512404280524, "TON": 38.00922877237681, "TTO": 100.0, "TUV": 58.53862310311983, "VIR": 46.95586003512523, "VUT": 25.56771364558045, "AIA": 53.35169391869751, "COK": 53.35169391869751, "MSR": 53.35169391869751, "NIU": 53.35169391869751}}, "upperIntervals": {"2010": {"ASM": 100.0, "ATG": 100.0, "ABW": 100.0, "BHS": 100.0, "BRB": 100.0, "BLZ": 100.0, "VGB": 100.0, "CPV": 100.0, "COM": 100.0, "CUW": 100.0, "DMA": 100.0, "FJI": 100.0, "PYF": 100.0, "GRD": 100.0, "GUM": 100.0, "GNB": 100.0, "GUY": 100.0, "KIR": 100.0, "MDV": 100.0, "MHL": 100.0, "FSM": 100.0, "NRU": 100.0, "NCL": 100.0, "MNP": 100.0, "PLW": 100.0, "PNG": 100.0, "PRI": 100.0, "KNA": 100.0, "LCA": 100.0, "VCT": 100.0, "WSM": 100.0, "STP": 100.0, "SYC": 100.0, "SXM": 100.0, "SLB": 100.0, "TLS": 100.0, "TON": 100.0, "TUV": 100.0, "VIR": 100.0, "VUT": 100.0, "AIA": 100.0, "COK": 100.0, "MSR": 100.0, "NIU": 100.0}, "2011": {"ASM": 100.0, "ATG": 100.0, "ABW": 100.0, "BHS": 100.0, "BRB": 100.0, "BLZ": 100.0, "VGB": 100.0, "CPV": 100.0, "COM": 100.0, "CUW": 100.0, "DMA": 100.0, "FJI": 100.0, "PYF": 100.0, "GRD": 100.0, "GUM": 100.0, "GNB": 100.0, "GUY": 100.0, "KIR": 100.0, "MDV": 100.0, "MHL": 100.0, "FSM": 100.0, "NRU": 100.0, "NCL": 100.0, "MNP": 100.0, "PLW": 100.0, "PNG": 100.0, "PRI": 100.0, "KNA": 100.0, "LCA": 100.0, "VCT": 100.0, "WSM": 100.0, "STP": 100.0, "SYC": 100.0, "SXM": 100.0, "SLB": 100.0, "TLS": 100.0, "TON": 100.0, "TUV": 100.0, "VIR": 100.0, "VUT": 100.0, "AIA": 100.0, "COK": 100.0, "MSR": 100.0, "NIU": 100.0}, "2012": {"ASM": 100.0, "ATG": 100.0, "ABW": 100.0, "BHS": 100.0, "BRB": 100.0, "BLZ": 100.0, "VGB": 100.0, "CPV": 100.0, "COM": 100.0, "CUW": 100.0, "DMA": 100.0, "FJI": 100.0, "PYF": 100.0,