{"paris-127": {"data": {"2019": {"BHS": 70.52141927, "BRB": 22.217415, "COM": 21.91523593, "GNB": 27.27607379, "HTI": 33.88029066, "PNG": 26.42875524, "WSM": 18.08472625, "STP": 29.30593586, "SYC": 10.91175519, "SLB": 31.1852181, "TLS": 23.82498973, "TTO": 19.75043522, "TON": 25.9024844}, "recentValue": {"BHS": 70.52141927, "BRB": 22.217415, "COM": 21.91523593, "GNB": 27.27607379, "HTI": 33.88029066, "PNG": 26.42875524, "WSM": 18.08472625, "STP": 29.30593586, "SYC": 10.91175519, "SLB": 31.1852181, "TLS": 23.82498973, "TTO": 19.75043522, "TON": 25.9024844}, "recentYear": {"BHS": "2019", "BRB": "2019", "COM": "2019", "GNB": "2019", "HTI": "2019", "PNG": "2019", "WSM": "2019", "STP": "2019", "SYC": "2019", "SLB": "2019", "TLS": "2019", "TTO": "2019", "TON": "2019"}}, "def": "This indicator assesses the systematic use of statistical knowledge with statistical terms and indicators in national policy documents. It is a composite indicator consisting of 4 sub-indices that aim to reflect the relevance of statistical evidence. It comprises four main dimensions: i) Basic consideration; ii) Diagnosis and quantification; iii) Statistical Analysis; iv) Disaggregation. ", "name": "", "source": "PARIS21", "dataset": "PARIS21", "category": "Politics and Power", "subcategory": "None", "link": "", "dim": "None", "priority": "1.0", "units": "quantity score"}, "confidenceIntervals": {"2019": {"BHS": 17.6303548175, "BRB": 3.1739164285714283, "WSM": 1.8084726249999998, "SLB": 7.796304525}, "recentValue": {"COM": 5.4788089825, "GNB": 3.89658197, "PNG": 26.42875524, "SYC": 1.0911755189999999}}, "featureImportances": {"indicators": {"wdi2-SE.SEC.CUAT.LO.MA.ZS": 0.514, "wdi-LP.LPI.CUST.XQ": 0.999, "ghi-nourish": 0.357, "itu-mmpo": 0.641, "wdi2-SH.STA.STNT.FE.ZS": 0.095, "unicef-nbd3": 0.479, "wdi-CM.MKT.LDOM.NO": 0.733, "wdi-DC.ODA.TLDC.CD": 0.902, "wdi2-ST.INT.TRNX.CD": 0.953, "wdi2-NY.GNP.MKTP.CN.AD": 0.363}, "categories": {"None": 0.08, "Environmental Wellbeing": 0.998, "Social Protection and Equity": 0.135, "Indices": 0.91}}}