{"key-51": {"data": {"2021": {"ATG": 0.0060314220132373, "BHS": 0.0014435738062273, "BHR": 0.001881160105765, "BRB": 0.0056995584565175, "BLZ": 0.0004814819386282, "BMU": 0.0022577157774074, "CPV": 0.003731874711229, "COM": 0.0021392302168637, "CUW": 0.0042726973091747, "DMA": 0.0031558865239206, "DOM": 0.0020823172199356, "FJI": 0.009253216934336, "GRD": 0.0027498676815669, "GNB": 0.0007458289763735, "GUY": 0.0007023905886289, "HTI": 0.0037630746313397, "JAM": 0.008016066977495, "KIR": 0.0110302125, "MDV": 0.0054409828317278, "MUS": 0.0232788993452353, "PLW": 0.0076279577967883, "PNG": 0.0022930748163683, "KNA": 0.0029053084648493, "LCA": 0.0036966702030516, "VCT": 0.0028543071934756, "WSM": 0.0102962722599723, "STP": 0.0007333315372095, "SYC": 0.0961760085927634, "SGP": 0.0031245420167595, "SLB": 0.0017133006233166, "SUR": 0.001411272674524, "TLS": 0.0038326500654211, "TON": 0.0054240259152835, "TTO": 0.0018145248242481, "TCA": 0.0055035221706759, "TUV": 0.0052886029411764, "VUT": 0.0071491267631628}, "recentValue": {"ATG": 0.0060314220132373, "BHS": 0.0014435738062273, "BMU": 0.0022577157774074, "BHR": 0.001881160105765, "BRB": 0.0056995584565175, "BLZ": 0.0004814819386282, "CPV": 0.003731874711229, "COM": 0.0021392302168637, "CUW": 0.0042726973091747, "DMA": 0.0031558865239206, "DOM": 0.0020823172199356, "FJI": 0.009253216934336, "GRD": 0.0027498676815669, "GNB": 0.0007458289763735, "GUY": 0.0007023905886289, "HTI": 0.0037630746313397, "JAM": 0.008016066977495, "KIR": 0.0110302125, "MDV": 0.0054409828317278, "MUS": 0.0232788993452353, "PLW": 0.0076279577967883, "PNG": 0.0022930748163683, "WSM": 0.0102962722599723, "STP": 0.0007333315372095, "SYC": 0.0961760085927634, "SGP": 0.0031245420167595, "SLB": 0.0017133006233166, "KNA": 0.0029053084648493, "VCT": 0.0028543071934756, "LCA": 0.0036966702030516, "SUR": 0.001411272674524, "TLS": 0.0038326500654211, "TTO": 0.0018145248242481, "TON": 0.0054240259152835, "TUV": 0.0052886029411764, "TCA": 0.0055035221706759, "VUT": 0.0071491267631628}, "recentYear": {"ATG": "2021", "BHS": "2021", "BMU": "2021", "BHR": "2021", "BRB": "2021", "BLZ": "2021", "CPV": "2021", "COM": "2021", "CUW": "2021", "DMA": "2021", "DOM": "2021", "FJI": "2021", "GRD": "2021", "GNB": "2021", "GUY": "2021", "HTI": "2021", "JAM": "2021", "KIR": "2021", "MDV": "2021", "MUS": "2021", "PLW": "2021", "PNG": "2021", "WSM": "2021", "STP": "2021", "SYC": "2021", "SGP": "2021", "SLB": "2021", "KNA": "2021", "VCT": "2021", "LCA": "2021", "SUR": "2021", "TLS": "2021", "TTO": "2021", "TON": "2021", "TUV": "2021", "TCA": "2021", "VUT": "2021"}}, "def": "Fisheries export (% of GDP)", "name": "Fisheries export (% of GDP)", "source": "FAO /WorldBank", "dataset": "FAO /WorldBank", "category": "Blue", "subcategory": "None", "link": "http://www.fao.org/fishery/statistics/en", "dim": "None", "priority": "1.0", "units": "% of GDP"}, "confidenceIntervals": {"2021": {"DOM": 0.0020823172199356, "KIR": 0.002757553125, "MDV": 0.00054409828317278, "MUS": 0.0232788993452353, "PLW": 0.0010897082566840427, "PNG": 0.00032758211662404287, "TON": 0.0005424025915283499}, "recentValue": {"ATG": 0.0060314220132373, "BRB": 0.00056995584565175, "CPV": 0.0003731874711229, "DMA": 0.0004508409319886572, "FJI": 0.009253216934336, "GUY": 7.023905886289e-05, "JAM": 0.0008016066977495001, "MUS": 0.0232788993452353, "SUR": 0.000352818168631}}, "featureImportances": {"indicators": {"wdi-IT.CEL.SETS.P2": 0.574, "hdr-137506": 0.565, "wdi2-SH.H2O.BASW.ZS": 0.498, "wdi2-SE.TER.CUAT.BA.MA.ZS": 0.871, "paris-47": 0.722, "irena-ge-cap-all": 0.505, "paris-38": 0.32, "wdi2-NE.GDI.TOTL.KD.ZG": 0.211, "hdr-24206": 0.491, "wdi2-SP.REG.BRTH.ZS": 0.259}, "categories": {"Self-harm": 0.479, "Profile": 0.348, "Headache disorders": 0.384, "Diabetes mellitus": 0.175}}}