{"key-52": {"data": {"2021": {"ATG": 0.0004091547255588, "BHS": 0.0054803811824314, "BHR": 0.0016255738993439, "BRB": 9.406795930120944e-05, "BLZ": 0.011459270139352, "BMU": 4.1421074214138665e-06, "CPV": 0.0311694289530488, "CUW": 0.011996307769893, "DMA": 2.4038308669689464e-05, "DOM": 0.0001931161344766, "FJI": 0.0178778235318887, "GRD": 0.0065876223371871, "GNB": 0.0042323368038654, "GUY": 0.0214227196701364, "HTI": 0.0007356879630809, "JAM": 0.0007733591590139, "KIR": 0.6106843500000001, "MDV": 0.0316165074895146, "MUS": 0.0336967890736775, "PLW": 0.0035922576043497, "PNG": 0.0104814482407268, "KNA": 0.0002715419022702, "LCA": 3.769227838951434e-06, "VCT": 0.0030204244770381, "WSM": 0.0154004072264543, "STP": 4.777404151202272e-06, "SYC": 0.2916547367306178, "SGP": 0.0009608707504437, "SLB": 0.0379240728280108, "SUR": 0.0286333107524931, "TLS": 2.4777929049787727e-06, "TON": 0.0080374734505713, "TTO": 0.0010414625881669, "TCA": 0.0020160094871034, "TUV": 0.2616800735294117, "VUT": 0.1314159139422896}, "recentValue": {"ATG": 0.0004091547255588, "BHS": 0.0054803811824314, "BMU": 4.1421074214138665e-06, "BHR": 0.0016255738993439, "BRB": 9.406795930120944e-05, "BLZ": 0.011459270139352, "CPV": 0.0311694289530488, "CUW": 0.011996307769893, "DMA": 2.4038308669689464e-05, "DOM": 0.0001931161344766, "FJI": 0.0178778235318887, "GRD": 0.0065876223371871, "GNB": 0.0042323368038654, "GUY": 0.0214227196701364, "HTI": 0.0007356879630809, "JAM": 0.0007733591590139, "KIR": 0.6106843500000001, "MDV": 0.0316165074895146, "MUS": 0.0336967890736775, "PLW": 0.0035922576043497, "PNG": 0.0104814482407268, "WSM": 0.0154004072264543, "STP": 4.777404151202272e-06, "SYC": 0.2916547367306178, "SGP": 0.0009608707504437, "SLB": 0.0379240728280108, "KNA": 0.0002715419022702, "VCT": 0.0030204244770381, "LCA": 3.769227838951434e-06, "SUR": 0.0286333107524931, "TLS": 2.4777929049787727e-06, "TTO": 0.0010414625881669, "TON": 0.0080374734505713, "TUV": 0.2616800735294117, "TCA": 0.0020160094871034, "VUT": 0.1314159139422896}, "recentYear": {"ATG": "2021", "BHS": "2021", "BMU": "2021", "BHR": "2021", "BRB": "2021", "BLZ": "2021", "CPV": "2021", "CUW": "2021", "DMA": "2021", "DOM": "2021", "FJI": "2021", "GRD": "2021", "GNB": "2021", "GUY": "2021", "HTI": "2021", "JAM": "2021", "KIR": "2021", "MDV": "2021", "MUS": "2021", "PLW": "2021", "PNG": "2021", "WSM": "2021", "STP": "2021", "SYC": "2021", "SGP": "2021", "SLB": "2021", "KNA": "2021", "VCT": "2021", "LCA": "2021", "SUR": "2021", "TLS": "2021", "TTO": "2021", "TON": "2021", "TUV": "2021", "TCA": "2021", "VUT": "2021"}}, "def": "Fisheries import (% of GDP)", "name": "Fisheries import (% of GDP)", "source": "FAO /WorldBank", "dataset": "FAO /WorldBank", "category": "Blue", "subcategory": "None", "link": "http://www.fao.org/fishery/statistics/en", "dim": "None", "priority": "1.0", "units": "% of GDP"}, "confidenceIntervals": {"2021": {"ATG": 4.091547255588e-05, "BLZ": 0.002864817534838, "CUW": 0.0017137582528418572, "FJI": 0.0178778235318887, "GNB": 0.00042323368038654004, "STP": 1.194351037800568e-06, "TTO": 0.00014878036973812856}, "recentValue": {"BMU": 4.1421074214138663e-07, "DOM": 4.827903361915e-05, "KIR": 0.06106843500000001, "PNG": 0.0014973497486752572, "SYC": 0.07291368418265445, "KNA": 6.788547556755e-05, "LCA": 9.423069597378585e-07, "SUR": 0.007158327688123275, "TLS": 3.539704149969675e-07}}, "featureImportances": {"indicators": {"wdi-DT.NFL.PCBO.CD": 0.422, "ndgain-nd-readiness-economic": 0.227, "oecd-PINE_OCEAN_FEE": 0.595, "wdi2-NV.IND.TOTL.CN": 0.997, "unicef-ch4": 0.769, "hdr-68606": 0.564, "igrac-twap_ind_sids_mannualgwrechargedepth": 0.028, "wdi2-NY.ADJ.DCO2.CD": 0.8, "wdi-DT.DOD.DIMF.CD": 0.608, "wdi-GC.XPN.OTHR.CN": 0.48}, "categories": {"Gender": 0.67, "Pneumoconiosis": 0.447, "Mobility and communication": 0.564, "Politics and Power": 0.836}}}