{"data": {"2010": {"ASM": 0.4486578629224234, "ATG": 0.475050405397549, "ABW": 0.3823973440215711, "BHS": 0.436143411306852, "BRB": 0.373609501639728, "BLZ": 0.464824109326525, "VGB": 0.40733602536783, "CPV": 0.426110018775532, "COM": 0.52961830128444, "CUB": 0.421389347777565, "DMA": 0.415377486258332, "DOM": 0.421818441946186, "FJI": 0.431723623100551, "PYF": 0.4281706481161675, "GRD": 0.382255710920963, "GUM": 0.3729880770251566, "GNB": 0.661522867671654, "GUY": 0.49375316808245, "HTI": 0.537709177658745, "JAM": 0.430721219114068, "KIR": 0.5320970657242565, "MDV": 0.535078207988865, "MHL": 0.5201757732500536, "MUS": 0.429282787754904, "FSM": 0.586518504967882, "NRU": 0.4761236802680395, "NCL": 0.363438568843443, "MNP": 0.4470395415004206, "PLW": 0.4611551240422011, "PNG": 0.552871095305386, "PRI": 0.3612216182704155, "KNA": 0.422161677258405, "LCA": 0.364165157037745, "VCT": 0.3939156650636004, "WSM": 0.484491087708238, "STP": 0.521849223511314, "SYC": 0.461905284427388, "SGP": 0.386789172164201, "SXM": 0.421181329166171, "SLB": 0.594528903273214, "SUR": 0.390764528856373, "TLS": 0.527918384433483, "TON": 0.575788487234172, "TTO": 0.37943797561062, "TUV": 0.4896075722636388, "VIR": 0.3946280361998255, "VUT": 0.562532378794039, "AIA": 0.4169777665648527, "COK": 0.4169777665648527, "CUW": 0.3806044913190221, "MSR": 0.4169777665648527, "NIU": 0.4169777665648527}, "2011": {"ASM": 0.4859827583911124, "ATG": 0.474826851391279, "ABW": 0.3613115900615729, "BHS": 0.433300370374754, "BRB": 0.365784115985879, "BLZ": 0.460956593485487, "VGB": 0.3874778330598151, "CPV": 0.422834183343986, "COM": 0.529233783329438, "CUB": 0.431994812072262, "DMA": 0.417507135772514, "DOM": 0.417447006289357, "FJI": 0.434120004601702, "PYF": 0.3808416539468151, "GRD": 0.380833005534424, "GUM": 0.3724213659830939, "GNB": 0.65420839583995, "GUY": 0.481686631149385, "HTI": 0.537719480064315, "JAM": 0.428552272491476, "KIR": 0.5062072724622749, "MDV": 0.533716875789119, "MHL": 0.5169021742875798, "MUS": 0.420757062299698, "FSM": 0.585994102868508, "NRU": 0.4255154788003598, "NCL": 0.3674134908315378, "MNP": 0.3791632866413193, "PLW": 0.4528027475680121, "PNG": 0.541205580257838, "PRI": 0.3630671877912078, "KNA": 0.426034875687737, "LCA": 0.363207659998337, "VCT": 0.4241816540097382, "WSM": 0.488493656298681, "STP": 0.521014751272387, "SYC": 0.477414848659684, "SGP": 0.388948032025285, "SXM": 0.3980257872428795, "SLB": 0.592074463757355, "SUR": 0.386181379197183, "TLS": 0.517984098717137, "TON": 0.54951432153581, "TTO": 0.376826749421661, "TUV": 0.44234333885087, "VIR": 0.3719388574881461, "VUT": 0.548808746854941, "AIA": 0.4344941973662851, "COK": 0.4344941973662851, "CUW": 0.3583448025340089, "MSR": 0.4344941973662851, "NIU": 0.4344941973662851}, "2012": {"ASM": 0.4414916169340228, "AIA": 0.437761802829051, "ATG": 0.475940631773924, "ABW": 0.3523784394234928, "BHS": 0.431876752044974, "BRB": 0.355785779138877, "BLZ": 0.459014638956761, "VGB": 0.3624761124817847, "CPV": 0.436600282810079, "COM": 0.52802868019493, "COK": 0.437761802829051, "CUB": 0.419399356060417, "DMA": 0.420666600769084, "DOM": 0.420286549612259, "FJI": 0.433855880281444, "PYF": 0.4011712840374313, "GRD": 0.380066783955556, "GUM": 0.3747814838000599, "GNB": 0.64207691619246, "GUY": 0.47257092775425, "HTI": 0.538639702671685, "JAM": 0.425753001005963, "KIR": 0.5319123259855283, "MDV": 0.522148757387733, "MHL": 0.4532992442025769, "MUS": 0.413454075375033, "FSM": 0.586200326078687, "MSR": 0.437761802829051, "NRU": 0.4234848877925241, "NCL": 0.4172894368387867, "NIU": 0.437761802829051, "MNP": 0.4116247270242422, "PLW": 0.4391254863907105, "PNG": 0.53887136591676, "PRI": 0.3432438983561495, "KNA": 0.423748107355887, "LCA": 0.356942967681444, "VCT": 0.4116273729821018, "WSM": 0.47217303028887, "STP": 0.51819052051822, "SYC": 0.451195005648819, "SGP": 0.387974216558743, "SXM": 0.3910602027444918, "SLB": 0.592298474200583, "SUR": 0.387990654132501, "TLS": 0.512324764807754, "TON": 0.575603336626301, "TTO": 0.368039464097158, "TUV": 0.464575099084311, "VIR": 0.3505792454358079, "VUT": 0.554211344743595, "CUW": 0.3642852748801946}, "2013": {"ASM": 0.4127521666159569, "AIA": 0.4761715027269487, "ATG": 0.470953093007517, "ABW": 0.3863324698984229, "BHS": 0.431378872590969, "BRB": 0.355943862119264, "BLZ": 0.415409809128516, "VGB": 0.3386164888468607, "CPV": 0.441308618899479, "COM": 0.526198753142058, "COK": 0.4761715027269487, "CUB": 0.42033770307383, "DMA": 0.416857068003516, "DOM": 0.420800174414769, "FJI": 0.428593687560886, "PYF": 0.4033428741837356, "GRD": 0.37957052092241, "GUM": 0.3646125387418313, "GNB": 0.638917223393175, "GUY": 0.471282190519166, "HTI": 0.537907176825724, "JAM": 0.421651832163668, "KIR": 0.5281080339965029, "MDV": 0.517673343350464, "MHL": 0.4492822104190913, "MUS": 0.41594601271229, "FSM": 0.583204747225015, "MSR": 0.4761715027269487, "NRU": 0.4145282609661951, "NCL": 0.4016254685113495, "NIU": 0.4761715027269487, "MNP": 0.3745214900824093, "PLW": 0.420074779627212, "PNG": 0.544225616907172, "PRI": 0.3672606849383185, "KNA": 0.422181245985234, "LCA": 0.35292785365019, "VCT": 0.4136199402381278, "WSM": 0.497952622865235, "STP": 0.515374171191586, "SYC": 0.454115220350298, "SGP": 0.385209955350161, "SXM": 0.4178613981922714, "SLB": 0.588097898061054, "SUR": 0.385236012971699, "TLS": 0.506951716498016, "TON": 0.554957346975081, "TTO": 0.3667640323588, "TUV": 0.4268092789212377, "VIR": 0.3192720319213341, "VUT": 0.560513664098234, "CUW": 0.3778835368164519}, "2014": {"ASM": 0.4503703689223954, "AIA": 0.4243823157042842, "ATG": 0.462183661878832, "ABW": 0.3908387806403099, "BHS": 0.431714212920378, "BRB": 0.360095511833746, "BLZ": 0.430247652128717, "VGB": 0.3789175601677581, "CPV": 0.438264529708345, "COM": 0.523904163727188, "COK": 0.4243823157042842, "CUB": 0.420364680902208, "DMA": 0.417112390804788, "DOM": 0.427302295670801, "FJI": 0.427455412623649, "PYF": 0.375590005955306, "GRD": 0.378326085377741, "GUM": 0.3621257164965513, "GNB": 0.65066844344406, "GUY": 0.466303853007459, "HTI": 0.536693005169196, "JAM": 0.42048256704522, "KIR": 0.5150132734634731, "MDV": 0.515804458197246, "MHL": 0.4913535343727604, "MUS": 0.410588295844664, "FSM": 0.582283308710708, "MSR": 0.4243823157042842, "NRU": 0.4383136207653877, "NCL": 0.3414732003860702, "NIU": 0.4243823157042842, "MNP": 0.3963835442129997, "PLW": 0.4402061054705584, "PNG": 0.54178474676664, "PRI": 0.326721671396986, "KNA": 0.420631945634276, "LCA": 0.345925086502865, "VCT": 0.4187221979033742, "WSM": 0.484768760963474, "STP": 0.511565416497275, "SYC": 0.440909821996042, "SGP": 0.382975475363623, "SXM": 0.4331636252545164, "SLB": 0.585089035382551, "SUR": 0.384215311835287, "TLS": 0.50502797401495, "TON": 0.574317861034357, "TTO": 0.365755523261358, "TUV": 0.4390459019937708, "VIR": 0.3247915683420161, "VUT": 0.551853429462893, "CUW": 0.3445953668283946}}, "upperIntervals": {"2010": {"ASM": 0.4801881256765629, "ABW": 0.4585755937518913, "VGB": 0.4311317394744303, "PYF": 0.4468205850750916, "GUM": 0.430883181514555, "KIR": 0.5821883464052914, "MHL": 0.5377889998596325, "NRU": 0.5237047645768391, "NCL": 0.4489881308009747, "MNP": 0.4489049157785529, "PLW": 0.4760039124880446, "PRI": 0.4360369460510795, "VCT": 0.4631159629236238, "SXM": 0.4345332026298542, "TUV": 0.5538460638764566, "VIR": 0.4375885895534809, "AIA": 0.4509321332634495, "COK": 0.4509321332634495, "CUW": 0.4487700875686255, "MSR": 0.4509321332634495, "NIU": 0.4509321332634495}, "2011": {"ASM": 0.4935458288592375, "ABW": 0.4438625277660524, "VGB": 0.4773002978569471, "PYF": 0.4683059763792542, "GUM": 0.4691904560934658, "KIR": 0.5810297772341166, "MHL": 0.5895344298944776, "NRU": 0.5540911740354248, "NCL": 0.4683059763792542, "MNP": 0.4773487459786517, "PLW": 0.5097456839645358, "PRI": 0.4635625729190764, "VCT": 0.4728422486224398, "SXM": 0.4651851706699129, "TUV": 0.5604829764948012, "VIR": 0.4691906001652017, "AIA": 0.50335107897338, "COK": 0.50335107897338,