{"data": {"2010": {"ASM": 46.21398235876308, "ATG": 50.4982155766367, "ABW": 57.4997472698597, "BHS": 50.6588518119545, "BRB": 63.9041941167313, "BLZ": 43.4945786044786, "VGB": 53.15990574673632, "CPV": 48.5650368520168, "COM": 36.7298912082773, "CUB": 47.2476789417507, "DMA": 56.2148542429411, "DOM": 46.1879435733217, "FJI": 47.588029311589, "PYF": 52.38526060120847, "GRD": 54.1349267666956, "GUM": 55.6871460882648, "GNB": 29.0212615873336, "GUY": 40.319997457011, "HTI": 34.1494757963114, "JAM": 45.4533393361329, "KIR": 43.03687042072679, "MDV": 44.1190740871829, "MHL": 38.98752295492186, "MUS": 53.929312635895, "FSM": 37.5244728335826, "NRU": 55.637853995730936, "NCL": 56.96862052971553, "MNP": 55.27318124249326, "PLW": 49.30823769453321, "PNG": 35.9457323078584, "PRI": 59.90805319743116, "KNA": 55.3914081950745, "LCA": 55.0570829732735, "VCT": 53.95281513902584, "WSM": 45.3912783881996, "STP": 39.433037031132, "SYC": 47.4834394231076, "SGP": 68.375062494824, "SXM": 52.52123508876775, "SLB": 38.0337943442828, "SUR": 45.9011834052733, "TLS": 41.6955308966008, "TON": 40.5604975262189, "TTO": 48.0429880440143, "TUV": 50.023746688891535, "VIR": 61.2055248208608, "VUT": 40.0159696898647, "AIA": 49.81283966668391, "COK": 49.81283966668391, "CUW": 54.4640629051865, "MSR": 49.81283966668391, "NIU": 49.81283966668391}, "2011": {"ASM": 42.38510021824473, "ATG": 50.1854039112731, "ABW": 56.328126214261005, "BHS": 50.8341997648137, "BRB": 64.7102316323292, "BLZ": 43.1743395822292, "VGB": 54.77769114008274, "CPV": 49.5183912812444, "COM": 36.950998677003, "CUB": 45.8969240579592, "DMA": 55.8888913055092, "DOM": 46.2083565011298, "FJI": 48.1315889626347, "PYF": 54.12744782327523, "GRD": 54.7418294219287, "GUM": 56.69184812085326, "GNB": 29.3438836359672, "GUY": 40.7690862693824, "HTI": 33.9713730100686, "JAM": 46.1588412896932, "KIR": 45.49674141407316, "MDV": 43.8684244910665, "MHL": 40.40565166054683, "MUS": 54.7313658953725, "FSM": 37.3412144131517, "NRU": 57.69911118296331, "NCL": 54.31021330605365, "MNP": 56.85533537960379, "PLW": 50.05095560516975, "PNG": 36.5504914049468, "PRI": 60.2235446356284, "KNA": 55.5140587517282, "LCA": 55.1101778195237, "VCT": 54.34271178672654, "WSM": 45.7866358789206, "STP": 39.5671255925214, "SYC": 46.9348020590036, "SGP": 68.956783754283, "SXM": 49.19959624910578, "SLB": 38.4608292320058, "SUR": 46.3272321121878, "TLS": 42.669610893667, "TON": 42.1215138895056, "TTO": 48.3970813987028, "TUV": 55.84115648230792, "VIR": 60.44648969724245, "VUT": 40.6138190579495, "AIA": 47.25416771576594, "COK": 47.25416771576594, "CUW": 55.91676037514786, "MSR": 47.25416771576594, "NIU": 47.25416771576594}, "2012": {"ASM": 44.30766684833449, "AIA": 50.09677967138605, "ATG": 50.5809887964654, "ABW": 55.97925505141052, "BHS": 51.1644464158425, "BRB": 57.9045021799939, "BLZ": 43.5937324894293, "VGB": 55.368602296552965, "CPV": 49.1601664091341, "COM": 37.0501177462534, "COK": 50.09677967138605, "CUB": 45.6264423799688, "DMA": 55.3972244182565, "DOM": 46.5204280330558, "FJI": 48.0035430365177, "PYF": 51.82474523900098, "GRD": 55.1234913415776, "GUM": 59.26859638337599, "GNB": 30.1773098292728, "GUY": 40.9130203739505, "HTI": 34.3454759893031, "JAM": 46.2812558636718, "KIR": 45.40333595939317, "MDV": 44.2693282252285, "MHL": 45.97557838711985, "MUS": 55.2746850456158, "FSM": 37.5551874235899, "MSR": 50.09677967138605, "NRU": 57.323772868811474, "NCL": 51.98821056735074, "NIU": 50.09677967138605, "MNP": 55.577517867198594, "PLW": 50.6213824771918, "PNG": 36.7978491235299, "PRI": 59.31486128308419, "KNA": 55.8990686199438, "LCA": 54.8544399249413, "VCT": 55.10710819309051, "WSM": 46.769563763613, "STP": 41.1143788581598, "SYC": 48.2433100859078, "SGP": 69.4324581960171, "SXM": 51.43898530716636, "SLB": 38.3070479848879, "SUR": 46.2728696937446, "TLS": 43.0536932183093, "TON": 40.8342056460401, "TTO": 48.7716019396038, "TUV": 53.55128557348385, "VIR": 59.88891070783065, "VUT": 40.2209341850908, "CUW": 58.60425260979165}, "2013": {"ASM": 51.82430839774185, "AIA": 49.21300023749943, "ATG": 50.5306418829298, "ABW": 56.234805216021925, "BHS": 50.7469102561585, "BRB": 58.0983450209111, "BLZ": 45.9059956971366, "VGB": 62.26633937823164, "CPV": 49.0545059085898, "COM": 37.9000066049283, "COK": 49.21300023749943, "CUB": 44.745427407572, "DMA": 55.9963305059853, "DOM": 46.5083352666744, "FJI": 48.1438899655286, "PYF": 52.553112496392174, "GRD": 55.7345640986909, "GUM": 57.11212574876814, "GNB": 30.2855798104197, "GUY": 41.2980053071858, "HTI": 34.739253859935, "JAM": 47.0746541068457, "KIR": 43.81978657189203, "MDV": 43.9705549304108, "MHL": 44.41875951628193, "MUS": 55.535498625163, "FSM": 37.856091059701, "MSR": 49.21300023749943, "NRU": 54.41358877158572, "NCL": 52.15050434955312, "NIU": 49.21300023749943, "MNP": 54.98431926671691, "PLW": 52.05314375875652, "PNG": 36.5546668282875, "PRI": 61.58397038907235, "KNA": 56.5224397679783, "LCA": 55.3724505149519, "VCT": 54.81291838302541, "WSM": 45.8196835761466, "STP": 41.3484567201806, "SYC": 48.6365438962308, "SGP": 70.249286462499, "SXM": 49.95862766655936, "SLB": 39.3878749831288, "SUR": 46.6740914213665, "TLS": 43.4632223522824, "TON": 42.1330192838986, "TTO": 49.2549274691128, "TUV": 54.1515686945711, "VIR": 60.15493311021905, "VUT": 40.034403491555, "CUW": 53.77149843613392}, "2014": {"ASM": 50.18119343879656, "AIA": 50.05774741322427, "ATG": 49.7269379951765, "ABW": 55.337984426665805, "BHS": 51.0160735574879, "BRB": 57.7202463662013, "BLZ": 45.1813831382476, "VGB": 61.39180034735945, "CPV": 50.1695984617749, "COM": 38.7562862810874, "COK": 50.05774741322427, "CUB": 44.7975144434714, "DMA": 56.2518029445636, "DOM": 46.7569005130122, "FJI": 49.7035524132838, "PYF": 54.347575608665245, "GRD": 56.5972691882126, "GUM": 57.95529574452839, "GNB": 30.3980549409676, "GUY": 42.2055810848402, "HTI": 34.7803129923258, "JAM": 47.6301953595021, "KIR": 42.94180700602274, "MDV": 45.0993635998962, "MHL": 44.23400847372598, "MUS": 56.4048208945232, "FSM": 38.3434559294153, "MSR": 50.05774741322427, "NRU": 50.44787001310678, "NCL": 56.81562870063919, "NIU": 50.05774741322427, "MNP": 56.99458823833218, "PLW": 50.66189169689862, "PNG": 37.5157377282546, "PRI": 61.784327122741225, "KNA": 56.14052197193, "LCA": 55.5112137681356, "VCT": 55.10718067095135, "WSM": 47.2860507101544, "STP": 42.1482778396007, "SYC": 49.6986058747731, "SGP": 71.671610087257, "SXM": 49.61256861973577, "SLB": 40.1253737207872, "SUR": 46.8578406575101, "TLS": 44.3259250692511, "TON": 41.5753049363016, "TTO": 49.791076998721, "TUV": 58.046302870858135, "VIR": 61.86660877028818, "VUT": 40.957204418036, "CUW": 60.0498746114782}}, "upperIntervals": {"2010": {"ASM": 48.85797477156847, "ABW": 57.20245909032454, "VGB": 55.05998019698181, "PYF": 54.386100971941566, "GUM": 57.51394604576921, "KIR": 52.19906502258468, "MHL": 48.75828932618785, "NRU": 59.55956219121332, "NCL": 57.39840733274689, "MNP": 59.530955065559496, "PLW": 50.98923004593246, "PRI": 60.28290024298534, "VCT": 54.63105170335962, "SXM": 52.60111270165046, "TUV": 56.320857144357134, "VIR": 59.24207152920052, "AIA": 49.80726608735738, "COK": 49.80726608735738, "CUW": 53.97680904587694, "MSR": 49.80726608735738, "NIU": 49.80726608735738}, "2011": {"ASM": 48.68853951529847, "ABW": 54.718432603984574, "VGB": 55.52413974201964, "PYF": 54.14694161177665, "GUM": 57.66786269293696, "KIR": 52.4386513466043, "MHL": 48.73082482375345, "NRU": 57.33311886298984, "NCL": 55.06755167272487, "MNP": 57.51631074588733, "PLW": 50.42650790230663, "PRI": 60.90515505276445, "VCT": 53.16912003178573, "SXM": 51.67560608185244, "TUV": 55.790581050098, "VIR": 59.57590412140637, "AIA": 50.94657109418216, "COK": 50.94657109418216, "CUW": 57.21429693838734, "MSR": 50.94657109418216, "NIU": 50.94657109418216}, "2012": {"ASM": 51.54965856968128, "AIA": 51.4076553249733, "ABW": 52.81150724185617, "VGB": 56.01579966494922, "COK": 51.4076553249733, "PYF": 51.74188448335588, "GUM": 61.76573371234498, "KIR": 51.65170175922926,