{"data": {"2010": {"ASM": 0.475567390827716, "ATG": 0.485014716930283, "ABW": 0.451309703438174, "BHS": 0.449320447545943, "BRB": 0.651693383974354, "BLZ": 0.334715681416096, "VGB": 0.4861347052283982, "CPV": 0.397410755815868, "COM": 0.264216125449987, "CUB": 0.366342926612578, "DMA": 0.539674571117153, "DOM": 0.345577313412619, "FJI": 0.38348420933233, "PYF": 0.3890750302998111, "GRD": 0.464954246254875, "GUM": 0.4942846215798274, "GNB": 0.241948099418326, "GUY": 0.300153117222669, "HTI": 0.220698693584973, "JAM": 0.339788005836726, "KIR": 0.435866276554098, "MDV": 0.417459689732522, "MHL": 0.357668090781552, "MUS": 0.507869040472804, "FSM": 0.337007961639533, "NRU": 0.540795096674906, "NCL": 0.4289997760961271, "MNP": 0.5407456024016426, "PLW": 0.427219043322208, "PNG": 0.271785741462555, "PRI": 0.4831309931351467, "KNA": 0.529989841159896, "LCA": 0.465306816503215, "VCT": 0.4957692109399, "WSM": 0.39231665547223, "STP": 0.310509964133954, "SYC": 0.41157407288954, "SGP": 0.754290422060681, "SXM": 0.5060058632595398, "SLB": 0.35520479015887, "SUR": 0.308788196961839, "TLS": 0.361829002365499, "TON": 0.38699843775855, "TTO": 0.340297736490906, "TUV": 0.545016259266347, "VIR": 0.525625777095613, "VUT": 0.362851772591334, "AIA": 0.325004740256139, "COK": 0.325004740256139, "CUW": 0.4954848560172506, "MSR": 0.325004740256139, "NIU": 0.325004740256139}, "2011": {"ASM": 0.5393587145764493, "ATG": 0.478534929616741, "ABW": 0.5979703899051795, "BHS": 0.449984365671028, "BRB": 0.659988748632463, "BLZ": 0.32444338513007, "VGB": 0.5335312790485144, "CPV": 0.413202008968874, "COM": 0.268253756869498, "CUB": 0.349933293231446, "DMA": 0.535284961882699, "DOM": 0.341614136311953, "FJI": 0.396751783854396, "PYF": 0.4310798900732472, "GRD": 0.475669593972997, "GUM": 0.5822134767108245, "GNB": 0.241086068559295, "GUY": 0.297068356537032, "HTI": 0.217146940265687, "JAM": 0.351729098285341, "KIR": 0.432989600163326, "MDV": 0.411085365610449, "MHL": 0.365724588391706, "MUS": 0.515384380207148, "FSM": 0.332818391131542, "NRU": 0.523978492036803, "NCL": 0.452827952917639, "MNP": 0.5449694710639998, "PLW": 0.422586311348738, "PNG": 0.272215408356774, "PRI": 0.5499560260736241, "KNA": 0.536316050722302, "LCA": 0.465411216388811, "VCT": 0.498911017229164, "WSM": 0.404226373877093, "STP": 0.312357263122815, "SYC": 0.416110889839756, "SGP": 0.768083707110944, "SXM": 0.6527185087070574, "SLB": 0.361291048397471, "SUR": 0.31272602144094, "TLS": 0.371376316590478, "TON": 0.391944599325922, "TTO": 0.344768377395718, "TUV": 0.493903581409805, "VIR": 0.658954835454904, "VUT": 0.361085128013931, "AIA": 0.3229019776314243, "COK": 0.3229019776314243, "CUW": 0.4049938843707932, "MSR": 0.3229019776314243, "NIU": 0.3229019776314243}, "2012": {"ASM": 0.544955426838328, "AIA": 0.3659590259569125, "ATG": 0.487560407703233, "ABW": 0.5246102632176893, "BHS": 0.455165680361824, "BRB": 0.513875822738754, "BLZ": 0.330889288745347, "VGB": 0.5146330427271021, "CPV": 0.419803610992761, "COM": 0.269031035119997, "COK": 0.3659590259569125, "CUB": 0.331928203659792, "DMA": 0.528611089134214, "DOM": 0.350695110273375, "FJI": 0.393926741011799, "PYF": 0.5020495374375208, "GRD": 0.482536610787107, "GUM": 0.5295156280725817, "GNB": 0.245623112777916, "GUY": 0.29083133523326, "HTI": 0.225549222457748, "JAM": 0.3513781182794, "KIR": 0.431661551697125, "MDV": 0.407535321892302, "MHL": 0.363662823365705, "MUS": 0.518947776287349, "FSM": 0.337304074550485, "MSR": 0.3659590259569125, "NRU": 0.52691763211842, "NCL": 0.4689354655409093, "NIU": 0.3659590259569125, "MNP": 0.5885826037621406, "PLW": 0.425666673680875, "PNG": 0.274828348387359, "PRI": 0.4897195613210688, "KNA": 0.541729479754763, "LCA": 0.454031766180271, "VCT": 0.498498795609944, "WSM": 0.40756430556113, "STP": 0.340478097681416, "SYC": 0.416061207366975, "SGP": 0.776623380479085, "SXM": 0.5484996024814444, "SLB": 0.358439433898341, "SUR": 0.313448048007394, "TLS": 0.37339862917394, "TON": 0.392287449547103, "TTO": 0.343471502889234, "TUV": 0.503628543353302, "VIR": 0.5572557989192705, "VUT": 0.358630028445411, "CUW": 0.4268200981098888}, "2013": {"ASM": 0.4063618881908326, "AIA": 0.3627240131470028, "ATG": 0.481565930666113, "ABW": 0.5357370888183821, "BHS": 0.44631707771414, "BRB": 0.517910762537485, "BLZ": 0.333529723071248, "VGB": 0.5091877578577264, "CPV": 0.422398737071276, "COM": 0.284198885240625, "COK": 0.3627240131470028, "CUB": 0.315246251225271, "DMA": 0.536783678123223, "DOM": 0.350966879748256, "FJI": 0.391471486871458, "PYF": 0.4737038763267395, "GRD": 0.494261802896227, "GUM": 0.5466049411223214, "GNB": 0.244628819601568, "GUY": 0.297242296662881, "HTI": 0.232692254024425, "JAM": 0.363144914300582, "KIR": 0.434299644761678, "MDV": 0.397084441958681, "MHL": 0.370233729647363, "MUS": 0.526655985215549, "FSM": 0.340326568419035, "MSR": 0.3627240131470028, "NRU": 0.477629128710722, "NCL": 0.5246320789877579, "NIU": 0.3627240131470028, "MNP": 0.4837773527253357, "PLW": 0.427515810065716, "PNG": 0.275318953472922, "PRI": 0.5082724380225926, "KNA": 0.552630041344799, "LCA": 0.460376863949228, "VCT": 0.485265642615262, "WSM": 0.414346294388167, "STP": 0.342343305595198, "SYC": 0.426846098274915, "SGP": 0.790195684600142, "SXM": 0.5776164691983067, "SLB": 0.37585539772363, "SUR": 0.318717841399029, "TLS": 0.376216163543665, "TON": 0.397617732653053, "TTO": 0.351862581741057, "TUV": 0.498588930265113, "VIR": 0.5697189700708933, "VUT": 0.361201733929335, "CUW": 0.4381585756062575}, "2014": {"ASM": 0.4124127988382681, "AIA": 0.2956109901260961, "ATG": 0.456722421782363, "ABW": 0.5093487399606791, "BHS": 0.452035684070136, "BRB": 0.514500439157772, "BLZ": 0.333875314893668, "VGB": 0.5086289322749393, "CPV": 0.441656498943842, "COM": 0.299029889348935, "COK": 0.2956109901260961, "CUB": 0.316314969771636, "DMA": 0.542148449696059, "DOM": 0.362440305931044, "FJI": 0.421526460889324, "PYF": 0.4863233004450306, "GRD": 0.510271469141993, "GUM": 0.4909741540425328, "GNB": 0.258629542263413, "GUY": 0.310415474704263, "HTI": 0.232299265015713, "JAM": 0.373086474235262, "KIR": 0.442920992702608, "MDV": 0.41779173019517, "MHL": 0.374294299119367, "MUS": 0.538684713735127, "FSM": 0.349152427299013, "MSR": 0.2956109901260961, "NRU": 0.394791996842784, "NCL": 0.496904181419922, "NIU": 0.2956109901260961, "MNP": 0.4936915556800286, "PLW": 0.429479970921824, "PNG": 0.292099501331732, "PRI": 0.5314443850101637, "KNA": 0.543442385072877, "LCA": 0.456149361865576, "VCT": 0.490103116522151, "WSM": 0.430489775166561, "STP": 0.354530973289289, "SYC": 0.434881939491504, "SGP": 0.816407677108763, "SXM": 0.5253980716291442, "SLB": 0.387596509798294, "SUR": 0.32137212498549, "TLS": 0.391546475399973, "TON": 0.405823959760389, "TTO": 0.361577063235777, "TUV": 0.536199121488016, "VIR": 0.5348924515713628, "VUT": 0.370997517823613, "CUW": 0.5048370594580744}}, "upperIntervals": {"2010": {"ASM": 0.5045024267949193, "ABW": 0.4944288978433045, "VGB": 0.5337353559663979, "PYF": 0.4701556331908449, "GUM": 0.5803365038584757, "NCL": 0.4882723940823593, "MNP": 0.523566870181614, "PRI": 0.5504268874146518, "SXM": 0.649234798858746, "VIR": 0.5582077994689972, "AIA": 0.4343764621484323, "COK": 0.4343764621484323, "CUW": 0.6099928376930133, "MSR": 0.4343764621484323, "NIU": 0.4343764621484323}, "2011": {"ASM": 0.5115340693783864, "ABW": 0.6529884013953173, "VGB": 0.5454463474104317, "PYF": 0.5023120238897555, "GUM": 0.6622244097613552, "NCL": 0.4958119760133166, "MNP": 0.666095679957649, "PRI": 0.5478688987123355, "SXM": 0.721398326995134, "VIR": 0.6502591296903352, "AIA": 0.4273758884271115, "COK": 0.4273758884271115, "CUW": 0.5221773232399856, "MSR": 0.4273758884271115, "NIU": 0.4273758884271115}, "2012": {"ASM": 0.5554178498621287, "AIA": 0.4245657051110545, "ABW": 0.5920820698320097, "VGB": 0.4975060066236983, "COK": 0.4245657051110545, "PYF": 0.474972269808328, "GUM": 0.5596712493224203, "MSR": 0.4245657051110545, "NCL": 0.5340190069186299, "NIU": 0.4245657051110545,